Account,trade_date,total_daily_pnl,num_trades,wins,avg_size_used,avg_fee,win_rate,value,sentiment_class
0x083384f897ee0f19899168e3b1bec365f52a9012,2024-11-11,0.0,177,0,5089.718248587571,0.9480003107344632,0.0,76.0,Extreme Greed
0x083384f897ee0f19899168e3b1bec365f52a9012,2024-11-17,0.0,68,0,7976.664411764705,0.998288455882353,0.0,90.0,Extreme Greed
0x083384f897ee0f19899168e3b1bec365f52a9012,2024-11-18,0.0,40,0,23734.5,2.3734495750000004,0.0,83.0,Extreme Greed
0x083384f897ee0f19899168e3b1bec365f52a9012,2024-11-22,-21227.0,12,0,28186.666666666668,2.8186662499999997,0.0,94.0,Extreme Greed
0x083384f897ee0f19899168e3b1bec365f52a9012,2024-11-26,1603.1,27,12,17248.14814814815,3.874907037037037,0.4444444444444444,79.0,Extreme Greed
0x083384f897ee0f19899168e3b1bec365f52a9012,2024-11-28,-132271.0,82,0,16058.536341463414,1.6058532560975611,0.0,77.0,Extreme Greed
0x083384f897ee0f19899168e3b1bec365f52a9012,2024-11-30,0.0,23,0,48561.68565217392,16.996589260869566,0.0,84.0,Extreme Greed
0x083384f897ee0f19899168e3b1bec365f52a9012,2024-12-06,-175611.00005600002,33,0,36736.36242424243,3.673636121212121,0.0,72.0,Greed
0x083384f897ee0f19899168e3b1bec365f52a9012,2025-01-19,71393.964098,465,23,11410.954021505377,1.6781428817204302,0.04946236559139785,77.0,Extreme Greed
0x083384f897ee0f19899168e3b1bec365f52a9012,2025-01-20,40218.599998,51,28,9400.588039215687,0.4700292745098039,0.5490196078431373,76.0,Extreme Greed
0x083384f897ee0f19899168e3b1bec365f52a9012,2025-02-02,76710.0,10,9,185847.0,9.2923496,0.9,60.0,Greed
0x083384f897ee0f19899168e3b1bec365f52a9012,2025-02-03,101011.685664,839,256,23593.019856972587,2.8069586364719905,0.30512514898688914,44.0,Fear
0x083384f897ee0f19899168e3b1bec365f52a9012,2025-02-04,375620.270243,531,83,10576.687156308852,1.3261758380414312,0.15630885122410546,72.0,Greed
0x083384f897ee0f19899168e3b1bec365f52a9012,2025-02-05,44400.9058,210,78,26585.06338095238,3.3338170333333332,0.37142857142857144,54.0,Neutral
0x083384f897ee0f19899168e3b1bec365f52a9012,2025-02-09,30897.0887,141,132,10161.056241134751,0.0,0.9361702127659575,46.0,Neutral
0x083384f897ee0f19899168e3b1bec365f52a9012,2025-02-10,55086.0,48,16,32032.5,0.0,0.3333333333333333,43.0,Fear
0x083384f897ee0f19899168e3b1bec365f52a9012,2025-02-11,0.0,6,0,134600.00166666668,0.0,0.0,47.0,Neutral
0x083384f897ee0f19899168e3b1bec365f52a9012,2025-02-24,10152.12224,59,31,27178.041694915253,9.512314118644069,0.5254237288135594,49.0,Neutral
0x083384f897ee0f19899168e3b1bec365f52a9012,2025-02-25,115445.395538,219,93,13233.776894977169,2.5383048447488585,0.4246575342465753,25.0,Fear
0x083384f897ee0f19899168e3b1bec365f52a9012,2025-02-28,115287.0,55,1,24958.908545454546,2.4958904545454548,0.01818181818181818,16.0,Extreme Fear
0x083384f897ee0f19899168e3b1bec365f52a9012,2025-03-01,9482.221441,45,36,2985.797555555556,0.14928933333333333,0.8,20.0,Extreme Fear
0x083384f897ee0f19899168e3b1bec365f52a9012,2025-03-03,533974.662903,641,540,8371.136099843994,0.4185563572542902,0.8424336973478939,33.0,Fear
0x083384f897ee0f19899168e3b1bec365f52a9012,2025-03-24,40200.0,5,4,79640.0,7.963999599999999,0.8,45.0,Neutral
0x083384f897ee0f19899168e3b1bec365f52a9012,2025-04-12,307855.80341,31,31,21491.640322580646,2.149163548387097,1.0,43.0,Fear
0x23e7a7f8d14b550961925fbfdaa92f5d195ba5bd,2024-11-30,11715.94323,55,46,2469.9509090909087,0.6305604361818182,0.8363636363636363,84.0,Extreme Greed
0x23e7a7f8d14b550961925fbfdaa92f5d195ba5bd,2024-12-01,0.0,1,0,0.06,0.0,0.0,81.0,Extreme Greed
0x23e7a7f8d14b550961925fbfdaa92f5d195ba5bd,2024-12-06,0.0,34,0,1426.8700000000001,0.03872612411764706,0.0,72.0,Greed
0x23e7a7f8d14b550961925fbfdaa92f5d195ba5bd,2024-12-07,3515.031065,26,25,2001.101153846154,0.20010953846153845,0.9615384615384616,75.0,Extreme Greed
0x23e7a7f8d14b550961925fbfdaa92f5d195ba5bd,2024-12-09,0.0,46,0,1131.888695652174,0.031267971739130436,0.0,78.0,Extreme Greed
0x23e7a7f8d14b550961925fbfdaa92f5d195ba5bd,2024-12-10,2517.787385,64,63,852.88625,0.29850940625,0.984375,78.0,Extreme Greed
0x23e7a7f8d14b550961925fbfdaa92f5d195ba5bd,2024-12-18,1613.165903,59,15,1913.523898305085,0.3527898672881356,0.2542372881355932,81.0,Extreme Greed
0x23e7a7f8d14b550961925fbfdaa92f5d195ba5bd,2024-12-19,0.0,1,0,0.11,0.0,0.0,75.0,Extreme Greed
0x23e7a7f8d14b550961925fbfdaa92f5d195ba5bd,2024-12-20,1245.51851,34,21,10051.199411764705,3.517919411764706,0.6176470588235294,74.0,Greed
0x23e7a7f8d14b550961925fbfdaa92f5d195ba5bd,2025-01-13,0.0,13,0,2845.9646153846156,4.731560769230769,0.0,61.0,Greed
0x23e7a7f8d14b550961925fbfdaa92f5d195ba5bd,2025-01-17,4493.232479,17,17,2440.6282352941175,0.8542195294117647,1.0,75.0,Extreme Greed
0x23e7a7f8d14b550961925fbfdaa92f5d195ba5bd,2025-01-18,1047.030992,39,28,2154.3915384615384,2.2857574615384615,0.717948717948718,77.0,Extreme Greed
0x23e7a7f8d14b550961925fbfdaa92f5d195ba5bd,2025-01-19,4842.054317,124,80,2194.294758064516,1.0077556223387096,0.6451612903225806,77.0,Extreme Greed
0x23e7a7f8d14b550961925fbfdaa92f5d195ba5bd,2025-01-24,1693.493165,339,198,1737.369557522124,0.31875333985250737,0.584070796460177,75.0,Extreme Greed
0x23e7a7f8d14b550961925fbfdaa92f5d195ba5bd,2025-01-25,4221.156399,54,4,2398.331666666667,0.44917774537037036,0.07407407407407407,75.0,Extreme Greed
0x23e7a7f8d14b550961925fbfdaa92f5d195ba5bd,2025-01-27,0.0,44,0,1519.465681818182,0.024074566363636363,0.0,71.0,Greed
0x23e7a7f8d14b550961925fbfdaa92f5d195ba5bd,2025-01-28,6899.2458320000005,56,56,1317.0667857142857,0.46097271428571424,1.0,72.0,Greed
0x23e7a7f8d14b550961925fbfdaa92f5d195ba5bd,2025-01-29,0.0,46,0,1602.9452173913044,0.02539467913043478,0.0,72.0,Greed
0x23e7a7f8d14b550961925fbfdaa92f5d195ba5bd,2025-01-30,7372.485101,55,55,1474.6896363636365,0.5161406363636364,1.0,70.0,Greed
0x23e7a7f8d14b550961925fbfdaa92f5d195ba5bd,2025-02-01,1162.002541,78,25,2094.719358974359,0.3833807535897436,0.32051282051282054,68.0,Greed
0x23e7a7f8d14b550961925fbfdaa92f5d195ba5bd,2025-02-02,6352.452613,517,233,2792.42166344294,0.9424699004255319,0.4506769825918762,60.0,Greed
0x23e7a7f8d14b550961925fbfdaa92f5d195ba5bd,2025-02-11,-12346.990829,124,0,612.1092741935485,0.21423766935483873,0.0,47.0,Neutral
0x23e7a7f8d14b550961925fbfdaa92f5d195ba5bd,2025-02-12,355.5854,159,127,2687.4032704402516,0.9405905849056603,0.7987421383647799,46.0,Neutral
0x23e7a7f8d14b550961925fbfdaa92f5d195ba5bd,2025-02-24,1129.8489260000001,160,52,1641.2224999999999,0.2137232920625,0.325,49.0,Neutral
0x23e7a7f8d14b550961925fbfdaa92f5d195ba5bd,2025-02-25,-6820.76955,1,0,82910.81,29.018782,0.0,25.0,Fear
0x23e7a7f8d14b550961925fbfdaa92f5d195ba5bd,2025-02-28,0.0,52,0,1462.824423076923,0.026023482307692306,0.0,16.0,Extreme Fear
0x23e7a7f8d14b550961925fbfdaa92f5d195ba5bd,2025-03-03,2480.902379,110,50,1999.099181818182,0.48642267927272725,0.45454545454545453,33.0,Fear
0x23e7a7f8d14b550961925fbfdaa92f5d195ba5bd,2025-03-04,-3169.3554679999997,65,0,1756.5103076923076,0.3181134329230769,0.0,15.0,Extreme Fear
0x23e7a7f8d14b550961925fbfdaa92f5d195ba5bd,2025-03-07,0.0,37,0,1499.4978378378378,0.03413309972972973,0.0,34.0,Fear
0x23e7a7f8d14b550961925fbfdaa92f5d195ba5bd,2025-03-08,2099.019688,47,47,1225.1170212765958,0.42879044680851064,1.0,28.0,Fear
0x23e7a7f8d14b550961925fbfdaa92f5d195ba5bd,2025-03-09,656.540742,65,57,2676.518153846154,0.3402282333846154,0.8769230769230769,27.0,Fear
0x23e7a7f8d14b550961925fbfdaa92f5d195ba5bd,2025-03-10,-1065.797583,53,51,3326.2756603773582,0.778489678490566,0.9622641509433962,20.0,Extreme Fear
0x23e7a7f8d14b550961925fbfdaa92f5d195ba5bd,2025-03-12,1591.753271,53,52,2184.328113207547,0.3954918490566038,0.9811320754716981,34.0,Fear
0x23e7a7f8d14b550961925fbfdaa92f5d195ba5bd,2025-03-13,-2315.377191,27,0,4259.311481481482,0.7506783318518517,0.0,45.0,Neutral
0x23e7a7f8d14b550961925fbfdaa92f5d195ba5bd,2025-03-28,0.0,42,0,1460.115,0.03677421261904762,0.0,44.0,Fear
0x23e7a7f8d14b550961925fbfdaa92f5d195ba5bd,2025-03-29,-5018.466447,97,0,580.479381443299,0.20316720618556702,0.0,26.0,Fear
0x23e7a7f8d14b550961925fbfdaa92f5d195ba5bd,2025-03-31,716.143949,155,83,730.8744516129032,0.13501698077419355,0.535483870967742,34.0,Fear
0x23e7a7f8d14b550961925fbfdaa92f5d195ba5bd,2025-04-03,0.0,1,0,54768.6,0.456405,0.0,25.0,Fear
0x23e7a7f8d14b550961925fbfdaa92f5d195ba5bd,2025-04-15,0.0,1,0,16.37,0.00035346,0.0,38.0,Fear
0x23e7a7f8d14b550961925fbfdaa92f5d195ba5bd,2025-04-16,-95.985744,88,1,780.4484090909092,0.2731563409090909,0.011363636363636364,29.0,Fear
0x23e7a7f8d14b550961925fbfdaa92f5d195ba5bd,2025-04-17,-133.41237,125,20,730.92608,0.255823608,0.16,30.0,Fear
0x23e7a7f8d14b550961925fbfdaa92f5d195ba5bd,2025-04-18,951.934443,689,301,766.7829027576198,0.1877069588824383,0.43686502177068215,33.0,Fear
0x23e7a7f8d14b550961925fbfdaa92f5d195ba5bd,2025-04-19,371.503,411,297,552.0850851581508,0.12413788683698296,0.7226277372262774,32.0,Fear
0x23e7a7f8d14b550961925fbfdaa92f5d195ba5bd,2025-04-20,-1892.58947,603,249,963.6022222222223,0.1987989823548922,0.4129353233830846,37.0,Fear
0x23e7a7f8d14b550961925fbfdaa92f5d195ba5bd,2025-04-21,3434.689308,97,97,887.6931958762888,0.3106920412371134,1.0,39.0,Fear
0x23e7a7f8d14b550961925fbfdaa92f5d195ba5bd,2025-04-23,2654.14315,568,336,2593.2515492957746,0.3485265176056338,0.5915492957746479,72.0,Greed
0x23e7a7f8d14b550961925fbfdaa92f5d195ba5bd,2025-04-24,1867.252909,680,333,1679.7829852941175,0.2766250705882353,0.48970588235294116,63.0,Greed
0x23e7a7f8d14b550961925fbfdaa92f5d195ba5bd,2025-04-25,1969.39321,330,40,3782.839757575757,0.5970806766060607,0.12121212121212122,60.0,Greed
0x23e7a7f8d14b550961925fbfdaa92f5d195ba5bd,2025-04-26,-4648.8710550000005,338,0,284.5678402366864,0.050047639053254434,0.0,65.0,Greed
0x23e7a7f8d14b550961925fbfdaa92f5d195ba5bd,2025-04-27,0.0,67,0,1435.3307462686569,0.003987029850746269,0.0,61.0,Greed
0x23e7a7f8d14b550961925fbfdaa92f5d195ba5bd,2025-04-30,5179.772745,83,83,1221.0467469879518,0.3663135421686747,1.0,56.0,Greed
0x23e7a7f8d14b550961925fbfdaa92f5d195ba5bd,2025-05-01,1243.853569,250,81,815.50576,0.1241219668,0.324,53.0,Neutral
0x271b280974205ca63b716753467d5a371de622ab,2024-07-15,-1.0,5,0,6070.2,2.0395864,0.0,52.0,Neutral
0x271b280974205ca63b716753467d5a371de622ab,2024-11-29,1584.342755,1,1,1584.35,0.53234,1.0,78.0,Extreme Greed
0x271b280974205ca63b716753467d5a371de622ab,2024-12-05,208.81746,4,3,39530.9875,8.53242775,0.75,84.0,Extreme Greed
0x271b280974205ca63b716753467d5a371de622ab,2025-04-09,16706.884912,797,300,6131.710464240904,1.4819763299874529,0.37641154328732745,18.0,Extreme Fear
0x271b280974205ca63b716753467d5a371de622ab,2025-04-10,13264.043303999999,339,189,21898.95651917404,7.265669383480826,0.5575221238938053,39.0,Fear
0x271b280974205ca63b716753467d5a371de622ab,2025-04-19,5942.547242,313,40,8678.024504792333,2.3005792747603833,0.12779552715654952,32.0,Fear
0x271b280974205ca63b716753467d5a371de622ab,2025-04-20,8277.307357,863,424,3079.8473348783314,0.7134004252607185,0.49130938586326767,37.0,Fear
0x271b280974205ca63b716753467d5a371de622ab,2025-04-21,2638.012587,353,61,1965.9329745042492,0.3343750849858357,0.17280453257790368,39.0,Fear
0x271b280974205ca63b716753467d5a371de622ab,2025-04-22,-19037.340561,594,0,8110.89095959596,2.3196222525252526,0.0,47.0,Neutral
0x271b280974205ca63b716753467d5a371de622ab,2025-04-23,-108176.9187,469,66,20030.785479744136,5.302883936034115,0.14072494669509594,72.0,Greed
0x271b280974205ca63b716753467d5a371de622ab,2025-04-24,8157.112326,70,66,15603.565285714287,3.9033906000000003,0.9428571428571428,63.0,Greed
0x271b280974205ca63b716753467d5a371de622ab,2025-04-25,0.0,1,0,0.17,0.0,0.0,60.0,Greed
0x28736f43f1e871e6aa8b1148d38d4994275d72c4,2024-11-16,159.100072,93,16,373.7049462365591,0.11041802150537636,0.17204301075268819,86.0,Extreme Greed
0x28736f43f1e871e6aa8b1148d38d4994275d72c4,2024-11-17,161.289904,95,34,353.5228421052631,0.1079118842105263,0.35789473684210527,90.0,Extreme Greed
0x28736f43f1e871e6aa8b1148d38d4994275d72c4,2024-11-18,147.410285,162,67,666.941975308642,0.23127040740740742,0.41358024691358025,83.0,Extreme Greed
0x28736f43f1e871e6aa8b1148d38d4994275d72c4,2024-11-19,233.36546,213,104,895.9638028169014,0.3136932535211268,0.48826291079812206,90.0,Extreme Greed
0x28736f43f1e871e6aa8b1148d38d4994275d72c4,2024-11-20,-316.245208,407,141,2149.553218673219,0.7329540909090909,0.3464373464373464,83.0,Extreme Greed
0x28736f43f1e871e6aa8b1148d38d4994275d72c4,2024-11-21,780.001314,446,156,729.007130044843,0.2503339955156951,0.34977578475336324,82.0,Extreme Greed
0x28736f43f1e871e6aa8b1148d38d4994275d72c4,2024-11-22,141.21958999999998,433,135,422.0099076212471,0.1436539284064665,0.3117782909930716,94.0,Extreme Greed
0x28736f43f1e871e6aa8b1148d38d4994275d72c4,2024-11-23,673.6312,156,63,333.45923076923077,0.11394887820512821,0.40384615384615385,93.0,Extreme Greed
0x28736f43f1e871e6aa8b1148d38d4994275d72c4,2024-11-24,108.321127,69,29,200.7391304347826,0.06478034782608696,0.42028985507246375,80.0,Extreme Greed
0x28736f43f1e871e6aa8b1148d38d4994275d72c4,2024-11-25,464.281002,225,95,324.3673333333333,0.10867223555555557,0.4222222222222222,82.0,Extreme Greed
0x28736f43f1e871e6aa8b1148d38d4994275d72c4,2024-11-26,-508.290641,217,76,1012.5778341013826,0.3480340599078341,0.35023041474654376,79.0,Extreme Greed
0x28736f43f1e871e6aa8b1148d38d4994275d72c4,2024-11-27,193.66415899999998,169,74,1110.83224852071,0.37136686982248523,0.4378698224852071,75.0,Extreme Greed
0x28736f43f1e871e6aa8b1148d38d4994275d72c4,2024-11-28,165.532644,207,78,946.0768115942029,0.3250520917874396,0.37681159420289856,77.0,Extreme Greed
0x28736f43f1e871e6aa8b1148d38d4994275d72c4,2024-11-29,9551.73423,206,92,388.948786407767,0.14181302791262138,0.44660194174757284,78.0,Extreme Greed
0x28736f43f1e871e6aa8b1148d38d4994275d72c4,2024-11-30,5590.528248,154,71,315.52253246753247,0.11540693584415583,0.461038961038961,84.0,Extreme Greed
0x28736f43f1e871e6aa8b1148d38d4994275d72c4,2024-12-01,4458.25495,193,97,247.12725388601035,0.08344802813471502,0.5025906735751295,81.0,Extreme Greed
0x28736f43f1e871e6aa8b1148d38d4994275d72c4,2024-12-02,1283.846047,140,73,140.36935714285713,0.04506769457142857,0.5214285714285715,80.0,Extreme Greed
0x28736f43f1e871e6aa8b1148d38d4994275d72c4,2024-12-03,1190.358719,78,37,92.37217948717948,0.03824139743589744,0.47435897435897434,76.0,Extreme Greed
0x28736f43f1e871e6aa8b1148d38d4994275d72c4,2024-12-04,9066.169646,112,60,165.78285714285715,0.06453334133928572,0.5357142857142857,78.0,Extreme Greed
0x28736f43f1e871e6aa8b1148d38d4994275d72c4,2024-12-05,14685.787664,98,48,259.2459183673469,0.09516680530612245,0.4897959183673469,84.0,Extreme Greed
0x28736f43f1e871e6aa8b1148d38d4994275d72c4,2024-12-06,389.176232,69,16,129.80536231884057,0.04213746376811594,0.2318840579710145,72.0,Greed
0x28736f43f1e871e6aa8b1148d38d4994275d72c4,2024-12-07,4008.012049,86,36,159.67825581395348,0.04265406697674419,0.4186046511627907,75.0,Extreme Greed
0x28736f43f1e871e6aa8b1148d38d4994275d72c4,2024-12-08,554.009942,102,43,77.67176470588235,0.027584586666666668,0.4215686274509804,79.0,Extreme Greed
0x28736f43f1e871e6aa8b1148d38d4994275d72c4,2024-12-09,768.430838,213,126,88.1318309859155,0.03188798314553991,0.5915492957746479,78.0,Extreme Greed
0x28736f43f1e871e6aa8b1148d38d4994275d72c4,2024-12-10,980.557461,157,106,119.62222929936306,0.03704529643312102,0.6751592356687898,78.0,Extreme Greed
0x28736f43f1e871e6aa8b1148d38d4994275d72c4,2024-12-11,1582.001112,93,32,124.41204301075268,0.044312075268817204,0.34408602150537637,74.0,Greed
0x28736f43f1e871e6aa8b1148d38d4994275d72c4,2024-12-12,5806.86932,147,82,150.14530612244897,0.047611308979591836,0.5578231292517006,83.0,Extreme Greed
0x28736f43f1e871e6aa8b1148d38d4994275d72c4,2024-12-13,1522.284412,155,71,88.59193548387097,0.040318781419354834,0.45806451612903226,76.0,Extreme Greed
0x28736f43f1e871e6aa8b1148d38d4994275d72c4,2024-12-14,13281.73126,154,119,187.5361038961039,0.064015512987013,0.7727272727272727,83.0,Extreme Greed
0x28736f43f1e871e6aa8b1148d38d4994275d72c4,2024-12-15,5389.96219,137,68,125.00722627737227,0.04766361605839416,0.49635036496350365,80.0,Extreme Greed
0x28736f43f1e871e6aa8b1148d38d4994275d72c4,2024-12-16,13190.248859,230,154,131.2383043478261,0.07363882430434782,0.6695652173913044,83.0,Extreme Greed
0x28736f43f1e871e6aa8b1148d38d4994275d72c4,2024-12-17,4454.939378,181,78,112.67668508287292,0.03705232226519337,0.430939226519337,87.0,Extreme Greed
0x28736f43f1e871e6aa8b1148d38d4994275d72c4,2024-12-18,3624.489655,191,80,124.92068062827224,0.03716406387434555,0.418848167539267,81.0,Extreme Greed
0x28736f43f1e871e6aa8b1148d38d4994275d72c4,2024-12-19,1525.329937,204,80,197.00485294117647,0.06786303715686275,0.39215686274509803,75.0,Extreme Greed
0x28736f43f1e871e6aa8b1148d38d4994275d72c4,2024-12-20,7812.716373,194,111,289.6046907216495,0.10388827139175258,0.5721649484536082,74.0,Greed
0x28736f43f1e871e6aa8b1148d38d4994275d72c4,2024-12-21,7465.899936,107,54,215.33785046728974,0.07641891570093458,0.5046728971962616,73.0,Greed
0x28736f43f1e871e6aa8b1148d38d4994275d72c4,2024-12-22,1174.025529,79,41,174.83481012658228,0.06049524443037975,0.5189873417721519,73.0,Greed
0x28736f43f1e871e6aa8b1148d38d4994275d72c4,2024-12-23,122.889996,95,29,212.30473684210526,0.07776153168421053,0.30526315789473685,70.0,Greed
0x28736f43f1e871e6aa8b1148d38d4994275d72c4,2024-12-24,1555.956456,48,15,282.42354166666667,0.08272185354166667,0.3125,73.0,Greed
0x28736f43f1e871e6aa8b1148d38d4994275d72c4,2024-12-25,1530.919365,66,30,284.1157575757576,0.10182130227272727,0.45454545454545453,73.0,Greed
0x28736f43f1e871e6aa8b1148d38d4994275d72c4,2024-12-26,101.860928,84,28,223.8904761904762,0.0756806094047619,0.3333333333333333,79.0,Extreme Greed
0x28736f43f1e871e6aa8b1148d38d4994275d72c4,2024-12-27,388.366016,73,26,221.81794520547948,0.08068506,0.3561643835616438,74.0,Greed
0x28736f43f1e871e6aa8b1148d38d4994275d72c4,2024-12-28,506.512551,63,23,166.3415873015873,0.05758069634920635,0.36507936507936506,72.0,Greed
0x28736f43f1e871e6aa8b1148d38d4994275d72c4,2024-12-29,115.51218300000001,34,17,140.99176470588236,0.04924379382352941,0.5,73.0,Greed
0x28736f43f1e871e6aa8b1148d38d4994275d72c4,2024-12-30,255.808312,125,42,455.63544,0.12751833896,0.336,65.0,Greed
0x28736f43f1e871e6aa8b1148d38d4994275d72c4,2024-12-31,496.221792,107,32,1121.107570093458,0.34668068588785045,0.29906542056074764,64.0,Greed
0x28736f43f1e871e6aa8b1148d38d4994275d72c4,2025-01-01,109.82694000000001,59,21,263.3476271186441,0.07130230983050848,0.3559322033898305,66.0,Greed
0x28736f43f1e871e6aa8b1148d38d4994275d72c4,2025-01-02,416.546688,101,46,217.69336633663366,0.07639491089108912,0.45544554455445546,70.0,Greed
0x28736f43f1e871e6aa8b1148d38d4994275d72c4,2025-01-03,250.581483,69,36,217.15115942028987,0.07561736144927536,0.5217391304347826,74.0,Greed
0x28736f43f1e871e6aa8b1148d38d4994275d72c4,2025-01-04,232.66549799999999,81,40,156.68296296296296,0.054952098765432104,0.49382716049382713,73.0,Greed
0x28736f43f1e871e6aa8b1148d38d4994275d72c4,2025-01-05,87.752181,82,44,101.1840243902439,0.03541392682926829,0.5365853658536586,72.0,Greed
0x28736f43f1e871e6aa8b1148d38d4994275d72c4,2025-01-06,114.68421000000001,80,21,82.075375,0.0272598,0.2625,76.0,Extreme Greed
0x28736f43f1e871e6aa8b1148d38d4994275d72c4,2025-01-07,267.846227,103,72,103.70087378640777,0.03730315844660194,0.6990291262135923,78.0,Extreme Greed
0x28736f43f1e871e6aa8b1148d38d4994275d72c4,2025-01-08,651.469355,149,85,489.99302013422823,0.1719768709395973,0.5704697986577181,70.0,Greed
0x28736f43f1e871e6aa8b1148d38d4994275d72c4,2025-01-09,571.688942,103,49,728.4078640776698,0.2585338923300971,0.47572815533980584,69.0,Greed
0x28736f43f1e871e6aa8b1148d38d4994275d72c4,2025-01-10,401.706348,84,37,522.1204761904762,0.15398165476190476,0.44047619047619047,50.0,Neutral
0x28736f43f1e871e6aa8b1148d38d4994275d72c4,2025-01-11,157.228232,37,16,484.2756756756757,0.16949613513513515,0.43243243243243246,69.0,Greed
0x28736f43f1e871e6aa8b1148d38d4994275d72c4,2025-01-12,274.773033,63,39,446.3861904761905,0.1516171188888889,0.6190476190476191,62.0,Greed
0x28736f43f1e871e6aa8b1148d38d4994275d72c4,2025-01-13,53.846609,61,19,561.3780327868852,0.17543305524590164,0.3114754098360656,61.0,Greed
0x28736f43f1e871e6aa8b1148d38d4994275d72c4,2025-01-14,894.564828,42,34,995.6730952380951,0.2776154761904762,0.8095238095238095,63.0,Greed
0x28736f43f1e871e6aa8b1148d38d4994275d72c4,2025-01-15,55.137803,19,8,240.01052631578946,0.06752984105263157,0.42105263157894735,70.0,Greed
0x28736f43f1e871e6aa8b1148d38d4994275d72c4,2025-01-16,238.995461,87,28,136.35540229885058,0.0492726091954023,0.3218390804597701,75.0,Extreme Greed
0x28736f43f1e871e6aa8b1148d38d4994275d72c4,2025-01-17,168.92152,70,35,118.53914285714285,0.04199828571428572,0.5,75.0,Extreme Greed
0x28736f43f1e871e6aa8b1148d38d4994275d72c4,2025-01-18,594.135892,259,105,195.20691119691122,0.0606788432046332,0.40540540540540543,77.0,Extreme Greed
0x28736f43f1e871e6aa8b1148d38d4994275d72c4,2025-01-19,102.504343,184,79,155.71684782608696,0.052017794836956524,0.42934782608695654,77.0,Extreme Greed
0x28736f43f1e871e6aa8b1148d38d4994275d72c4,2025-01-20,608.885905,169,69,169.7668047337278,0.06684638218934912,0.40828402366863903,76.0,Extreme Greed
0x28736f43f1e871e6aa8b1148d38d4994275d72c4,2025-01-21,428.3738,94,46,262.3486170212766,0.10599738212765958,0.48936170212765956,76.0,Extreme Greed
0x28736f43f1e871e6aa8b1148d38d4994275d72c4,2025-01-22,589.467131,112,51,120.82616071428572,0.04259640107142858,0.45535714285714285,84.0,Extreme Greed
0x28736f43f1e871e6aa8b1148d38d4994275d72c4,2025-01-23,229.609892,122,57,128.88065573770493,0.04088873663934427,0.4672131147540984,75.0,Extreme Greed
0x28736f43f1e871e6aa8b1148d38d4994275d72c4,2025-01-24,347.22838,120,60,145.0465,0.053880391,0.5,75.0,Extreme Greed
0x28736f43f1e871e6aa8b1148d38d4994275d72c4,2025-01-25,124.70498799999999,118,47,241.47220338983053,0.09328298186440678,0.3983050847457627,75.0,Extreme Greed
0x28736f43f1e871e6aa8b1148d38d4994275d72c4,2025-01-26,273.211119,106,48,334.20924528301884,0.10739085849056604,0.4528301886792453,73.0,Greed
0x28736f43f1e871e6aa8b1148d38d4994275d72c4,2025-01-27,838.930696,268,114,1223.7995522388057,0.44062005354477607,0.4253731343283582,71.0,Greed
0x28736f43f1e871e6aa8b1148d38d4994275d72c4,2025-01-28,1019.55769,151,75,624.2161589403973,0.21329162894039735,0.4966887417218543,72.0,Greed
0x28736f43f1e871e6aa8b1148d38d4994275d72c4,2025-01-29,152.618804,42,21,340.8880952380952,0.11337078571428572,0.5,72.0,Greed
0x28736f43f1e871e6aa8b1148d38d4994275d72c4,2025-01-30,1234.2072,86,55,394.06465116279065,0.1403414176744186,0.6395348837209303,70.0,Greed
0x28736f43f1e871e6aa8b1148d38d4994275d72c4,2025-01-31,755.916254,49,38,374.2630612244898,0.1309915918367347,0.7755102040816326,76.0,Extreme Greed
0x28736f43f1e871e6aa8b1148d38d4994275d72c4,2025-02-01,3.536668000000001,51,21,1057.5154901960784,0.36990150941176475,0.4117647058823529,68.0,Greed
0x28736f43f1e871e6aa8b1148d38d4994275d72c4,2025-02-02,-1416.906536,91,5,1328.6620879120878,0.3882103945054945,0.054945054945054944,60.0,Greed
0x28736f43f1e871e6aa8b1148d38d4994275d72c4,2025-02-03,439.634046,75,45,1251.5914666666667,0.26239501,0.6,44.0,Fear
0x28736f43f1e871e6aa8b1148d38d4994275d72c4,2025-02-04,1291.500575,48,17,1139.6597916666667,0.24322943708333333,0.3541666666666667,72.0,Greed
0x28736f43f1e871e6aa8b1148d38d4994275d72c4,2025-02-05,696.8107239999999,83,37,912.4063855421687,0.2720778554216867,0.4457831325301205,54.0,Neutral
0x28736f43f1e871e6aa8b1148d38d4994275d72c4,2025-02-06,358.877096,45,17,1453.7044444444446,0.2851007217777778,0.37777777777777777,49.0,Neutral
0x28736f43f1e871e6aa8b1148d38d4994275d72c4,2025-02-07,932.4458159999999,54,36,596.832037037037,0.1656863498148148,0.6666666666666666,44.0,Fear
0x28736f43f1e871e6aa8b1148d38d4994275d72c4,2025-02-08,0.0,32,0,630.2528125,0.20379603875,0.0,44.0,Fear
0x28736f43f1e871e6aa8b1148d38d4994275d72c4,2025-02-09,31.14195,17,11,685.0323529411764,0.23976094117647057,0.6470588235294118,46.0,Neutral
0x28736f43f1e871e6aa8b1148d38d4994275d72c4,2025-02-10,436.833818,43,29,1075.9925581395348,0.26335101093023255,0.6744186046511628,43.0,Fear
0x28736f43f1e871e6aa8b1148d38d4994275d72c4,2025-02-11,593.326371,41,19,984.2039024390244,0.25546868097560976,0.4634146341463415,47.0,Neutral
0x28736f43f1e871e6aa8b1148d38d4994275d72c4,2025-02-12,198.780392,59,27,717.646779661017,0.18528382661016948,0.4576271186440678,46.0,Neutral
0x28736f43f1e871e6aa8b1148d38d4994275d72c4,2025-02-13,287.27875,42,21,647.7471428571429,0.17653365357142856,0.5,50.0,Neutral
0x28736f43f1e871e6aa8b1148d38d4994275d72c4,2025-02-14,404.813032,47,37,536.6263829787234,0.15074492404255319,0.7872340425531915,48.0,Neutral
0x28736f43f1e871e6aa8b1148d38d4994275d72c4,2025-02-15,64.653448,9,8,257.83222222222224,0.04277759666666667,0.8888888888888888,50.0,Neutral
0x28736f43f1e871e6aa8b1148d38d4994275d72c4,2025-02-16,59.664989,11,4,503.33272727272725,0.1895597709090909,0.36363636363636365,54.0,Neutral
0x28736f43f1e871e6aa8b1148d38d4994275d72c4,2025-02-17,115.824682,28,18,466.69214285714287,0.12388021428571429,0.6428571428571429,51.0,Neutral
0x28736f43f1e871e6aa8b1148d38d4994275d72c4,2025-02-18,45.659497,36,7,404.88444444444445,0.10896274361111111,0.19444444444444445,47.0,Neutral
0x28736f43f1e871e6aa8b1148d38d4994275d72c4,2025-02-19,20.62415,22,7,508.5995454545455,0.1740013822727273,0.3181818181818182,44.0,Fear
0x28736f43f1e871e6aa8b1148d38d4994275d72c4,2025-02-20,278.142839,53,26,429.3352830188679,0.13162512471698115,0.49056603773584906,49.0,Neutral
0x28736f43f1e871e6aa8b1148d38d4994275d72c4,2025-02-21,591.659533,93,61,320.8220430107527,0.09374186,0.6559139784946236,55.0,Greed
0x28736f43f1e871e6aa8b1148d38d4994275d72c4,2025-02-22,408.03639799999996,58,17,523.8093103448275,0.17936522413793105,0.29310344827586204,49.0,Neutral
0x28736f43f1e871e6aa8b1148d38d4994275d72c4,2025-02-23,39.91436,24,9,550.5720833333334,0.1926999583333333,0.375,50.0,Neutral
0x28736f43f1e871e6aa8b1148d38d4994275d72c4,2025-02-24,180.244855,61,27,282.4104918032787,0.07656285393442623,0.4426229508196721,49.0,Neutral
0x28736f43f1e871e6aa8b1148d38d4994275d72c4,2025-02-25,168.27053,49,13,883.3975510204082,0.24669642530612246,0.2653061224489796,25.0,Fear
0x28736f43f1e871e6aa8b1148d38d4994275d72c4,2025-02-26,64.59776,34,13,242.27088235294116,0.0682005861764706,0.38235294117647056,21.0,Extreme Fear
0x28736f43f1e871e6aa8b1148d38d4994275d72c4,2025-02-27,71.919819,30,13,765.107,0.2570754666666667,0.43333333333333335,10.0,Extreme Fear
0x28736f43f1e871e6aa8b1148d38d4994275d72c4,2025-02-28,-3425.450348,81,26,1611.6066666666666,0.5438955549382717,0.32098765432098764,16.0,Extreme Fear
0x28736f43f1e871e6aa8b1148d38d4994275d72c4,2025-03-01,557.9358,37,14,840.2127027027027,0.2873133513513514,0.3783783783783784,20.0,Extreme Fear
0x28736f43f1e871e6aa8b1148d38d4994275d72c4,2025-03-02,8330.21747,73,56,1432.3072602739728,0.44891951931506846,0.7671232876712328,26.0,Fear
0x28736f43f1e871e6aa8b1148d38d4994275d72c4,2025-03-03,494.669357,58,21,536.928448275862,0.15648177586206896,0.3620689655172414,33.0,Fear
0x28736f43f1e871e6aa8b1148d38d4994275d72c4,2025-03-04,163.73415,43,13,1091.9493023255814,0.28846455813953487,0.3023255813953488,15.0,Extreme Fear
0x28736f43f1e871e6aa8b1148d38d4994275d72c4,2025-03-05,437.35445200000004,26,20,1109.076923076923,0.38607965384615384,0.7692307692307693,20.0,Extreme Fear
0x28736f43f1e871e6aa8b1148d38d4994275d72c4,2025-03-06,291.46926,21,13,856.63,0.29508776190476194,0.6190476190476191,25.0,Fear
0x28736f43f1e871e6aa8b1148d38d4994275d72c4,2025-03-07,411.824274,40,15,748.432,0.26195080000000004,0.375,34.0,Fear
0x28736f43f1e871e6aa8b1148d38d4994275d72c4,2025-03-08,173.811132,35,14,698.2522857142857,0.16327908571428573,0.4,28.0,Fear
0x28736f43f1e871e6aa8b1148d38d4994275d72c4,2025-03-09,140.953497,36,6,1118.493611111111,0.22436308333333332,0.16666666666666666,27.0,Fear
0x28736f43f1e871e6aa8b1148d38d4994275d72c4,2025-03-10,-4026.754395,31,3,838.0596774193548,0.2933206129032258,0.0967741935483871,20.0,Extreme Fear
0x28736f43f1e871e6aa8b1148d38d4994275d72c4,2025-03-11,0.0,24,0,538.44125,0.12839105166666667,0.0,24.0,Extreme Fear
0x28736f43f1e871e6aa8b1148d38d4994275d72c4,2025-03-12,33.01095,9,4,851.8611111111111,0.2688592222222222,0.4444444444444444,34.0,Fear
0x28736f43f1e871e6aa8b1148d38d4994275d72c4,2025-03-13,465.046501,22,12,881.3063636363636,0.2800504304545454,0.5454545454545454,45.0,Neutral
0x28736f43f1e871e6aa8b1148d38d4994275d72c4,2025-03-14,0.0,4,0,262.4975,0.00657998,0.0,27.0,Fear
0x28736f43f1e871e6aa8b1148d38d4994275d72c4,2025-03-16,106.912886,27,18,618.9422222222222,0.12223988888888888,0.6666666666666666,30.0,Fear
0x28736f43f1e871e6aa8b1148d38d4994275d72c4,2025-03-17,0.0,2,0,653.5999999999999,0.22876049999999998,0.0,32.0,Fear
0x28736f43f1e871e6aa8b1148d38d4994275d72c4,2025-03-18,40.9165,15,7,703.816,0.24633526666666666,0.4666666666666667,34.0,Fear
0x28736f43f1e871e6aa8b1148d38d4994275d72c4,2025-03-19,54.9718,33,30,539.8872727272727,0.10850042424242425,0.9090909090909091,32.0,Fear
0x28736f43f1e871e6aa8b1148d38d4994275d72c4,2025-03-20,144.656157,20,10,1620.353,0.286135,0.5,49.0,Neutral
0x28736f43f1e871e6aa8b1148d38d4994275d72c4,2025-03-21,0.5844,12,1,187.86083333333332,0.06575099999999999,0.08333333333333333,31.0,Fear
0x28736f43f1e871e6aa8b1148d38d4994275d72c4,2025-03-22,132.087931,17,9,559.405294117647,0.1801299394117647,0.5294117647058824,32.0,Fear
0x28736f43f1e871e6aa8b1148d38d4994275d72c4,2025-03-23,79.086899,14,13,840.6328571428572,0.25856135714285716,0.9285714285714286,30.0,Fear
0x28736f43f1e871e6aa8b1148d38d4994275d72c4,2025-03-24,808.135252,45,31,1334.7422222222222,0.43080137777777777,0.6888888888888889,45.0,Neutral
0x28736f43f1e871e6aa8b1148d38d4994275d72c4,2025-03-25,417.38885700000003,33,12,530.670303030303,0.16513963424242425,0.36363636363636365,46.0,Neutral
0x28736f43f1e871e6aa8b1148d38d4994275d72c4,2025-03-26,379.04079,35,16,637.0742857142857,0.20681265514285713,0.45714285714285713,47.0,Neutral
0x28736f43f1e871e6aa8b1148d38d4994275d72c4,2025-03-27,-133.035992,38,6,1857.9734210526317,0.6364126036842105,0.15789473684210525,40.0,Fear
0x28736f43f1e871e6aa8b1148d38d4994275d72c4,2025-03-28,-21.766132,41,1,876.1812195121952,0.24119656097560974,0.024390243902439025,44.0,Fear
0x28736f43f1e871e6aa8b1148d38d4994275d72c4,2025-03-29,28.499012000000004,15,5,468.65066666666667,0.16402766666666665,0.3333333333333333,26.0,Fear
0x28736f43f1e871e6aa8b1148d38d4994275d72c4,2025-03-30,-743.288757,44,1,726.7522727272727,0.24584393181818182,0.022727272727272728,32.0,Fear
0x28736f43f1e871e6aa8b1148d38d4994275d72c4,2025-03-31,3.5652170000000005,52,7,375.1351923076923,0.13036437403846154,0.1346153846153846,34.0,Fear
0x28736f43f1e871e6aa8b1148d38d4994275d72c4,2025-04-01,768.351892,41,27,422.4107317073171,0.12798758097560978,0.6585365853658537,34.0,Fear
0x28736f43f1e871e6aa8b1148d38d4994275d72c4,2025-04-02,669.381363,70,42,414.13428571428574,0.13375994142857145,0.6,44.0,Fear
0x28736f43f1e871e6aa8b1148d38d4994275d72c4,2025-04-03,149.51234499999998,85,10,453.3190588235294,0.14880843529411764,0.11764705882352941,25.0,Fear
0x28736f43f1e871e6aa8b1148d38d4994275d72c4,2025-04-04,498.73528200000004,100,56,280.5443,0.09750082989999999,0.56,28.0,Fear
0x28736f43f1e871e6aa8b1148d38d4994275d72c4,2025-04-05,177.049662,56,34,331.27535714285716,0.10465816071428571,0.6071428571428571,30.0,Fear
0x28736f43f1e871e6aa8b1148d38d4994275d72c4,2025-04-06,-476.77056300000004,74,27,387.5243243243243,0.13211687837837838,0.36486486486486486,34.0,Fear
0x28736f43f1e871e6aa8b1148d38d4994275d72c4,2025-04-07,-19833.530157,150,27,830.2844666666666,0.28739481266666667,0.18,23.0,Extreme Fear
0x28736f43f1e871e6aa8b1148d38d4994275d72c4,2025-04-08,230.103259,65,24,279.894,0.11176160123076923,0.36923076923076925,24.0,Extreme Fear
0x28736f43f1e871e6aa8b1148d38d4994275d72c4,2025-04-09,94.077376,53,12,244.56867924528302,0.08111138066037736,0.22641509433962265,18.0,Extreme Fear
0x28736f43f1e871e6aa8b1148d38d4994275d72c4,2025-04-10,73.76740699999999,22,11,166.24727272727273,0.05300676681818182,0.5,39.0,Fear
0x28736f43f1e871e6aa8b1148d38d4994275d72c4,2025-04-11,67.00618399999999,14,6,335.15785714285715,0.15888767142857144,0.42857142857142855,25.0,Fear
0x28736f43f1e871e6aa8b1148d38d4994275d72c4,2025-04-12,10.499265,3,3,78.19,0.027366333333333336,1.0,43.0,Fear
0x28736f43f1e871e6aa8b1148d38d4994275d72c4,2025-04-13,-902.0714839999999,19,6,269.5942105263158,0.09413810783684211,0.3157894736842105,45.0,Neutral
0x28736f43f1e871e6aa8b1148d38d4994275d72c4,2025-04-14,27.177561,14,7,180.60857142857142,0.021231821214285716,0.5,31.0,Fear
0x28736f43f1e871e6aa8b1148d38d4994275d72c4,2025-04-15,-48.794434,17,1,186.68235294117648,0.06846287823529412,0.058823529411764705,38.0,Fear
0x28736f43f1e871e6aa8b1148d38d4994275d72c4,2025-04-16,8.738942,9,3,32.69,0.011441111111111112,0.3333333333333333,29.0,Fear
0x28736f43f1e871e6aa8b1148d38d4994275d72c4,2025-04-17,-15.688322,10,1,162.429,0.125001893,0.1,30.0,Fear
0x28736f43f1e871e6aa8b1148d38d4994275d72c4,2025-04-18,22.793679,8,6,160.54125,0.056189499999999996,0.75,33.0,Fear
0x28736f43f1e871e6aa8b1148d38d4994275d72c4,2025-04-19,40.803149000000005,7,4,75.5942857142857,0.026447571428571428,0.5714285714285714,32.0,Fear
0x28736f43f1e871e6aa8b1148d38d4994275d72c4,2025-04-20,7.707293999999999,2,2,87.145,0.0305005,1.0,37.0,Fear
0x28736f43f1e871e6aa8b1148d38d4994275d72c4,2025-04-21,19.956089,6,5,78.33833333333334,0.0274185,0.8333333333333334,39.0,Fear
0x28736f43f1e871e6aa8b1148d38d4994275d72c4,2025-04-22,11.839106000000001,5,2,58.678,0.0205358,0.4,47.0,Neutral
0x28736f43f1e871e6aa8b1148d38d4994275d72c4,2025-04-23,50.899228,13,8,91.10846153846154,0.03188715384615384,0.6153846153846154,72.0,Greed
0x28736f43f1e871e6aa8b1148d38d4994275d72c4,2025-04-24,1.023851,1,1,182.34,0.063819,1.0,63.0,Greed
0x28736f43f1e871e6aa8b1148d38d4994275d72c4,2025-04-27,0.265698,1,1,49.96,0.017485,1.0,61.0,Greed
0x28736f43f1e871e6aa8b1148d38d4994275d72c4,2025-04-28,-0.08516699999999999,8,1,156.87,0.054904,0.125,54.0,Neutral
0x28736f43f1e871e6aa8b1148d38d4994275d72c4,2025-05-01,16.923621,2,2,135.32,0.047361,1.0,53.0,Neutral
0x2c229d22b100a7beb69122eed721cee9b24011dd,2024-10-31,-2.5534149999999998,9,0,3327.722222222222,1.1647027777777776,0.0,77.0,Extreme Greed
0x2c229d22b100a7beb69122eed721cee9b24011dd,2024-11-01,-0.09906000000000104,14,4,2139.280714285714,0.6995709999999999,0.2857142857142857,75.0,Extreme Greed
0x2c229d22b100a7beb69122eed721cee9b24011dd,2024-11-06,-3.41119,3,0,666.84,0.23339333333333334,0.0,70.0,Greed
0x2c229d22b100a7beb69122eed721cee9b24011dd,2024-11-08,-710.786946,15,0,2003.9206666666666,0.6435799999999999,0.0,75.0,Extreme Greed
0x2c229d22b100a7beb69122eed721cee9b24011dd,2024-11-13,-17.60528,10,2,582.841,0.2039937,0.2,84.0,Extreme Greed
0x2c229d22b100a7beb69122eed721cee9b24011dd,2024-11-14,2215.402997,69,14,1825.0886956521738,0.5540770724637681,0.2028985507246377,88.0,Extreme Greed
0x2c229d22b100a7beb69122eed721cee9b24011dd,2024-11-15,2137.203852,33,22,1024.2048484848485,0.26331033333333337,0.6666666666666666,80.0,Extreme Greed
0x2c229d22b100a7beb69122eed721cee9b24011dd,2024-11-16,1484.528402,22,13,1292.3377272727273,0.4484957727272727,0.5909090909090909,86.0,Extreme Greed
0x2c229d22b100a7beb69122eed721cee9b24011dd,2024-11-18,-8.138354999999999,15,4,393.86333333333334,0.13785166666666668,0.26666666666666666,83.0,Extreme Greed
0x2c229d22b100a7beb69122eed721cee9b24011dd,2024-11-20,2626.800865,76,48,2627.9109210526312,0.8412605789473684,0.631578947368421,83.0,Extreme Greed
0x2c229d22b100a7beb69122eed721cee9b24011dd,2024-11-21,-0.15074600000000027,22,4,1508.5563636363636,0.527994590909091,0.18181818181818182,82.0,Extreme Greed
0x2c229d22b100a7beb69122eed721cee9b24011dd,2024-11-22,-260.909686,57,3,7077.548245614035,2.376398087719298,0.05263157894736842,94.0,Extreme Greed
0x2c229d22b100a7beb69122eed721cee9b24011dd,2024-11-29,31.04129,10,9,525.317,0.18386039999999998,0.9,78.0,Extreme Greed
0x2c229d22b100a7beb69122eed721cee9b24011dd,2024-11-30,59.744873999999996,6,2,6943.03,2.430061,0.3333333333333333,84.0,Extreme Greed
0x2c229d22b100a7beb69122eed721cee9b24011dd,2024-12-02,16196.864846,53,30,2348.7403773584906,0.7955297924528303,0.5660377358490566,80.0,Extreme Greed
0x2c229d22b100a7beb69122eed721cee9b24011dd,2024-12-03,121.535562,59,14,1685.5867796610169,0.5899549491525423,0.23728813559322035,76.0,Extreme Greed
0x2c229d22b100a7beb69122eed721cee9b24011dd,2024-12-04,7591.307059,37,25,3426.9959459459456,0.9883278648648649,0.6756756756756757,78.0,Extreme Greed
0x2c229d22b100a7beb69122eed721cee9b24011dd,2024-12-05,2069.92634,33,30,890.1048484848485,0.22825572727272728,0.9090909090909091,84.0,Extreme Greed
0x2c229d22b100a7beb69122eed721cee9b24011dd,2024-12-06,-123.870122,9,0,2324.0444444444447,0.7839593333333332,0.0,72.0,Greed
0x2c229d22b100a7beb69122eed721cee9b24011dd,2024-12-10,130.883691,12,7,1585.4033333333334,0.5548904166666667,0.5833333333333334,78.0,Extreme Greed
0x2c229d22b100a7beb69122eed721cee9b24011dd,2024-12-11,8544.6855,19,10,6550.684736842106,1.5891991578947369,0.5263157894736842,74.0,Greed
0x2c229d22b100a7beb69122eed721cee9b24011dd,2024-12-12,7639.595794,62,39,5565.801451612903,1.9480301129032258,0.6290322580645161,83.0,Extreme Greed
0x2c229d22b100a7beb69122eed721cee9b24011dd,2024-12-13,1966.9289449999999,63,49,1823.863492063492,0.638351761904762,0.7777777777777778,76.0,Extreme Greed
0x2c229d22b100a7beb69122eed721cee9b24011dd,2024-12-17,214.770101,15,11,1000.812,0.3197244,0.7333333333333333,87.0,Extreme Greed
0x2c229d22b100a7beb69122eed721cee9b24011dd,2024-12-20,305.55784,11,10,2609.3063636363636,0.9132563636363635,0.9090909090909091,74.0,Greed
0x2c229d22b100a7beb69122eed721cee9b24011dd,2024-12-23,6.476289999999996,29,12,7631.325517241379,2.670963379310345,0.41379310344827586,70.0,Greed
0x2c229d22b100a7beb69122eed721cee9b24011dd,2024-12-24,343.63336100000004,11,6,2630.031818181818,0.9205106363636364,0.5454545454545454,73.0,Greed
0x2c229d22b100a7beb69122eed721cee9b24011dd,2024-12-30,0.19908,2,1,34.21,0.0119735,0.5,65.0,Greed
0x2c229d22b100a7beb69122eed721cee9b24011dd,2024-12-31,2243.319777,49,48,4127.501224489796,1.444624918367347,0.9795918367346939,64.0,Greed
0x2c229d22b100a7beb69122eed721cee9b24011dd,2025-01-10,21980.47249,136,125,2289.4099264705883,0.5090736397058824,0.9191176470588235,50.0,Neutral
0x2c229d22b100a7beb69122eed721cee9b24011dd,2025-01-11,-2.454844,7,0,1785.1328571428571,0.6247955714285715,0.0,69.0,Greed
0x2c229d22b100a7beb69122eed721cee9b24011dd,2025-01-15,-18.998214,12,3,1943.5483333333332,0.6802414166666666,0.25,70.0,Greed
0x2c229d22b100a7beb69122eed721cee9b24011dd,2025-01-17,913.985947,57,38,6517.080175438597,2.2809777543859653,0.6666666666666666,75.0,Extreme Greed
0x2c229d22b100a7beb69122eed721cee9b24011dd,2025-01-18,-33.4413,2,0,116.66499999999999,0.040832,0.0,77.0,Extreme Greed
0x2c229d22b100a7beb69122eed721cee9b24011dd,2025-01-19,11437.823511999999,74,46,7532.947432432432,1.8980236486486488,0.6216216216216216,77.0,Extreme Greed
0x2c229d22b100a7beb69122eed721cee9b24011dd,2025-01-20,1535.55008,82,11,8402.275975609757,2.77240843902439,0.13414634146341464,76.0,Extreme Greed
0x2c229d22b100a7beb69122eed721cee9b24011dd,2025-01-21,59.672564,15,6,125.14200000000001,0.04379946666666667,0.4,76.0,Extreme Greed
0x2c229d22b100a7beb69122eed721cee9b24011dd,2025-01-22,12769.669401000001,229,65,1080.5076419213974,0.2924147030567686,0.2838427947598253,84.0,Extreme Greed
0x2c229d22b100a7beb69122eed721cee9b24011dd,2025-01-23,3776.64959,104,60,2468.1846153846154,0.56136675,0.5769230769230769,75.0,Extreme Greed
0x2c229d22b100a7beb69122eed721cee9b24011dd,2025-01-24,363.482456,38,19,2124.9794736842105,0.6597085,0.5,75.0,Extreme Greed
0x2c229d22b100a7beb69122eed721cee9b24011dd,2025-01-25,2167.17715,53,33,5537.374905660377,1.1398958301886792,0.6226415094339622,75.0,Extreme Greed
0x2c229d22b100a7beb69122eed721cee9b24011dd,2025-01-30,159.201612,15,6,4589.114666666666,1.4116738,0.4,70.0,Greed
0x2c229d22b100a7beb69122eed721cee9b24011dd,2025-01-31,14418.18988,132,113,5257.4305303030305,1.5954408636363637,0.8560606060606061,76.0,Extreme Greed
0x2c229d22b100a7beb69122eed721cee9b24011dd,2025-02-01,88.50699399999999,21,12,5610.000952380952,1.7392290476190475,0.5714285714285714,68.0,Greed
0x2c229d22b100a7beb69122eed721cee9b24011dd,2025-02-06,-639.3510530000001,61,35,3750.11868852459,1.0668853114754098,0.5737704918032787,49.0,Neutral
0x2c229d22b100a7beb69122eed721cee9b24011dd,2025-02-07,-1145.924392,149,6,2135.150268456376,0.5740608187919463,0.040268456375838924,44.0,Fear
0x2c229d22b100a7beb69122eed721cee9b24011dd,2025-02-13,17378.569333,321,206,3578.9056074766354,1.1442119190031153,0.6417445482866043,50.0,Neutral
0x2c229d22b100a7beb69122eed721cee9b24011dd,2025-02-15,590.06989,47,32,1285.8944680851064,0.3596367021276596,0.6808510638297872,50.0,Neutral
0x2c229d22b100a7beb69122eed721cee9b24011dd,2025-02-20,3057.28245,149,132,5680.961208053691,1.7607753288590604,0.8859060402684564,49.0,Neutral
0x2c229d22b100a7beb69122eed721cee9b24011dd,2025-02-21,8502.805925,60,26,2810.3466666666664,0.9373171666666666,0.43333333333333335,55.0,Greed
0x2c229d22b100a7beb69122eed721cee9b24011dd,2025-02-25,169.617628,24,15,1016.4883333333333,0.35066041666666664,0.625,25.0,Fear
0x2c229d22b100a7beb69122eed721cee9b24011dd,2025-02-26,25.30602,10,9,156.53799999999998,0.0547879,0.9,21.0,Extreme Fear
0x2c229d22b100a7beb69122eed721cee9b24011dd,2025-03-05,11113.173067,89,58,2537.6704494382025,0.8491257752808988,0.651685393258427,20.0,Extreme Fear
0x2c229d22b100a7beb69122eed721cee9b24011dd,2025-03-06,279.152034,15,11,1287.3273333333334,0.3838652,0.7333333333333333,25.0,Fear
0x2c229d22b100a7beb69122eed721cee9b24011dd,2025-03-07,1.17533,3,1,972.65,0.34042766666666663,0.3333333333333333,34.0,Fear
0x2c229d22b100a7beb69122eed721cee9b24011dd,2025-03-11,276.7687,13,10,3849.383076923077,1.1818572307692308,0.7692307692307693,24.0,Extreme Fear
0x2c229d22b100a7beb69122eed721cee9b24011dd,2025-03-13,924.898908,25,1,4074.8460000000005,0.9420473199999999,0.04,45.0,Neutral
0x2c229d22b100a7beb69122eed721cee9b24011dd,2025-03-21,1215.774424,74,53,1528.0594594594593,0.5214418648648649,0.7162162162162162,31.0,Fear
0x2c229d22b100a7beb69122eed721cee9b24011dd,2025-03-23,514.5145660000001,15,9,919.33,0.3217645333333333,0.6,30.0,Fear
0x2c229d22b100a7beb69122eed721cee9b24011dd,2025-03-25,-3323.090682,211,4,2000.0732701421803,0.7000252606635071,0.018957345971563982,46.0,Neutral
0x2c229d22b100a7beb69122eed721cee9b24011dd,2025-03-26,2323.99174,65,49,1894.7783076923076,0.4218582153846154,0.7538461538461538,47.0,Neutral
0x2c229d22b100a7beb69122eed721cee9b24011dd,2025-04-01,1334.414834,9,4,1193.0444444444445,0.38399255555555556,0.4444444444444444,34.0,Fear
0x2c229d22b100a7beb69122eed721cee9b24011dd,2025-04-02,1.1031579999999999,6,2,395.24,0.13833399999999998,0.3333333333333333,44.0,Fear
0x2c229d22b100a7beb69122eed721cee9b24011dd,2025-04-03,160.127816,26,19,739.3319230769231,0.23991034615384615,0.7307692307692307,25.0,Fear
0x2c229d22b100a7beb69122eed721cee9b24011dd,2025-04-11,1419.922474,45,34,1310.5517777777777,0.36939035555555555,0.7555555555555555,25.0,Fear
0x2c229d22b100a7beb69122eed721cee9b24011dd,2025-04-14,18.103863,8,5,133.5325,0.018356375,0.625,31.0,Fear
0x2c229d22b100a7beb69122eed721cee9b24011dd,2025-04-18,11.209037,7,6,74.56857142857143,0.025461142857142856,0.8571428571428571,33.0,Fear
0x2c229d22b100a7beb69122eed721cee9b24011dd,2025-04-23,29.8368,2,1,1284.69,0.4496415,0.5,72.0,Greed
0x2c229d22b100a7beb69122eed721cee9b24011dd,2025-04-25,0.18414,3,2,47.086666666666666,0.016479666666666667,0.6666666666666666,60.0,Greed
0x3998f134d6aaa2b6a5f723806d00fd2bbbbce891,2023-05-01,0.0,3,0,159.0,0.0,0.0,63.0,Greed
0x3998f134d6aaa2b6a5f723806d00fd2bbbbce891,2024-01-11,0.0,2,0,23066.935,5.5360629999999995,0.0,76.0,Extreme Greed
0x3998f134d6aaa2b6a5f723806d00fd2bbbbce891,2024-01-15,152.85358,9,9,69.98444444444445,0.016795222222222225,1.0,52.0,Neutral
0x3998f134d6aaa2b6a5f723806d00fd2bbbbce891,2024-01-16,-3238.8,6,0,10580.346666666666,0.6804994999999999,0.0,64.0,Greed
0x3998f134d6aaa2b6a5f723806d00fd2bbbbce891,2024-01-28,-2478.06972,11,0,1646.2754545454545,-0.03292509090909091,0.0,54.0,Neutral
0x3998f134d6aaa2b6a5f723806d00fd2bbbbce891,2024-04-16,0.0,1,0,91.08,0.030602,0.0,65.0,Greed
0x3998f134d6aaa2b6a5f723806d00fd2bbbbce891,2024-05-29,0.0,5,0,6113.468,3.8836120000000003,0.0,72.0,Greed
0x3998f134d6aaa2b6a5f723806d00fd2bbbbce891,2024-07-24,0.0,3,0,0.4266666666666667,0.0,0.0,69.0,Greed
0x3998f134d6aaa2b6a5f723806d00fd2bbbbce891,2024-07-26,0.0,1,0,0.81,0.0,0.0,68.0,Greed
0x3998f134d6aaa2b6a5f723806d00fd2bbbbce891,2024-08-01,0.0,1,0,0.74,0.0,0.0,52.0,Neutral
0x3998f134d6aaa2b6a5f723806d00fd2bbbbce891,2024-08-03,0.0,1,0,0.65,0.0,0.0,37.0,Fear
0x3998f134d6aaa2b6a5f723806d00fd2bbbbce891,2024-08-04,0.0,1,0,0.01,0.0,0.0,34.0,Fear
0x3998f134d6aaa2b6a5f723806d00fd2bbbbce891,2024-08-06,215.754798,27,8,28.555555555555557,0.032948111111111116,0.2962962962962963,17.0,Extreme Fear
0x3998f134d6aaa2b6a5f723806d00fd2bbbbce891,2024-08-07,0.0,11,0,0.0036363636363636364,0.0,0.0,29.0,Fear
0x3998f134d6aaa2b6a5f723806d00fd2bbbbce891,2024-08-17,0.0,29,0,1035.7675862068966,0.5888058620689655,0.0,25.0,Fear
0x3998f134d6aaa2b6a5f723806d00fd2bbbbce891,2024-08-30,0.0,1,0,0.69,0.0,0.0,34.0,Fear
0x3998f134d6aaa2b6a5f723806d00fd2bbbbce891,2024-09-05,0.0,1,0,0.84,0.0,0.0,29.0,Fear
0x3998f134d6aaa2b6a5f723806d00fd2bbbbce891,2024-11-18,48.185146,6,2,116.12333333333333,0.10729516666666666,0.3333333333333333,83.0,Extreme Greed
0x3998f134d6aaa2b6a5f723806d00fd2bbbbce891,2024-11-19,0.0,1,0,0.01,0.0,0.0,90.0,Extreme Greed
0x3998f134d6aaa2b6a5f723806d00fd2bbbbce891,2024-11-29,17511.326788,56,36,1817.6805357142857,0.10298617678571428,0.6428571428571429,78.0,Extreme Greed
0x3998f134d6aaa2b6a5f723806d00fd2bbbbce891,2024-11-30,19050.661786,39,27,2556.5420512820515,0.1448728682051282,0.6923076923076923,84.0,Extreme Greed
0x3998f134d6aaa2b6a5f723806d00fd2bbbbce891,2024-12-01,13.566929,3,2,11.366666666666667,0.0019235600000000002,0.6666666666666666,81.0,Extreme Greed
0x3998f134d6aaa2b6a5f723806d00fd2bbbbce891,2024-12-02,0.0,1,0,0.0,0.0,0.0,80.0,Extreme Greed
0x3998f134d6aaa2b6a5f723806d00fd2bbbbce891,2024-12-14,0.0,36,0,5555.551944444444,0.027385462222222223,0.0,83.0,Extreme Greed
0x3998f134d6aaa2b6a5f723806d00fd2bbbbce891,2024-12-15,346.827642,6,5,117.02833333333335,0.01991796833333333,0.8333333333333334,80.0,Extreme Greed
0x3998f134d6aaa2b6a5f723806d00fd2bbbbce891,2024-12-16,0.0,4,0,0.0,0.0,0.0,83.0,Extreme Greed
0x3998f134d6aaa2b6a5f723806d00fd2bbbbce891,2024-12-20,22.80272,3,1,15.183333333333332,0.002668876666666667,0.3333333333333333,74.0,Greed
0x3998f134d6aaa2b6a5f723806d00fd2bbbbce891,2025-01-20,0.0,2,0,183.07999999999998,0.002758495,0.0,76.0,Extreme Greed
0x3998f134d6aaa2b6a5f723806d00fd2bbbbce891,2025-01-23,-5978.38652,3,2,6.186666666666667,0.0020773333333333334,0.6666666666666666,75.0,Extreme Greed
0x3998f134d6aaa2b6a5f723806d00fd2bbbbce891,2025-01-24,0.0,2,0,0.005,0.0,0.0,75.0,Extreme Greed
0x3998f134d6aaa2b6a5f723806d00fd2bbbbce891,2025-02-14,19.530304,2,2,25.39,0.00853,1.0,48.0,Neutral
0x3998f134d6aaa2b6a5f723806d00fd2bbbbce891,2025-02-21,-350.632694,7,0,184.87857142857143,0.03071512428571429,0.0,55.0,Greed
0x3998f134d6aaa2b6a5f723806d00fd2bbbbce891,2025-03-06,600.008922,37,26,1400.675945945946,0.13446413513513514,0.7027027027027027,25.0,Fear
0x3998f134d6aaa2b6a5f723806d00fd2bbbbce891,2025-03-10,-8224.491085,26,0,1653.866153846154,0.1587703076923077,0.0,20.0,Extreme Fear
0x3998f134d6aaa2b6a5f723806d00fd2bbbbce891,2025-03-11,-58444.949486,119,0,1948.151092436975,0.18702163025210083,0.0,24.0,Extreme Fear
0x3998f134d6aaa2b6a5f723806d00fd2bbbbce891,2025-04-06,0.0,19,0,2105.072105263158,0.20208631578947367,0.0,34.0,Fear
0x3998f134d6aaa2b6a5f723806d00fd2bbbbce891,2025-04-07,9485.86,61,21,1811.634426229508,0.17391604918032788,0.3442622950819672,23.0,Extreme Fear
0x3998f134d6aaa2b6a5f723806d00fd2bbbbce891,2025-04-09,0.0,30,0,1333.3193333333334,0.1279977,0.0,18.0,Extreme Fear
0x3998f134d6aaa2b6a5f723806d00fd2bbbbce891,2025-04-12,2466.604719,32,32,1105.835625,0.10615928124999999,1.0,43.0,Fear
0x3998f134d6aaa2b6a5f723806d00fd2bbbbce891,2025-04-13,1076.778732,9,9,2341.0022222222224,0.33329088888888886,1.0,45.0,Neutral
0x3998f134d6aaa2b6a5f723806d00fd2bbbbce891,2025-04-21,-3533.6725370000004,124,116,1459.0874193548386,0.15689847580645164,0.9354838709677419,39.0,Fear
0x3998f134d6aaa2b6a5f723806d00fd2bbbbce891,2025-04-22,0.0,1,0,0.01,0.0,0.0,47.0,Neutral
0x3998f134d6aaa2b6a5f723806d00fd2bbbbce891,2025-04-25,34.63999,73,73,826.7301369863014,0.07936523287671234,1.0,60.0,Greed
0x39cef799f8b69da1995852eea189df24eb5cae3c,2024-11-12,0.0,2,0,5195.3,1.8183544999999999,0.0,80.0,Extreme Greed
0x39cef799f8b69da1995852eea189df24eb5cae3c,2024-11-20,-808.158708,2,0,10882.16,3.8087565000000003,0.0,83.0,Extreme Greed
0x39cef799f8b69da1995852eea189df24eb5cae3c,2024-12-01,0.0,1,0,199.81,0.069934,0.0,81.0,Extreme Greed
0x39cef799f8b69da1995852eea189df24eb5cae3c,2024-12-03,0.0,1,0,209.94,0.073479,0.0,76.0,Extreme Greed
0x39cef799f8b69da1995852eea189df24eb5cae3c,2024-12-05,0.0,6,0,10238.081666666667,3.292857893333333,0.0,84.0,Extreme Greed
0x39cef799f8b69da1995852eea189df24eb5cae3c,2024-12-06,0.0,20,0,1657.5529999999999,0.4303135,0.0,72.0,Greed
0x39cef799f8b69da1995852eea189df24eb5cae3c,2024-12-09,483.662076,8,8,603.1,0.06031,1.0,78.0,Extreme Greed
0x39cef799f8b69da1995852eea189df24eb5cae3c,2024-12-10,0.0,3,0,22522.036666666667,7.6545879999999995,0.0,78.0,Extreme Greed
0x39cef799f8b69da1995852eea189df24eb5cae3c,2024-12-11,3721.345649,4,4,40012.55,14.00439225,1.0,74.0,Greed
0x39cef799f8b69da1995852eea189df24eb5cae3c,2024-12-13,1116.8006,26,13,2954.652692307692,0.21185934038461537,0.5,76.0,Extreme Greed
0x39cef799f8b69da1995852eea189df24eb5cae3c,2024-12-14,1898.178342,1,1,6591.46,0.659146,1.0,83.0,Extreme Greed
0x39cef799f8b69da1995852eea189df24eb5cae3c,2024-12-15,6623.483154,28,23,1993.9885714285715,0.10649260285714286,0.8214285714285714,80.0,Extreme Greed
0x39cef799f8b69da1995852eea189df24eb5cae3c,2024-12-16,6942.186825,14,9,5866.705,0.30399277714285716,0.6428571428571429,83.0,Extreme Greed
0x39cef799f8b69da1995852eea189df24eb5cae3c,2024-12-18,136.054186,12,3,679.3075,0.008679898333333333,0.25,81.0,Extreme Greed
0x39cef799f8b69da1995852eea189df24eb5cae3c,2024-12-20,1676.3027260000001,4,3,2837.6875,0.344985,0.75,74.0,Greed
0x39cef799f8b69da1995852eea189df24eb5cae3c,2024-12-24,14849.788861,19,16,17744.187894736842,0.9188034689473684,0.8421052631578947,73.0,Greed
0x39cef799f8b69da1995852eea189df24eb5cae3c,2025-01-01,-9655.676981,12,5,15270.597499999998,0.8211248200000001,0.4166666666666667,66.0,Greed
0x39cef799f8b69da1995852eea189df24eb5cae3c,2025-01-03,0.0,1,0,6217.48,0.02667297,0.0,74.0,Greed
0x39cef799f8b69da1995852eea189df24eb5cae3c,2025-01-14,0.0,3,0,800.29,0.28010133333333337,0.0,63.0,Greed
0x39cef799f8b69da1995852eea189df24eb5cae3c,2025-01-19,-1584.55781,3,0,15271.743333333334,1.5271733333333335,0.0,77.0,Extreme Greed
0x39cef799f8b69da1995852eea189df24eb5cae3c,2025-01-20,-401.2638,4,0,14949.164999999999,3.3510220000000004,0.0,76.0,Extreme Greed
0x39cef799f8b69da1995852eea189df24eb5cae3c,2025-01-23,0.0,4,0,11250.0,0.049999985000000004,0.0,75.0,Extreme Greed
0x39cef799f8b69da1995852eea189df24eb5cae3c,2025-02-23,2.9205,6,1,2401.1383333333333,0.24011333333333332,0.16666666666666666,50.0,Neutral
0x39cef799f8b69da1995852eea189df24eb5cae3c,2025-03-04,863.956464,63,30,3213.5458730158734,0.294042783015873,0.47619047619047616,15.0,Extreme Fear
0x39cef799f8b69da1995852eea189df24eb5cae3c,2025-03-05,8187.59426,43,24,3514.7537209302327,0.2509006588372093,0.5581395348837209,20.0,Extreme Fear
0x39cef799f8b69da1995852eea189df24eb5cae3c,2025-03-10,-37230.786609,2,0,48134.545,4.8134545,0.0,20.0,Extreme Fear
0x39cef799f8b69da1995852eea189df24eb5cae3c,2025-03-12,0.0,39,0,2549.7482051282054,0.25497453846153845,0.0,34.0,Fear
0x39cef799f8b69da1995852eea189df24eb5cae3c,2025-03-17,17926.355742,205,107,1908.0640975609756,0.1908059756097561,0.5219512195121951,32.0,Fear
0x39cef799f8b69da1995852eea189df24eb5cae3c,2025-03-18,238.31419899999997,283,51,2061.155088339223,0.206114925795053,0.18021201413427562,34.0,Fear
0x39cef799f8b69da1995852eea189df24eb5cae3c,2025-03-19,909.907336,119,2,2421.7106722689077,0.2421706050420168,0.01680672268907563,32.0,Fear
0x39cef799f8b69da1995852eea189df24eb5cae3c,2025-03-20,0.0,82,0,607.7802439024391,0.0607774756097561,0.0,49.0,Neutral
0x39cef799f8b69da1995852eea189df24eb5cae3c,2025-03-21,0.0,3,0,10058.62,1.0058616666666667,0.0,31.0,Fear
0x39cef799f8b69da1995852eea189df24eb5cae3c,2025-03-23,4988.749429,93,52,4121.473548387096,0.4121468602150538,0.5591397849462365,30.0,Fear
0x39cef799f8b69da1995852eea189df24eb5cae3c,2025-03-24,3896.627832,20,20,1703.6174999999998,0.17036115000000002,1.0,45.0,Neutral
0x39cef799f8b69da1995852eea189df24eb5cae3c,2025-03-25,0.0,1,0,100176.1,10.01761,0.0,46.0,Neutral
0x39cef799f8b69da1995852eea189df24eb5cae3c,2025-03-26,3782.33025,28,28,2294.2153571428576,0.2294210357142857,1.0,47.0,Neutral
0x39cef799f8b69da1995852eea189df24eb5cae3c,2025-03-27,6504.316844999999,178,30,1543.4331460674157,0.15434281460674157,0.16853932584269662,40.0,Fear
0x39cef799f8b69da1995852eea189df24eb5cae3c,2025-04-03,0.0,142,0,4742.898943661972,0.4742895774647887,0.0,25.0,Fear
0x39cef799f8b69da1995852eea189df24eb5cae3c,2025-04-04,266.39774,34,34,19800.740588235294,1.9800734705882352,1.0,28.0,Fear
0x39cef799f8b69da1995852eea189df24eb5cae3c,2025-04-06,24553.541149999997,68,21,2824.8166176470586,0.2824810882352941,0.3088235294117647,34.0,Fear
0x39cef799f8b69da1995852eea189df24eb5cae3c,2025-04-07,25941.716413,929,294,3895.6048546824545,0.3895600452099031,0.31646932185145316,23.0,Extreme Fear
0x39cef799f8b69da1995852eea189df24eb5cae3c,2025-04-08,3366.444714,14,14,10183.131428571429,0.5091560714285714,1.0,24.0,Extreme Fear
0x39cef799f8b69da1995852eea189df24eb5cae3c,2025-04-09,-77308.420095,617,142,4099.378930307941,0.35493096434359805,0.23014586709886548,18.0,Extreme Fear
0x39cef799f8b69da1995852eea189df24eb5cae3c,2025-04-10,-831.2396219999999,306,176,5795.6883333333335,0.2897845751633987,0.5751633986928104,39.0,Fear
0x39cef799f8b69da1995852eea189df24eb5cae3c,2025-04-13,3271.3693780000003,135,64,20019.11111111111,1.000955037037037,0.4740740740740741,45.0,Neutral
0x39cef799f8b69da1995852eea189df24eb5cae3c,2025-04-14,128.67829,1,1,844654.19,42.232709,1.0,31.0,Fear
0x3f9a0aadc7f04a7c9d75dc1b5a6ddd6e36486cf6,2024-10-03,100.375782,5,3,2585.338,0.9048680000000001,0.6,37.0,Fear
0x3f9a0aadc7f04a7c9d75dc1b5a6ddd6e36486cf6,2024-11-03,0.0,2,0,9530.66,0.953065,0.0,74.0,Greed
0x3f9a0aadc7f04a7c9d75dc1b5a6ddd6e36486cf6,2024-11-04,540.05911,10,10,1960.1330000000003,0.6860463,1.0,70.0,Greed
0x3f9a0aadc7f04a7c9d75dc1b5a6ddd6e36486cf6,2024-11-07,503.46257599999996,16,11,1929.28125,0.192927625,0.6875,77.0,Extreme Greed
0x3f9a0aadc7f04a7c9d75dc1b5a6ddd6e36486cf6,2024-11-10,0.0,1,0,9836.88,0.983688,0.0,78.0,Extreme Greed
0x3f9a0aadc7f04a7c9d75dc1b5a6ddd6e36486cf6,2024-11-11,393.07947,4,4,2557.49,0.89512125,1.0,76.0,Extreme Greed
0x3f9a0aadc7f04a7c9d75dc1b5a6ddd6e36486cf6,2024-11-12,0.0,4,0,1319.1399999999999,0.1319135,0.0,80.0,Extreme Greed
0x3f9a0aadc7f04a7c9d75dc1b5a6ddd6e36486cf6,2024-11-13,135.09947,8,7,1860.1075,0.503080625,0.875,84.0,Extreme Greed
0x3f9a0aadc7f04a7c9d75dc1b5a6ddd6e36486cf6,2024-11-15,0.0,35,0,930.75,0.09307462857142856,0.0,80.0,Extreme Greed
0x3f9a0aadc7f04a7c9d75dc1b5a6ddd6e36486cf6,2024-11-19,245.44495999999998,5,5,6564.348,2.297521,1.0,90.0,Extreme Greed
0x3f9a0aadc7f04a7c9d75dc1b5a6ddd6e36486cf6,2024-11-22,1050.894,22,7,2990.737727272727,0.5360086363636364,0.3181818181818182,94.0,Extreme Greed
0x3f9a0aadc7f04a7c9d75dc1b5a6ddd6e36486cf6,2024-11-23,788.45072,7,7,3091.247142857143,0.45580057142857144,1.0,93.0,Extreme Greed
0x3f9a0aadc7f04a7c9d75dc1b5a6ddd6e36486cf6,2024-11-26,0.0,36,0,1012.4008333333334,0.10123955555555555,0.0,79.0,Extreme Greed
0x3f9a0aadc7f04a7c9d75dc1b5a6ddd6e36486cf6,2024-11-28,3855.7522,25,25,1612.0868,0.5642298,1.0,77.0,Extreme Greed
0x3f9a0aadc7f04a7c9d75dc1b5a6ddd6e36486cf6,2024-11-29,0.0,10,0,13325.11,3.8023592059999998,0.0,78.0,Extreme Greed
0x3f9a0aadc7f04a7c9d75dc1b5a6ddd6e36486cf6,2024-12-02,0.0,1,0,46692.72,0.583659,0.0,80.0,Extreme Greed
0x3f9a0aadc7f04a7c9d75dc1b5a6ddd6e36486cf6,2024-12-26,29897.971695000004,32,10,2297.953125,0.12341790687500001,0.3125,79.0,Extreme Greed
0x3f9a0aadc7f04a7c9d75dc1b5a6ddd6e36486cf6,2024-12-28,0.0,10,0,6154.678,0.023781576,0.0,72.0,Greed
0x3f9a0aadc7f04a7c9d75dc1b5a6ddd6e36486cf6,2025-01-12,3699.757273,3,3,7958.366666666666,2.785427333333333,1.0,62.0,Greed
0x3f9a0aadc7f04a7c9d75dc1b5a6ddd6e36486cf6,2025-01-13,0.0,1,0,0.22,0.0,0.0,61.0,Greed
0x3f9a0aadc7f04a7c9d75dc1b5a6ddd6e36486cf6,2025-02-14,8019.163096,1,1,63734.69,6.373468,1.0,48.0,Neutral
0x3f9a0aadc7f04a7c9d75dc1b5a6ddd6e36486cf6,2025-04-04,0.0,1,0,63727.4,7.678e-05,0.0,28.0,Fear
0x3f9a0aadc7f04a7c9d75dc1b5a6ddd6e36486cf6,2025-04-05,562.1943200000001,19,19,3383.65,1.1842764736842104,1.0,30.0,Fear
0x3f9a0aadc7f04a7c9d75dc1b5a6ddd6e36486cf6,2025-04-06,0.0,21,0,3060.3452380952376,3.738809523809524e-06,0.0,34.0,Fear
0x3f9a0aadc7f04a7c9d75dc1b5a6ddd6e36486cf6,2025-04-09,110.553364,19,19,3388.287368421053,0.3388278947368421,1.0,18.0,Extreme Fear
0x3f9a0aadc7f04a7c9d75dc1b5a6ddd6e36486cf6,2025-04-10,0.0,6,0,10728.526666666667,1.3630333333333332e-05,0.0,39.0,Fear
0x3f9a0aadc7f04a7c9d75dc1b5a6ddd6e36486cf6,2025-04-12,3593.989207,27,27,2517.1996296296297,0.6236347777777779,1.0,43.0,Fear
0x3f9a0aadc7f04a7c9d75dc1b5a6ddd6e36486cf6,2025-04-13,0.0,1,0,0.69,0.0,0.0,45.0,Neutral
0x420ab45e0bd8863569a5efbb9c05d91f40624641,2024-12-06,0.0,45,0,10673.925777777777,1.6947691777777778,0.0,72.0,Greed
0x420ab45e0bd8863569a5efbb9c05d91f40624641,2024-12-12,1762.46,10,10,6750.81,1.7102716,1.0,83.0,Extreme Greed
0x420ab45e0bd8863569a5efbb9c05d91f40624641,2024-12-17,27.63736,20,11,3976.0629999999996,0.7079503500000001,0.55,87.0,Extreme Greed
0x420ab45e0bd8863569a5efbb9c05d91f40624641,2024-12-18,0.0,44,0,3081.5213636363637,0.3083798181818182,0.0,81.0,Extreme Greed
0x420ab45e0bd8863569a5efbb9c05d91f40624641,2024-12-19,2229.5212300000003,4,4,4987.015,1.67563675,1.0,75.0,Extreme Greed
0x420ab45e0bd8863569a5efbb9c05d91f40624641,2024-12-23,12082.95,2,2,13593.75,1.304999,1.0,70.0,Greed
0x420ab45e0bd8863569a5efbb9c05d91f40624641,2024-12-24,0.0,7,0,4312.501428571429,0.4139991428571429,0.0,73.0,Greed
0x420ab45e0bd8863569a5efbb9c05d91f40624641,2025-01-08,0.0,12,0,2966.789166666667,0.6013404166666666,0.0,70.0,Greed
0x420ab45e0bd8863569a5efbb9c05d91f40624641,2025-01-15,0.0,2,0,48455.0,4.651679000000001,0.0,70.0,Greed
0x420ab45e0bd8863569a5efbb9c05d91f40624641,2025-01-16,0.0,30,0,1508.392,0.17680410000000002,0.0,75.0,Extreme Greed
0x420ab45e0bd8863569a5efbb9c05d91f40624641,2025-02-08,0.0,5,0,10322.714,0.9909801999999999,0.0,44.0,Fear
0x420ab45e0bd8863569a5efbb9c05d91f40624641,2025-02-14,0.0,12,0,2078.9283333333333,0.44943916666666667,0.0,48.0,Neutral
0x420ab45e0bd8863569a5efbb9c05d91f40624641,2025-03-08,11894.061848,11,11,5318.463636363636,1.2700214545454545,1.0,28.0,Fear
0x420ab45e0bd8863569a5efbb9c05d91f40624641,2025-03-11,9461.082288,61,3,2446.7424590163937,0.4315771803278688,0.04918032786885246,24.0,Extreme Fear
0x420ab45e0bd8863569a5efbb9c05d91f40624641,2025-03-14,16017.255710000001,8,8,1201.78,0.3028175,1.0,27.0,Fear
0x420ab45e0bd8863569a5efbb9c05d91f40624641,2025-03-15,74293.663505,25,25,3134.3723999999997,0.5483033599999999,1.0,46.0,Neutral
0x420ab45e0bd8863569a5efbb9c05d91f40624641,2025-03-18,63015.976505,5,5,22996.97,2.2077086,1.0,34.0,Fear
0x420ab45e0bd8863569a5efbb9c05d91f40624641,2025-03-19,0.0,58,0,5839.154827586207,0.28028149963793103,0.0,32.0,Fear
0x420ab45e0bd8863569a5efbb9c05d91f40624641,2025-03-25,0.0,11,0,9047.907272727272,0.8685981818181818,0.0,46.0,Neutral
0x420ab45e0bd8863569a5efbb9c05d91f40624641,2025-04-10,8720.984286,11,11,4002.4445454545453,0.8376133636363636,1.0,39.0,Fear
0x430f09841d65beb3f27765503d0f850b8bce7713,2024-04-20,0.0,20,0,2436.6825,5.8544595,0.0,66.0,Greed
0x430f09841d65beb3f27765503d0f850b8bce7713,2024-04-25,0.0,68,0,753.8510294117647,2.0002473529411766,0.0,72.0,Greed
0x430f09841d65beb3f27765503d0f850b8bce7713,2024-06-19,0.0,3,0,7722.796666666666,2.4119296666666665,0.0,64.0,Greed
0x430f09841d65beb3f27765503d0f850b8bce7713,2024-06-20,57478.456026,8,8,21188.46875,0.0,1.0,60.0,Greed
0x430f09841d65beb3f27765503d0f850b8bce7713,2024-07-23,88084.992348,229,229,1072.2595633187773,0.10722560262008735,1.0,71.0,Greed
0x430f09841d65beb3f27765503d0f850b8bce7713,2024-07-24,0.0,2,0,0.335,0.0,0.0,69.0,Greed
0x430f09841d65beb3f27765503d0f850b8bce7713,2024-07-25,0.0,1,0,0.94,0.0,0.0,68.0,Greed
0x430f09841d65beb3f27765503d0f850b8bce7713,2024-08-09,0.0,1,0,0.12,0.0,0.0,48.0,Neutral
0x430f09841d65beb3f27765503d0f850b8bce7713,2024-08-10,0.0,1,0,0.68,0.0,0.0,40.0,Fear
0x430f09841d65beb3f27765503d0f850b8bce7713,2024-08-12,0.0,1,0,0.61,0.0,0.0,25.0,Fear
0x430f09841d65beb3f27765503d0f850b8bce7713,2024-08-13,0.0,1,0,0.67,0.0,0.0,31.0,Fear
0x430f09841d65beb3f27765503d0f850b8bce7713,2024-08-14,0.0,1,0,0.53,0.0,0.0,30.0,Fear
0x430f09841d65beb3f27765503d0f850b8bce7713,2024-08-30,0.0,1,0,0.62,0.0,0.0,34.0,Fear
0x430f09841d65beb3f27765503d0f850b8bce7713,2024-08-31,0.0,1,0,0.96,0.0,0.0,29.0,Fear
0x430f09841d65beb3f27765503d0f850b8bce7713,2024-09-11,0.0,1,0,0.54,0.0,0.0,37.0,Fear
0x430f09841d65beb3f27765503d0f850b8bce7713,2024-09-14,0.0,1,0,0.65,0.0,0.0,50.0,Neutral
0x430f09841d65beb3f27765503d0f850b8bce7713,2024-09-21,36165.56933,23,23,7202.092173913044,2.5207322173913043,1.0,54.0,Neutral
0x430f09841d65beb3f27765503d0f850b8bce7713,2024-10-05,0.0,1,0,0.61,0.0,0.0,49.0,Neutral
0x430f09841d65beb3f27765503d0f850b8bce7713,2024-10-11,0.0,1,0,0.73,0.0,0.0,32.0,Fear
0x430f09841d65beb3f27765503d0f850b8bce7713,2024-11-29,124284.948775,15,15,8285.689333333334,2.8999908666666667,1.0,78.0,Extreme Greed
0x430f09841d65beb3f27765503d0f850b8bce7713,2025-02-07,5615.052102,93,24,4485.160645161291,0.5143929784946236,0.25806451612903225,44.0,Fear
0x430f09841d65beb3f27765503d0f850b8bce7713,2025-02-12,22795.8104,108,45,4261.555092592593,1.433038074074074,0.4166666666666667,46.0,Neutral
0x430f09841d65beb3f27765503d0f850b8bce7713,2025-02-21,82117.04336,255,255,1500.5277647058824,0.15055630196078432,1.0,55.0,Greed
0x430f09841d65beb3f27765503d0f850b8bce7713,2025-04-09,0.0,79,0,5570.2651898734175,0.5570259873417721,0.0,18.0,Extreme Fear
0x430f09841d65beb3f27765503d0f850b8bce7713,2025-04-16,0.0,78,0,1231.3267948717948,0.12313232051282053,0.0,29.0,Fear
0x430f09841d65beb3f27765503d0f850b8bce7713,2025-04-18,0.0,58,0,1514.5613793103448,0.1514555,0.0,33.0,Fear
0x430f09841d65beb3f27765503d0f850b8bce7713,2025-04-26,0.0,132,0,838.0906060606061,0.08380863636363636,0.0,65.0,Greed
0x430f09841d65beb3f27765503d0f850b8bce7713,2025-04-29,0.0,54,0,2655.1648148148147,0.8551614074074074,0.0,60.0,Greed
0x47add9a56df66b524d5e2c1993a43cde53b6ed85,2024-11-30,8.570313,8,1,249.58375,0.01362494125,0.125,84.0,Extreme Greed
0x47add9a56df66b524d5e2c1993a43cde53b6ed85,2024-12-01,197.422418,4,2,358.71500000000003,0.06644673499999999,0.5,81.0,Extreme Greed
0x47add9a56df66b524d5e2c1993a43cde53b6ed85,2024-12-03,30.727222,42,1,330.0188095238095,0.05318245309523809,0.023809523809523808,76.0,Extreme Greed
0x47add9a56df66b524d5e2c1993a43cde53b6ed85,2024-12-04,910.584797,102,14,795.8152941176471,0.21027720725490195,0.13725490196078433,78.0,Extreme Greed
0x47add9a56df66b524d5e2c1993a43cde53b6ed85,2024-12-05,3174.023699,290,106,587.6594137931035,0.16752472424137932,0.36551724137931035,84.0,Extreme Greed
0x47add9a56df66b524d5e2c1993a43cde53b6ed85,2024-12-06,514.886454,108,32,1009.2267592592593,0.20685998814814813,0.2962962962962963,72.0,Greed
0x47add9a56df66b524d5e2c1993a43cde53b6ed85,2024-12-07,1040.616939,180,63,580.1653888888889,0.17092043472222224,0.35,75.0,Extreme Greed
0x47add9a56df66b524d5e2c1993a43cde53b6ed85,2024-12-08,227.072158,69,25,423.3769565217391,0.11699695144927537,0.36231884057971014,79.0,Extreme Greed
0x47add9a56df66b524d5e2c1993a43cde53b6ed85,2024-12-09,311.290605,55,19,399.53854545454544,0.09571828509090909,0.34545454545454546,78.0,Extreme Greed
0x47add9a56df66b524d5e2c1993a43cde53b6ed85,2024-12-10,1474.670598,182,67,512.06510989011,0.12371525840659342,0.36813186813186816,78.0,Extreme Greed
0x47add9a56df66b524d5e2c1993a43cde53b6ed85,2024-12-11,1157.689489,325,109,307.6034769230769,0.0815869043076923,0.3353846153846154,74.0,Greed
0x47add9a56df66b524d5e2c1993a43cde53b6ed85,2024-12-12,574.398074,159,46,458.38842767295597,0.13880700943396226,0.2893081761006289,83.0,Extreme Greed
0x47add9a56df66b524d5e2c1993a43cde53b6ed85,2024-12-13,587.630504,148,52,573.9341216216217,0.17333285864864864,0.35135135135135137,76.0,Extreme Greed
0x47add9a56df66b524d5e2c1993a43cde53b6ed85,2024-12-14,1178.021061,62,28,488.356935483871,0.1410126051612903,0.45161290322580644,83.0,Extreme Greed
0x47add9a56df66b524d5e2c1993a43cde53b6ed85,2024-12-15,10303.889423,181,73,622.4760773480663,0.12847159679558012,0.40331491712707185,80.0,Extreme Greed
0x47add9a56df66b524d5e2c1993a43cde53b6ed85,2024-12-16,333.398209,92,27,574.7419565217391,0.17425608771739132,0.29347826086956524,83.0,Extreme Greed
0x47add9a56df66b524d5e2c1993a43cde53b6ed85,2024-12-17,21172.081622,396,116,327.79242424242426,0.5049044916414142,0.29292929292929293,87.0,Extreme Greed
0x47add9a56df66b524d5e2c1993a43cde53b6ed85,2024-12-18,3311.822419,226,47,380.76508849557524,0.08362634898230088,0.2079646017699115,81.0,Extreme Greed
0x47add9a56df66b524d5e2c1993a43cde53b6ed85,2024-12-19,3491.018544,135,63,427.7865185185185,0.10352774814814815,0.4666666666666667,75.0,Extreme Greed
0x47add9a56df66b524d5e2c1993a43cde53b6ed85,2024-12-20,6049.6938279999995,128,54,718.267421875,0.1496910796875,0.421875,74.0,Greed
0x47add9a56df66b524d5e2c1993a43cde53b6ed85,2024-12-21,7454.276452,229,86,475.0544978165939,0.11567644091703057,0.37554585152838427,73.0,Greed
0x47add9a56df66b524d5e2c1993a43cde53b6ed85,2024-12-22,1063.854341,102,30,441.9328431372549,0.11274093294117646,0.29411764705882354,73.0,Greed
0x47add9a56df66b524d5e2c1993a43cde53b6ed85,2024-12-23,4704.4420789999995,486,193,478.66473251028805,0.10085250734567901,0.39711934156378603,70.0,Greed
0x47add9a56df66b524d5e2c1993a43cde53b6ed85,2024-12-24,1506.989241,121,51,393.04826446280987,0.09755143371900826,0.4214876033057851,73.0,Greed
0x47add9a56df66b524d5e2c1993a43cde53b6ed85,2024-12-25,271.246809,99,30,434.2566666666667,0.12346487898989898,0.30303030303030304,73.0,Greed
0x47add9a56df66b524d5e2c1993a43cde53b6ed85,2024-12-26,9136.439892,160,56,875.6657499999999,0.1486030474375,0.35,79.0,Extreme Greed
0x47add9a56df66b524d5e2c1993a43cde53b6ed85,2024-12-27,1473.2450880000001,115,70,439.5926086956522,0.07313591495652173,0.6086956521739131,74.0,Greed
0x47add9a56df66b524d5e2c1993a43cde53b6ed85,2024-12-28,74.156745,43,10,286.27116279069764,0.07107353488372094,0.23255813953488372,72.0,Greed
0x47add9a56df66b524d5e2c1993a43cde53b6ed85,2024-12-29,1609.679253,92,39,473.0703260869565,0.10525978467391303,0.42391304347826086,73.0,Greed
0x47add9a56df66b524d5e2c1993a43cde53b6ed85,2024-12-30,240.749155,59,30,530.9594915254237,0.12470539288135593,0.5084745762711864,65.0,Greed
0x47add9a56df66b524d5e2c1993a43cde53b6ed85,2024-12-31,97.688169,99,7,541.9542424242425,0.1094433612121212,0.0707070707070707,64.0,Greed
0x47add9a56df66b524d5e2c1993a43cde53b6ed85,2025-01-01,17.784696,16,3,632.90125,0.15221708312499999,0.1875,66.0,Greed
0x47add9a56df66b524d5e2c1993a43cde53b6ed85,2025-01-02,677.276764,90,43,548.5241111111111,0.13693809299999998,0.4777777777777778,70.0,Greed
0x47add9a56df66b524d5e2c1993a43cde53b6ed85,2025-01-03,846.655814,102,24,321.5754901960784,0.0810479624509804,0.23529411764705882,74.0,Greed
0x47add9a56df66b524d5e2c1993a43cde53b6ed85,2025-01-04,73.451675,57,15,628.7080701754386,0.19505798315789472,0.2631578947368421,73.0,Greed
0x47add9a56df66b524d5e2c1993a43cde53b6ed85,2025-01-05,8.594753,38,4,439.9673684210526,0.09573278947368422,0.10526315789473684,72.0,Greed
0x47add9a56df66b524d5e2c1993a43cde53b6ed85,2025-01-06,559.643925,84,17,414.94607142857143,0.1001388244047619,0.20238095238095238,76.0,Extreme Greed
0x47add9a56df66b524d5e2c1993a43cde53b6ed85,2025-01-07,289.257865,40,31,1311.98475,0.38640913375,0.775,78.0,Extreme Greed
0x47add9a56df66b524d5e2c1993a43cde53b6ed85,2025-01-08,1377.989592,187,59,524.9171122994652,0.11380903951871658,0.3155080213903743,70.0,Greed
0x47add9a56df66b524d5e2c1993a43cde53b6ed85,2025-01-09,279.587921,95,18,498.5522105263158,0.09374096452631579,0.18947368421052632,69.0,Greed
0x47add9a56df66b524d5e2c1993a43cde53b6ed85,2025-01-10,-271.259943,97,26,586.3769072164948,0.13102370257731957,0.26804123711340205,50.0,Neutral
0x47add9a56df66b524d5e2c1993a43cde53b6ed85,2025-01-11,71.39075800000003,39,7,484.43128205128204,0.11665513923076923,0.1794871794871795,69.0,Greed
0x47add9a56df66b524d5e2c1993a43cde53b6ed85,2025-01-12,103.67729899999999,44,6,282.01,0.07485761363636363,0.13636363636363635,62.0,Greed
0x47add9a56df66b524d5e2c1993a43cde53b6ed85,2025-01-13,218.429393,67,8,540.2710447761193,0.0936287519402985,0.11940298507462686,61.0,Greed
0x47add9a56df66b524d5e2c1993a43cde53b6ed85,2025-01-14,992.803005,79,25,484.3945569620253,0.12964831645569622,0.31645569620253167,63.0,Greed
0x47add9a56df66b524d5e2c1993a43cde53b6ed85,2025-01-15,361.155853,72,27,792.0838888888889,0.16933923611111112,0.375,70.0,Greed
0x47add9a56df66b524d5e2c1993a43cde53b6ed85,2025-01-16,319.22369499999996,88,23,467.3454545454546,0.12431825,0.26136363636363635,75.0,Extreme Greed
0x47add9a56df66b524d5e2c1993a43cde53b6ed85,2025-01-17,498.16985999999997,50,25,558.7280000000001,0.1390145,0.5,75.0,Extreme Greed
0x47add9a56df66b524d5e2c1993a43cde53b6ed85,2025-01-18,307.105046,34,17,583.8729411764706,0.16973182352941177,0.5,77.0,Extreme Greed
0x47add9a56df66b524d5e2c1993a43cde53b6ed85,2025-01-19,541.742729,27,10,855.0277777777778,0.22642541666666668,0.37037037037037035,77.0,Extreme Greed
0x47add9a56df66b524d5e2c1993a43cde53b6ed85,2025-01-20,2262.94445,66,37,1131.5053030303031,0.30233342166666666,0.5606060606060606,76.0,Extreme Greed
0x47add9a56df66b524d5e2c1993a43cde53b6ed85,2025-01-21,287.821918,13,6,645.536153846154,0.10152938461538462,0.46153846153846156,76.0,Extreme Greed
0x47add9a56df66b524d5e2c1993a43cde53b6ed85,2025-01-22,2867.6138889999997,98,35,587.97,0.16130112132653063,0.35714285714285715,84.0,Extreme Greed
0x47add9a56df66b524d5e2c1993a43cde53b6ed85,2025-01-23,420.491149,26,12,501.15999999999997,0.1182355923076923,0.46153846153846156,75.0,Extreme Greed
0x47add9a56df66b524d5e2c1993a43cde53b6ed85,2025-01-24,553.5255989999999,40,18,583.839,0.12808325,0.45,75.0,Extreme Greed
0x47add9a56df66b524d5e2c1993a43cde53b6ed85,2025-01-25,416.148576,36,20,607.7458333333333,0.15087041666666667,0.5555555555555556,75.0,Extreme Greed
0x47add9a56df66b524d5e2c1993a43cde53b6ed85,2025-01-26,535.938645,18,16,586.3983333333333,0.16269497333333333,0.8888888888888888,73.0,Greed
0x47add9a56df66b524d5e2c1993a43cde53b6ed85,2025-01-27,1295.825632,83,34,600.4903614457832,0.14603205795180724,0.40963855421686746,71.0,Greed
0x47add9a56df66b524d5e2c1993a43cde53b6ed85,2025-01-28,475.702642,43,27,577.776511627907,0.13797906860465117,0.627906976744186,72.0,Greed
0x47add9a56df66b524d5e2c1993a43cde53b6ed85,2025-01-29,41.935052,14,3,446.21642857142854,0.06301179999999999,0.21428571428571427,72.0,Greed
0x47add9a56df66b524d5e2c1993a43cde53b6ed85,2025-01-30,783.829317,44,19,634.8495454545455,0.12996310204545455,0.4318181818181818,70.0,Greed
0x47add9a56df66b524d5e2c1993a43cde53b6ed85,2025-01-31,488.582241,57,23,426.12614035087717,0.11880604894736842,0.40350877192982454,76.0,Extreme Greed
0x47add9a56df66b524d5e2c1993a43cde53b6ed85,2025-02-01,526.448209,33,23,490.5812121212121,0.1351158893939394,0.696969696969697,68.0,Greed
0x47add9a56df66b524d5e2c1993a43cde53b6ed85,2025-02-02,-782.6517170000001,108,27,475.55675925925925,0.0908097025,0.25,60.0,Greed
0x47add9a56df66b524d5e2c1993a43cde53b6ed85,2025-02-03,2440.916534,182,73,633.5157142857142,0.17138933236263737,0.4010989010989011,44.0,Fear
0x47add9a56df66b524d5e2c1993a43cde53b6ed85,2025-02-04,874.3810560000001,34,16,389.9655882352941,0.10613422794117647,0.47058823529411764,72.0,Greed
0x47add9a56df66b524d5e2c1993a43cde53b6ed85,2025-02-05,32.72269,3,1,431.90000000000003,0.14511766666666667,0.3333333333333333,54.0,Neutral
0x47add9a56df66b524d5e2c1993a43cde53b6ed85,2025-02-06,922.6724320000001,63,15,414.6168253968254,0.10584776142857143,0.23809523809523808,49.0,Neutral
0x47add9a56df66b524d5e2c1993a43cde53b6ed85,2025-02-07,126.11297599999999,17,14,288.2288235294118,0.07708041176470588,0.8235294117647058,44.0,Fear
0x47add9a56df66b524d5e2c1993a43cde53b6ed85,2025-02-08,78.902492,22,5,532.6045454545455,0.11596082772727273,0.22727272727272727,44.0,Fear
0x47add9a56df66b524d5e2c1993a43cde53b6ed85,2025-02-09,378.027954,29,22,352.76931034482755,0.09163286206896552,0.7586206896551724,46.0,Neutral
0x47add9a56df66b524d5e2c1993a43cde53b6ed85,2025-02-10,4.42722,6,2,521.32,0.1351645,0.3333333333333333,43.0,Fear
0x47add9a56df66b524d5e2c1993a43cde53b6ed85,2025-02-11,314.918282,17,7,456.26176470588234,0.1357326517647059,0.4117647058823529,47.0,Neutral
0x47add9a56df66b524d5e2c1993a43cde53b6ed85,2025-02-12,117.09923500000001,5,4,661.658,0.222316,0.8,46.0,Neutral
0x47add9a56df66b524d5e2c1993a43cde53b6ed85,2025-02-13,534.854304,47,27,383.71595744680855,0.09614305340425532,0.574468085106383,50.0,Neutral
0x47add9a56df66b524d5e2c1993a43cde53b6ed85,2025-02-14,-10.630689999999959,47,32,315.5821276595745,0.07795331914893618,0.6808510638297872,48.0,Neutral
0x47add9a56df66b524d5e2c1993a43cde53b6ed85,2025-02-15,231.07204,21,5,367.2038095238095,0.06177078333333333,0.23809523809523808,50.0,Neutral
0x47add9a56df66b524d5e2c1993a43cde53b6ed85,2025-02-16,278.922501,41,17,396.6439024390244,0.11800121951219512,0.4146341463414634,54.0,Neutral
0x47add9a56df66b524d5e2c1993a43cde53b6ed85,2025-02-17,19.482565,13,5,392.2353846153846,0.05938532769230769,0.38461538461538464,51.0,Neutral
0x47add9a56df66b524d5e2c1993a43cde53b6ed85,2025-02-18,336.64107,54,20,415.7527777777778,0.0901523687037037,0.37037037037037035,47.0,Neutral
0x47add9a56df66b524d5e2c1993a43cde53b6ed85,2025-02-19,89.261197,22,6,303.90090909090907,0.05021159818181819,0.2727272727272727,44.0,Fear
0x47add9a56df66b524d5e2c1993a43cde53b6ed85,2025-02-20,168.023469,13,11,378.7576923076923,0.12726146153846155,0.8461538461538461,49.0,Neutral
0x47add9a56df66b524d5e2c1993a43cde53b6ed85,2025-02-21,165.776644,15,11,301.59066666666666,0.08933433333333334,0.7333333333333333,55.0,Greed
0x47add9a56df66b524d5e2c1993a43cde53b6ed85,2025-02-22,31.523152,18,2,343.53666666666663,0.09876672222222221,0.1111111111111111,49.0,Neutral
0x47add9a56df66b524d5e2c1993a43cde53b6ed85,2025-02-23,122.057796,7,5,369.9928571428572,0.09860985714285715,0.7142857142857143,50.0,Neutral
0x47add9a56df66b524d5e2c1993a43cde53b6ed85,2025-02-24,437.185458,29,11,543.7444827586207,0.10758493310344827,0.3793103448275862,49.0,Neutral
0x47add9a56df66b524d5e2c1993a43cde53b6ed85,2025-02-25,3455.584856,190,70,512.5179473684211,0.12002674263157895,0.3684210526315789,25.0,Fear
0x47add9a56df66b524d5e2c1993a43cde53b6ed85,2025-02-26,-200.798196,28,3,603.3185714285713,0.16201153571428573,0.10714285714285714,21.0,Extreme Fear
0x47add9a56df66b524d5e2c1993a43cde53b6ed85,2025-02-27,-195.841458,18,1,330.11833333333334,0.08759483333333334,0.05555555555555555,10.0,Extreme Fear
0x47add9a56df66b524d5e2c1993a43cde53b6ed85,2025-02-28,933.170538,71,26,514.1759154929578,0.1278225633802817,0.36619718309859156,16.0,Extreme Fear
0x47add9a56df66b524d5e2c1993a43cde53b6ed85,2025-03-01,109.593094,27,12,617.1918518518519,0.167384,0.4444444444444444,20.0,Extreme Fear
0x47add9a56df66b524d5e2c1993a43cde53b6ed85,2025-03-02,349.12092600000005,21,8,1106.6938095238095,0.22817922285714284,0.38095238095238093,26.0,Fear
0x47add9a56df66b524d5e2c1993a43cde53b6ed85,2025-03-03,376.017126,33,12,591.2160606060606,0.16956493939393938,0.36363636363636365,33.0,Fear
0x47add9a56df66b524d5e2c1993a43cde53b6ed85,2025-03-04,444.266681,32,7,502.8234375,0.1194746828125,0.21875,15.0,Extreme Fear
0x47add9a56df66b524d5e2c1993a43cde53b6ed85,2025-03-05,423.18325600000003,21,6,550.0914285714285,0.07079563428571428,0.2857142857142857,20.0,Extreme Fear
0x47add9a56df66b524d5e2c1993a43cde53b6ed85,2025-03-06,102.92652,12,6,742.9966666666666,0.2090304441666667,0.5,25.0,Fear
0x47add9a56df66b524d5e2c1993a43cde53b6ed85,2025-03-07,781.670551,62,16,463.668064516129,0.09100777548387097,0.25806451612903225,34.0,Fear
0x47add9a56df66b524d5e2c1993a43cde53b6ed85,2025-03-08,119.3611,31,7,449.9274193548387,0.09124093548387097,0.22580645161290322,28.0,Fear
0x47add9a56df66b524d5e2c1993a43cde53b6ed85,2025-03-09,0.0,8,0,827.6537500000001,0.10011538249999999,0.0,27.0,Fear
0x47add9a56df66b524d5e2c1993a43cde53b6ed85,2025-03-10,0.0,16,0,734.3568750000001,0.216315823125,0.0,20.0,Extreme Fear
0x47add9a56df66b524d5e2c1993a43cde53b6ed85,2025-03-11,266.837111,32,4,504.60375,0.1061577903125,0.125,24.0,Extreme Fear
0x47add9a56df66b524d5e2c1993a43cde53b6ed85,2025-03-12,78.714444,7,3,738.5457142857142,0.24815057142857144,0.42857142857142855,34.0,Fear
0x47add9a56df66b524d5e2c1993a43cde53b6ed85,2025-03-13,-1.2672399999999993,9,2,364.46555555555557,0.041393526666666666,0.2222222222222222,45.0,Neutral
0x47add9a56df66b524d5e2c1993a43cde53b6ed85,2025-03-15,202.313183,36,30,837.4561111111111,0.25472325,0.8333333333333334,46.0,Neutral
0x47add9a56df66b524d5e2c1993a43cde53b6ed85,2025-03-16,-6.342484000000001,7,2,569.8328571428572,0.1743362857142857,0.2857142857142857,30.0,Fear
0x47add9a56df66b524d5e2c1993a43cde53b6ed85,2025-03-17,-31.277088,3,0,705.3433333333334,0.17700799999999997,0.0,32.0,Fear
0x47add9a56df66b524d5e2c1993a43cde53b6ed85,2025-03-19,-2.8135689999999993,12,2,485.3908333333334,0.128105,0.16666666666666666,32.0,Fear
0x47add9a56df66b524d5e2c1993a43cde53b6ed85,2025-03-20,-147.78931200000002,20,14,769.2385,0.2164837,0.7,49.0,Neutral
0x47add9a56df66b524d5e2c1993a43cde53b6ed85,2025-03-21,39.1247,6,2,494.46000000000004,0.13613833333333333,0.3333333333333333,31.0,Fear
0x47add9a56df66b524d5e2c1993a43cde53b6ed85,2025-03-22,-1184.046158,11,0,340.78363636363633,0.08178054545454545,0.0,32.0,Fear
0x47add9a56df66b524d5e2c1993a43cde53b6ed85,2025-03-23,0.0,2,0,374.475,0.125823,0.0,30.0,Fear
0x47add9a56df66b524d5e2c1993a43cde53b6ed85,2025-03-24,-216.431703,25,10,545.196,0.11841056,0.4,45.0,Neutral
0x47add9a56df66b524d5e2c1993a43cde53b6ed85,2025-03-25,87.95347999999998,3,1,377.80999999999995,0.06694833333333333,0.3333333333333333,46.0,Neutral
0x47add9a56df66b524d5e2c1993a43cde53b6ed85,2025-03-26,69.285,3,1,749.9666666666667,0.027429399999999996,0.3333333333333333,47.0,Neutral
0x47add9a56df66b524d5e2c1993a43cde53b6ed85,2025-03-30,0.0,3,0,250.07333333333335,0.006560863333333333,0.0,32.0,Fear
0x47add9a56df66b524d5e2c1993a43cde53b6ed85,2025-03-31,798.187528,16,5,471.555,0.1509425,0.3125,34.0,Fear
0x47add9a56df66b524d5e2c1993a43cde53b6ed85,2025-04-01,-680.287463,19,6,247.43947368421055,0.08313836842105263,0.3157894736842105,34.0,Fear
0x47add9a56df66b524d5e2c1993a43cde53b6ed85,2025-04-02,93.006465,4,3,405.9275,0.0914225,0.75,44.0,Fear
0x47add9a56df66b524d5e2c1993a43cde53b6ed85,2025-04-03,7.052034,14,2,635.2357142857143,0.12727918357142856,0.14285714285714285,25.0,Fear
0x47add9a56df66b524d5e2c1993a43cde53b6ed85,2025-04-04,0.0,2,0,874.78,0.217108815,0.0,28.0,Fear
0x47add9a56df66b524d5e2c1993a43cde53b6ed85,2025-04-05,-132.88134,25,10,586.6572,0.16352608,0.4,30.0,Fear
0x47add9a56df66b524d5e2c1993a43cde53b6ed85,2025-04-06,-1400.5515480000001,15,4,661.3813333333333,0.1542413333333333,0.26666666666666666,34.0,Fear
0x47add9a56df66b524d5e2c1993a43cde53b6ed85,2025-04-07,-5651.552238,48,7,569.6545833333333,0.17265420833333334,0.14583333333333334,23.0,Extreme Fear
0x47add9a56df66b524d5e2c1993a43cde53b6ed85,2025-04-08,-6745.027414,42,11,700.9559523809525,0.13568532404761904,0.2619047619047619,24.0,Extreme Fear
0x47add9a56df66b524d5e2c1993a43cde53b6ed85,2025-04-09,-3911.273892,56,26,638.1583928571429,0.1630009464285714,0.4642857142857143,18.0,Extreme Fear
0x47add9a56df66b524d5e2c1993a43cde53b6ed85,2025-04-10,258.032458,21,8,520.317619047619,0.1085424380952381,0.38095238095238093,39.0,Fear
0x47add9a56df66b524d5e2c1993a43cde53b6ed85,2025-04-11,608.246567,28,17,378.8592857142857,0.08274578250357142,0.6071428571428571,25.0,Fear
0x47add9a56df66b524d5e2c1993a43cde53b6ed85,2025-04-12,3105.920269,41,24,550.1919512195121,0.1498476756097561,0.5853658536585366,43.0,Fear
0x47add9a56df66b524d5e2c1993a43cde53b6ed85,2025-04-13,490.32631200000003,26,10,601.84,0.08639830446153847,0.38461538461538464,45.0,Neutral
0x47add9a56df66b524d5e2c1993a43cde53b6ed85,2025-04-14,263.769257,7,5,377.75428571428574,0.06804745285714285,0.7142857142857143,31.0,Fear
0x47add9a56df66b524d5e2c1993a43cde53b6ed85,2025-04-16,17.022667,11,3,768.989090909091,0.16509629363636363,0.2727272727272727,29.0,Fear
0x47add9a56df66b524d5e2c1993a43cde53b6ed85,2025-04-17,169.67583499999998,29,15,456.538275862069,0.09443162034482758,0.5172413793103449,30.0,Fear
0x47add9a56df66b524d5e2c1993a43cde53b6ed85,2025-04-19,64.128219,2,2,375.075,0.12602449999999998,1.0,32.0,Fear
0x47add9a56df66b524d5e2c1993a43cde53b6ed85,2025-04-20,12.652267000000005,21,11,580.8100000000001,0.07937279741904761,0.5238095238095238,37.0,Fear
0x47add9a56df66b524d5e2c1993a43cde53b6ed85,2025-04-21,-2.1503300000000003,12,5,249.97833333333332,0.04301357333333333,0.4166666666666667,39.0,Fear
0x47add9a56df66b524d5e2c1993a43cde53b6ed85,2025-04-22,-282.266207,14,1,343.8335714285714,0.0683965,0.07142857142857142,47.0,Neutral
0x47add9a56df66b524d5e2c1993a43cde53b6ed85,2025-04-23,511.720343,45,16,336.54622222222224,0.08407879933333333,0.35555555555555557,72.0,Greed
0x47add9a56df66b524d5e2c1993a43cde53b6ed85,2025-04-24,350.896638,24,6,396.0429166666667,0.073489165,0.25,63.0,Greed
0x47add9a56df66b524d5e2c1993a43cde53b6ed85,2025-04-25,0.0,7,0,392.83714285714285,0.02474720714285714,0.0,60.0,Greed
0x47add9a56df66b524d5e2c1993a43cde53b6ed85,2025-04-26,147.607393,18,4,288.9161111111111,0.06540995944444444,0.2222222222222222,65.0,Greed
0x47add9a56df66b524d5e2c1993a43cde53b6ed85,2025-04-27,361.183441,13,9,370.71153846153845,0.10426368384615384,0.6923076923076923,61.0,Greed
0x47add9a56df66b524d5e2c1993a43cde53b6ed85,2025-04-28,146.420556,9,8,360.80111111111114,0.06123977777777778,0.8888888888888888,54.0,Neutral
0x47add9a56df66b524d5e2c1993a43cde53b6ed85,2025-04-29,30.495403,7,1,356.9714285714286,0.05137414285714286,0.14285714285714285,60.0,Greed
0x47add9a56df66b524d5e2c1993a43cde53b6ed85,2025-05-01,37.385304,7,1,299.0128571428572,0.10046771428571429,0.14285714285714285,53.0,Neutral
0x4acb90e786d897ecffb614dc822eb231b4ffb9f4,2024-12-14,0.0,1,0,24979.8,4.898,0.0,83.0,Extreme Greed
0x4acb90e786d897ecffb614dc822eb231b4ffb9f4,2024-12-19,7440.638159,89,36,5090.390786516854,1.155787775280899,0.4044943820224719,75.0,Extreme Greed
0x4acb90e786d897ecffb614dc822eb231b4ffb9f4,2024-12-20,53635.529649,238,99,9628.82474789916,2.6120834285714283,0.41596638655462187,74.0,Greed
0x4acb90e786d897ecffb614dc822eb231b4ffb9f4,2024-12-27,357.346725,18,9,7190.583333333333,2.5167037222222226,0.5,74.0,Greed
0x4acb90e786d897ecffb614dc822eb231b4ffb9f4,2024-12-30,2227.18659,38,25,6536.572105263158,1.4780544210526314,0.6578947368421053,65.0,Greed
0x4acb90e786d897ecffb614dc822eb231b4ffb9f4,2025-01-08,0.0,139,0,5040.074460431654,1.7640256762589928,0.0,70.0,Greed
0x4acb90e786d897ecffb614dc822eb231b4ffb9f4,2025-01-09,35352.95374,96,56,7755.243541666667,2.1389434687500004,0.5833333333333334,69.0,Greed
0x4acb90e786d897ecffb614dc822eb231b4ffb9f4,2025-01-10,2812.7685,27,27,4195.841481481481,1.468544,1.0,50.0,Neutral
0x4acb90e786d897ecffb614dc822eb231b4ffb9f4,2025-01-12,927.412681,390,390,830.1821794871795,0.08301789230769231,1.0,62.0,Greed
0x4acb90e786d897ecffb614dc822eb231b4ffb9f4,2025-01-13,0.0,23,0,6845.160434782609,0.6845156086956522,0.0,61.0,Greed
0x4acb90e786d897ecffb614dc822eb231b4ffb9f4,2025-01-16,13963.52,4,4,42850.549999999996,4.285055,1.0,75.0,Extreme Greed
0x4acb90e786d897ecffb614dc822eb231b4ffb9f4,2025-01-19,1519.769822,30,20,3916.7593333333334,1.370865,0.6666666666666666,77.0,Extreme Greed
0x4acb90e786d897ecffb614dc822eb231b4ffb9f4,2025-01-20,-2427.873799,43,0,2596.646976744186,0.9088257674418606,0.0,76.0,Extreme Greed
0x4acb90e786d897ecffb614dc822eb231b4ffb9f4,2025-02-20,0.0,13,0,1538.4553846153844,0.02192586076923077,0.0,49.0,Neutral
0x4acb90e786d897ecffb614dc822eb231b4ffb9f4,2025-02-24,856.4737299999999,41,7,5876.914634146341,2.056919707317073,0.17073170731707318,49.0,Neutral
0x4acb90e786d897ecffb614dc822eb231b4ffb9f4,2025-02-25,11271.895074,215,114,5634.781581395349,0.9838026418604652,0.5302325581395348,25.0,Fear
0x4acb90e786d897ecffb614dc822eb231b4ffb9f4,2025-02-26,22137.551238,50,50,8442.721599999999,2.95495196,1.0,21.0,Extreme Fear
0x4acb90e786d897ecffb614dc822eb231b4ffb9f4,2025-02-27,503.31943,12,4,8378.118333333334,2.9323405833333336,0.3333333333333333,10.0,Extreme Fear
0x4acb90e786d897ecffb614dc822eb231b4ffb9f4,2025-02-28,22299.186495,89,72,14857.899887640451,4.357571516853933,0.8089887640449438,16.0,Extreme Fear
0x4acb90e786d897ecffb614dc822eb231b4ffb9f4,2025-03-03,0.0,19,0,10522.962631578948,3.6830363684210523,0.0,33.0,Fear
0x4acb90e786d897ecffb614dc822eb231b4ffb9f4,2025-03-04,0.0,155,0,5549.306774193548,0.8132295032258064,0.0,15.0,Extreme Fear
0x4acb90e786d897ecffb614dc822eb231b4ffb9f4,2025-03-06,5109.859504,15,5,9685.342,3.3898696,0.3333333333333333,25.0,Fear
0x4acb90e786d897ecffb614dc822eb231b4ffb9f4,2025-03-07,0.0,57,0,1755.7517543859651,0.6145127017543859,0.0,34.0,Fear
0x4acb90e786d897ecffb614dc822eb231b4ffb9f4,2025-03-10,0.08712,114,1,5590.744561403509,1.518164307017544,0.008771929824561403,20.0,Extreme Fear
0x4acb90e786d897ecffb614dc822eb231b4ffb9f4,2025-03-11,0.0,84,0,3216.501666666667,0.5305382738095238,0.0,24.0,Extreme Fear
0x4acb90e786d897ecffb614dc822eb231b4ffb9f4,2025-03-13,0.0,15,0,4349.66,0.4349657333333334,0.0,45.0,Neutral
0x4acb90e786d897ecffb614dc822eb231b4ffb9f4,2025-03-20,4839.59228,195,151,3233.520923076923,0.5833252717948718,0.7743589743589744,49.0,Neutral
0x4acb90e786d897ecffb614dc822eb231b4ffb9f4,2025-03-21,0.0,17,0,1470.5794117647058,0.14705770588235295,0.0,31.0,Fear
0x4acb90e786d897ecffb614dc822eb231b4ffb9f4,2025-03-22,4350.379248,53,53,1308.6299999999999,0.30682896226415096,1.0,32.0,Fear
0x4acb90e786d897ecffb614dc822eb231b4ffb9f4,2025-03-23,2897.148962,76,26,3986.6614473684212,1.0663859078947369,0.34210526315789475,30.0,Fear
0x4acb90e786d897ecffb614dc822eb231b4ffb9f4,2025-03-24,48946.705539,185,185,6360.884432432433,0.9499692378378378,1.0,45.0,Neutral
0x4acb90e786d897ecffb614dc822eb231b4ffb9f4,2025-03-25,30531.101000000002,50,50,12797.315200000001,4.47905984,1.0,46.0,Neutral
0x4acb90e786d897ecffb614dc822eb231b4ffb9f4,2025-03-26,9261.449882,140,85,4924.3603571428575,0.8659303428571429,0.6071428571428571,47.0,Neutral
0x4acb90e786d897ecffb614dc822eb231b4ffb9f4,2025-03-29,314.6728,23,3,15232.22,5.331276347826087,0.13043478260869565,26.0,Fear
0x4acb90e786d897ecffb614dc822eb231b4ffb9f4,2025-03-30,5362.529222,21,21,12161.259047619047,1.8541489047619049,1.0,32.0,Fear
0x4acb90e786d897ecffb614dc822eb231b4ffb9f4,2025-03-31,4750.8109939999995,47,26,9463.05744680851,2.2482421489361704,0.5531914893617021,34.0,Fear
0x4acb90e786d897ecffb614dc822eb231b4ffb9f4,2025-04-02,444.205198,16,10,37473.885625,11.5533668125,0.625,44.0,Fear
0x4acb90e786d897ecffb614dc822eb231b4ffb9f4,2025-04-03,0.0,60,0,16666.611,1.2499952833333334,0.0,25.0,Fear
0x4acb90e786d897ecffb614dc822eb231b4ffb9f4,2025-04-04,0.0,51,0,8264.040980392158,2.4792118039215687,0.0,28.0,Fear
0x4acb90e786d897ecffb614dc822eb231b4ffb9f4,2025-04-05,31134.240601999998,102,102,5175.765784313725,1.2507686862745098,1.0,30.0,Fear
0x4acb90e786d897ecffb614dc822eb231b4ffb9f4,2025-04-06,0.0,103,0,5508.490970873787,1.0457515436893203,0.0,34.0,Fear
0x4acb90e786d897ecffb614dc822eb231b4ffb9f4,2025-04-07,13642.628143,189,40,7781.819788359788,0.8702121957671957,0.21164021164021163,23.0,Extreme Fear
0x4acb90e786d897ecffb614dc822eb231b4ffb9f4,2025-04-08,221.0,3,1,52275.0,15.682499333333332,0.3333333333333333,24.0,Extreme Fear
0x4acb90e786d897ecffb614dc822eb231b4ffb9f4,2025-04-09,107892.62706,290,137,17935.84644827586,2.879061703448276,0.4724137931034483,18.0,Extreme Fear
0x4acb90e786d897ecffb614dc822eb231b4ffb9f4,2025-04-10,84856.33534,222,80,26118.342432432433,7.137005513513514,0.36036036036036034,39.0,Fear
0x4acb90e786d897ecffb614dc822eb231b4ffb9f4,2025-04-11,122461.112004,74,74,24390.13621621622,1.219506364864865,1.0,25.0,Fear
0x4acb90e786d897ecffb614dc822eb231b4ffb9f4,2025-04-12,0.0,68,0,16878.26676470588,2.584232926470588,0.0,43.0,Fear
0x4acb90e786d897ecffb614dc822eb231b4ffb9f4,2025-04-14,21531.8321,76,56,26925.528815789472,2.7650890263157897,0.7368421052631579,31.0,Fear
0x4acb90e786d897ecffb614dc822eb231b4ffb9f4,2025-04-15,0.0,51,0,3354.117450980392,0.16770545098039213,0.0,38.0,Fear
0x4acb90e786d897ecffb614dc822eb231b4ffb9f4,2025-04-16,3088.0,1,1,166444.0,8.3222,1.0,29.0,Fear
0x4acb90e786d897ecffb614dc822eb231b4ffb9f4,2025-04-17,-110.0,6,0,28273.666666666668,8.482099166666666,0.0,30.0,Fear
0x4acb90e786d897ecffb614dc822eb231b4ffb9f4,2025-04-21,-681.29819,23,0,30543.59565217391,5.341425913043478,0.0,39.0,Fear
0x4acb90e786d897ecffb614dc822eb231b4ffb9f4,2025-04-22,132.0,6,1,15215.498333333335,4.564649500000001,0.16666666666666666,47.0,Neutral
0x4acb90e786d897ecffb614dc822eb231b4ffb9f4,2025-04-23,2875.230157,121,30,6709.732727272728,1.015852479338843,0.24793388429752067,72.0,Greed
0x4acb90e786d897ecffb614dc822eb231b4ffb9f4,2025-04-24,459.24741,23,22,4407.6721739130435,0.30708395652173914,0.9565217391304348,63.0,Greed
0x4acb90e786d897ecffb614dc822eb231b4ffb9f4,2025-04-25,0.0,3,0,63142.666666666664,3.157133,0.0,60.0,Greed
0x4acb90e786d897ecffb614dc822eb231b4ffb9f4,2025-04-26,47.876234000000004,41,41,6897.073170731707,0.3448534146341463,1.0,65.0,Greed
0x4acb90e786d897ecffb614dc822eb231b4ffb9f4,2025-04-30,510.0,5,4,75258.0,16.9202996,0.8,56.0,Greed
0x4f93fead39b70a1824f981a54d4e55b278e9f760,2024-03-13,0.0,7,0,857.2571428571428,0.30003971428571424,0.0,81.0,Extreme Greed
0x4f93fead39b70a1824f981a54d4e55b278e9f760,2024-03-14,65.480454,1,1,6066.28,2.123198,1.0,88.0,Extreme Greed
0x4f93fead39b70a1824f981a54d4e55b278e9f760,2024-03-15,338.42832,8,1,3292.47625,1.152366125,0.125,83.0,Extreme Greed
0x4f93fead39b70a1824f981a54d4e55b278e9f760,2024-03-16,228.57984,6,1,4537.276666666667,1.5880468333333333,0.16666666666666666,81.0,Extreme Greed
0x4f93fead39b70a1824f981a54d4e55b278e9f760,2024-03-17,429.683075,14,4,6218.810714285714,2.176583357142857,0.2857142857142857,79.0,Extreme Greed
0x4f93fead39b70a1824f981a54d4e55b278e9f760,2024-03-18,0.0,12,0,2833.491666666667,0.9917215,0.0,77.0,Extreme Greed
0x4f93fead39b70a1824f981a54d4e55b278e9f760,2024-03-19,0.0,4,0,2266.8775,0.793407,0.0,79.0,Extreme Greed
0x4f93fead39b70a1824f981a54d4e55b278e9f760,2024-03-21,0.0,1,0,9744.18,3.410463,0.0,78.0,Extreme Greed
0x4f93fead39b70a1824f981a54d4e55b278e9f760,2024-03-25,1302.916428,7,6,8159.4742857142855,2.855816,0.8571428571428571,75.0,Extreme Greed
0x4f93fead39b70a1824f981a54d4e55b278e9f760,2024-03-26,20.599193,7,1,3426.62,1.1993162857142856,0.14285714285714285,81.0,Extreme Greed
0x4f93fead39b70a1824f981a54d4e55b278e9f760,2024-03-27,189.192,27,12,3224.6703703703706,1.1286342962962963,0.4444444444444444,83.0,Extreme Greed
0x4f93fead39b70a1824f981a54d4e55b278e9f760,2024-03-28,0.0,3,0,6671.296666666666,2.3349533333333334,0.0,80.0,Extreme Greed
0x4f93fead39b70a1824f981a54d4e55b278e9f760,2024-03-29,883.097404,15,6,5794.291333333333,2.028002,0.4,79.0,Extreme Greed
0x4f93fead39b70a1824f981a54d4e55b278e9f760,2024-03-31,912.786145,13,10,3070.2276923076925,1.0745786153846155,0.7692307692307693,75.0,Extreme Greed
0x4f93fead39b70a1824f981a54d4e55b278e9f760,2024-04-01,0.840939,29,2,4654.808275862069,1.6291826206896551,0.06896551724137931,79.0,Extreme Greed
0x4f93fead39b70a1824f981a54d4e55b278e9f760,2024-04-02,883.760812,37,12,6072.016756756757,2.125205108108108,0.32432432432432434,79.0,Extreme Greed
0x4f93fead39b70a1824f981a54d4e55b278e9f760,2024-04-04,0.0,32,0,2999.6165625,1.0498651562499999,0.0,70.0,Greed
0x4f93fead39b70a1824f981a54d4e55b278e9f760,2024-04-05,4444.4983010000005,10,7,17253.157,6.038604000000001,0.7,79.0,Extreme Greed
0x4f93fead39b70a1824f981a54d4e55b278e9f760,2024-04-06,236.33513399999998,16,4,4263.979375,1.4923923125,0.25,75.0,Extreme Greed
0x4f93fead39b70a1824f981a54d4e55b278e9f760,2024-04-07,0.0,23,0,2173.397391304348,0.7606889130434782,0.0,78.0,Extreme Greed
0x4f93fead39b70a1824f981a54d4e55b278e9f760,2024-04-08,0.0,28,0,5827.370357142857,2.039579285714286,0.0,76.0,Extreme Greed
0x4f93fead39b70a1824f981a54d4e55b278e9f760,2024-04-09,0.0,3,0,19021.280000000002,6.657447,0.0,80.0,Extreme Greed
0x4f93fead39b70a1824f981a54d4e55b278e9f760,2024-04-10,5207.443414,41,36,8578.926097560974,3.002623463414634,0.8780487804878049,78.0,Extreme Greed
0x4f93fead39b70a1824f981a54d4e55b278e9f760,2024-04-11,389.743164,16,2,4775.06,1.6712705625,0.125,76.0,Extreme Greed
0x4f93fead39b70a1824f981a54d4e55b278e9f760,2024-04-12,0.0,21,0,7138.52761904762,2.4984840476190477,0.0,79.0,Extreme Greed
0x4f93fead39b70a1824f981a54d4e55b278e9f760,2024-04-13,0.0,18,0,8677.150000000001,3.037002111111111,0.0,72.0,Greed
0x4f93fead39b70a1824f981a54d4e55b278e9f760,2024-04-14,-36565.98544,64,3,9199.4678125,3.219813390625,0.046875,72.0,Greed
0x4f93fead39b70a1824f981a54d4e55b278e9f760,2024-04-15,0.0,3,0,16671.31666666667,5.834960333333332,0.0,74.0,Greed
0x4f93fead39b70a1824f981a54d4e55b278e9f760,2024-04-19,1946.4454620000001,35,27,9635.940571428573,3.372578857142857,0.7714285714285715,66.0,Greed
0x4f93fead39b70a1824f981a54d4e55b278e9f760,2024-04-20,0.0,2,0,5999.795,2.0999285,0.0,66.0,Greed
0x4f93fead39b70a1824f981a54d4e55b278e9f760,2024-04-22,0.0,9,0,5332.623333333333,1.8664182222222223,0.0,73.0,Greed
0x4f93fead39b70a1824f981a54d4e55b278e9f760,2024-04-23,759.2148159999999,54,31,3567.7494444444446,1.2487116851851852,0.5740740740740741,71.0,Greed
0x4f93fead39b70a1824f981a54d4e55b278e9f760,2024-04-24,279.185907,20,6,7063.762,2.4723157999999996,0.3,72.0,Greed
0x4f93fead39b70a1824f981a54d4e55b278e9f760,2024-04-25,0.0,6,0,11496.523333333333,4.023782,0.0,72.0,Greed
0x4f93fead39b70a1824f981a54d4e55b278e9f760,2024-04-27,4281.488139,27,19,5713.498888888889,1.999724074074074,0.7037037037037037,67.0,Greed
0x4f93fead39b70a1824f981a54d4e55b278e9f760,2024-04-28,0.0,8,0,3374.92625,1.18122425,0.0,65.0,Greed
0x4f93fead39b70a1824f981a54d4e55b278e9f760,2024-04-29,526.9338359999999,31,17,3370.167419354839,1.1795580967741934,0.5483870967741935,67.0,Greed
0x4f93fead39b70a1824f981a54d4e55b278e9f760,2024-04-30,0.0,24,0,5209.114583333333,1.8231895833333331,0.0,67.0,Greed
0x4f93fead39b70a1824f981a54d4e55b278e9f760,2024-05-01,0.0,14,0,6216.103571428571,2.175636285714286,0.0,54.0,Neutral
0x4f93fead39b70a1824f981a54d4e55b278e9f760,2024-05-03,5319.861625,23,16,12059.708260869564,4.220897347826087,0.6956521739130435,48.0,Neutral
0x4f93fead39b70a1824f981a54d4e55b278e9f760,2024-05-04,0.0,6,0,8999.890000000001,3.149961166666667,0.0,67.0,Greed
0x4f93fead39b70a1824f981a54d4e55b278e9f760,2024-05-05,0.0,4,0,5996.512500000001,2.09877825,0.0,69.0,Greed
0x4f93fead39b70a1824f981a54d4e55b278e9f760,2024-05-06,968.59038,9,4,22890.714444444442,8.011749555555555,0.4444444444444444,71.0,Greed
0x4f93fead39b70a1824f981a54d4e55b278e9f760,2024-05-07,656.21704,10,7,9890.126,3.4615441,0.7,68.0,Greed
0x4f93fead39b70a1824f981a54d4e55b278e9f760,2024-05-08,0.0,10,0,6583.419,2.304196,0.0,64.0,Greed
0x4f93fead39b70a1824f981a54d4e55b278e9f760,2024-05-09,1147.595856,25,11,8679.6232,3.0378677599999997,0.44,55.0,Greed
0x4f93fead39b70a1824f981a54d4e55b278e9f760,2024-05-10,2101.741695,22,6,7131.0,2.4958495454545453,0.2727272727272727,66.0,Greed
0x4f93fead39b70a1824f981a54d4e55b278e9f760,2024-05-11,251.604742,9,9,7027.661111111111,2.459680555555556,1.0,53.0,Neutral
0x4f93fead39b70a1824f981a54d4e55b278e9f760,2024-05-12,0.0,10,0,4500.464,1.5751622,0.0,56.0,Greed
0x4f93fead39b70a1824f981a54d4e55b278e9f760,2024-05-13,2136.853859,25,10,7525.7636,2.63401664,0.4,57.0,Greed
0x4f93fead39b70a1824f981a54d4e55b278e9f760,2024-05-14,1150.5233050000002,23,4,6341.452173913043,2.219508043478261,0.17391304347826086,66.0,Greed
0x4f93fead39b70a1824f981a54d4e55b278e9f760,2024-05-15,948.970582,36,17,6525.626944444444,2.2839690833333335,0.4722222222222222,64.0,Greed
0x4f93fead39b70a1824f981a54d4e55b278e9f760,2024-05-16,214.5898,24,5,6615.870416666668,2.3155539583333336,0.20833333333333334,70.0,Greed
0x4f93fead39b70a1824f981a54d4e55b278e9f760,2024-05-18,3522.3946610000003,25,16,5052.1256,1.7682436799999999,0.64,73.0,Greed
0x4f93fead39b70a1824f981a54d4e55b278e9f760,2024-05-19,0.0,8,0,3749.76125,1.3124158750000001,0.0,72.0,Greed
0x4f93fead39b70a1824f981a54d4e55b278e9f760,2024-05-20,0.0,7,0,4714.771428571429,1.65017,0.0,70.0,Greed
0x4f93fead39b70a1824f981a54d4e55b278e9f760,2024-05-21,6017.309216,53,7,9096.75358490566,3.1838634150943395,0.1320754716981132,76.0,Extreme Greed
0x4f93fead39b70a1824f981a54d4e55b278e9f760,2024-05-22,0.0,6,0,7499.215,2.6247248333333335,0.0,76.0,Extreme Greed
0x4f93fead39b70a1824f981a54d4e55b278e9f760,2024-06-07,7329.223137999999,52,30,15114.859615384614,5.290200615384616,0.5769230769230769,77.0,Extreme Greed
0x4f93fead39b70a1824f981a54d4e55b278e9f760,2024-06-08,0.0,7,0,6428.95,2.250132428571429,0.0,72.0,Greed
0x4f93fead39b70a1824f981a54d4e55b278e9f760,2024-06-09,0.0,5,0,4199.992,1.469997,0.0,75.0,Extreme Greed
0x4f93fead39b70a1824f981a54d4e55b278e9f760,2024-06-10,0.0,4,0,6000.075,2.10002625,0.0,72.0,Greed
0x4f93fead39b70a1824f981a54d4e55b278e9f760,2024-06-11,0.0,21,0,13143.021904761907,4.600056857142857,0.0,74.0,Greed
0x4f93fead39b70a1824f981a54d4e55b278e9f760,2024-06-14,0.0,16,0,6124.31,2.1435074375,0.0,74.0,Greed
0x4f93fead39b70a1824f981a54d4e55b278e9f760,2024-06-15,2084.433906,38,29,15581.516578947369,5.4535305,0.7631578947368421,74.0,Greed
0x4f93fead39b70a1824f981a54d4e55b278e9f760,2024-06-17,1268.7590360000002,14,4,18035.112857142856,6.312289285714286,0.2857142857142857,71.0,Greed
0x4f93fead39b70a1824f981a54d4e55b278e9f760,2024-06-18,0.0,7,0,8999.745714285715,3.149911,0.0,74.0,Greed
0x4f93fead39b70a1824f981a54d4e55b278e9f760,2024-06-19,2053.973644,17,17,11180.089411764706,3.913031176470588,1.0,64.0,Greed
0x4f93fead39b70a1824f981a54d4e55b278e9f760,2024-06-20,0.0,4,0,7499.34,2.62476825,0.0,60.0,Greed
0x4f93fead39b70a1824f981a54d4e55b278e9f760,2024-06-21,773.5582039999999,11,3,6746.9345454545455,2.361426818181818,0.2727272727272727,63.0,Greed
0x4f93fead39b70a1824f981a54d4e55b278e9f760,2024-06-22,0.0,3,0,6000.07,2.100024,0.0,53.0,Neutral
0x4f93fead39b70a1824f981a54d4e55b278e9f760,2024-06-24,0.0,21,0,12000.350952380952,4.200122238095238,0.0,51.0,Neutral
0x4f93fead39b70a1824f981a54d4e55b278e9f760,2024-06-26,4197.732182,31,21,11748.220645161291,4.111876774193549,0.6774193548387096,46.0,Neutral
0x4f93fead39b70a1824f981a54d4e55b278e9f760,2024-06-27,0.0,12,0,9999.173333333334,3.4997106666666666,0.0,40.0,Fear
0x4f93fead39b70a1824f981a54d4e55b278e9f760,2024-06-29,1842.738325,17,13,13148.880588235294,4.6021075882352935,0.7647058823529411,30.0,Fear
0x4f93fead39b70a1824f981a54d4e55b278e9f760,2024-06-30,0.0,3,0,9999.756666666666,3.499915,0.0,47.0,Neutral
0x4f93fead39b70a1824f981a54d4e55b278e9f760,2024-07-01,1202.488212,13,9,7476.965384615385,2.616937692307692,0.6923076923076923,53.0,Neutral
0x4f93fead39b70a1824f981a54d4e55b278e9f760,2024-07-03,1118.387284,10,4,10388.008,3.6358021999999997,0.4,50.0,Neutral
0x4f93fead39b70a1824f981a54d4e55b278e9f760,2024-07-04,0.0,14,0,18215.87285714286,6.375554785714286,0.0,44.0,Fear
0x4f93fead39b70a1824f981a54d4e55b278e9f760,2024-07-05,0.0,20,0,13514.937,4.73022735,0.0,29.0,Fear
0x4f93fead39b70a1824f981a54d4e55b278e9f760,2024-07-10,11595.627026,43,33,15625.97930232558,5.469092162790698,0.7674418604651163,28.0,Fear
0x4f93fead39b70a1824f981a54d4e55b278e9f760,2024-07-11,1876.812082,19,9,8941.422105263156,3.1294969999999998,0.47368421052631576,29.0,Fear
0x4f93fead39b70a1824f981a54d4e55b278e9f760,2024-07-12,0.0,10,0,7600.664999999999,2.6602324,0.0,25.0,Fear
0x4f93fead39b70a1824f981a54d4e55b278e9f760,2024-07-13,2678.839374,13,13,10668.462307692309,3.7339611538461535,1.0,25.0,Fear
0x4f93fead39b70a1824f981a54d4e55b278e9f760,2024-07-14,0.0,7,0,12000.16142857143,4.200055571428572,0.0,33.0,Fear
0x4f93fead39b70a1824f981a54d4e55b278e9f760,2024-07-15,0.0,21,0,7999.7071428571435,2.799897,0.0,52.0,Neutral
0x4f93fead39b70a1824f981a54d4e55b278e9f760,2024-07-16,0.0,22,0,6545.480454545454,2.290917318181818,0.0,65.0,Greed
0x4f93fead39b70a1824f981a54d4e55b278e9f760,2024-07-17,0.0,9,0,18326.035555555558,6.414111777777778,0.0,69.0,Greed
0x4f93fead39b70a1824f981a54d4e55b278e9f760,2024-07-18,2569.979964,53,41,12119.926603773585,4.241973716981132,0.7735849056603774,61.0,Greed
0x4f93fead39b70a1824f981a54d4e55b278e9f760,2024-07-19,2120.091364,16,11,9132.66875,3.196434,0.6875,60.0,Greed
0x4f93fead39b70a1824f981a54d4e55b278e9f760,2024-07-20,129.66130099999998,9,4,11097.74111111111,3.8842090000000002,0.4444444444444444,74.0,Greed
0x4f93fead39b70a1824f981a54d4e55b278e9f760,2024-07-21,0.0,3,0,14665.06,5.132770666666667,0.0,74.0,Greed
0x4f93fead39b70a1824f981a54d4e55b278e9f760,2024-07-22,2273.29301,21,13,10728.97,3.7551380952380953,0.6190476190476191,70.0,Greed
0x4f93fead39b70a1824f981a54d4e55b278e9f760,2024-07-23,0.0,2,0,11997.235,4.199032,0.0,71.0,Greed
0x4f93fead39b70a1824f981a54d4e55b278e9f760,2024-07-24,0.0,21,0,1333.8833333333332,0.4668445238095239,0.0,69.0,Greed
0x4f93fead39b70a1824f981a54d4e55b278e9f760,2024-07-25,0.0,65,0,7990.4683076923075,2.7966634923076925,0.0,68.0,Greed
0x4f93fead39b70a1824f981a54d4e55b278e9f760,2024-07-26,0.0,10,0,15000.965,5.2503374,0.0,68.0,Greed
0x4f93fead39b70a1824f981a54d4e55b278e9f760,2024-07-27,6400.623656,52,42,17322.249807692308,6.062787134615385,0.8076923076923077,72.0,Greed
0x4f93fead39b70a1824f981a54d4e55b278e9f760,2024-07-28,0.0,3,0,10666.563333333334,3.733295333333334,0.0,71.0,Greed
0x4f93fead39b70a1824f981a54d4e55b278e9f760,2024-07-30,0.0,6,0,6001.078333333334,2.1003773333333333,0.0,67.0,Greed
0x4f93fead39b70a1824f981a54d4e55b278e9f760,2024-07-31,0.0,3,0,13335.046666666667,4.667266333333334,0.0,61.0,Greed
0x4f93fead39b70a1824f981a54d4e55b278e9f760,2024-08-01,0.0,13,0,11076.539230769231,3.8767880769230767,0.0,52.0,Neutral
0x4f93fead39b70a1824f981a54d4e55b278e9f760,2024-08-02,0.0,36,0,8221.31,2.8774572777777774,0.0,57.0,Greed
0x4f93fead39b70a1824f981a54d4e55b278e9f760,2024-08-03,0.0,13,0,8652.23,3.028280076923077,0.0,37.0,Fear
0x4f93fead39b70a1824f981a54d4e55b278e9f760,2024-08-04,-108604.496278,72,0,12521.542916666665,4.382539625,0.0,34.0,Fear
0x4f93fead39b70a1824f981a54d4e55b278e9f760,2024-08-05,-4779.219012,17,0,12572.832941176472,4.4004909411764705,0.0,26.0,Fear
0x4f93fead39b70a1824f981a54d4e55b278e9f760,2024-08-09,11147.900554,12,9,11003.166666666666,3.851107333333333,0.75,48.0,Neutral
0x4f93fead39b70a1824f981a54d4e55b278e9f760,2024-08-11,847.7766200000001,8,4,5104.981250000001,1.786743375,0.5,39.0,Fear
0x4f93fead39b70a1824f981a54d4e55b278e9f760,2024-08-12,858.6705000000001,16,6,2758.775,0.965570875,0.375,25.0,Fear
0x4f93fead39b70a1824f981a54d4e55b278e9f760,2024-08-13,0.0,5,0,2500.02,0.8750067999999999,0.0,31.0,Fear
0x4f93fead39b70a1824f981a54d4e55b278e9f760,2024-08-14,2168.9015130000003,9,5,7185.148888888889,2.514801777777778,0.5555555555555556,30.0,Fear
0x4f93fead39b70a1824f981a54d4e55b278e9f760,2024-08-16,0.0,2,0,6250.0650000000005,2.1875234999999997,0.0,27.0,Fear
0x4f93fead39b70a1824f981a54d4e55b278e9f760,2024-08-18,307.201888,14,12,4486.033571428571,1.5701112142857145,0.8571428571428571,31.0,Fear
0x4f93fead39b70a1824f981a54d4e55b278e9f760,2024-08-20,192.602844,8,1,5302.23375,1.855781,0.125,30.0,Fear
0x4f93fead39b70a1824f981a54d4e55b278e9f760,2024-08-23,1005.30527,10,3,6350.956,2.2228342,0.3,34.0,Fear
0x4f93fead39b70a1824f981a54d4e55b278e9f760,2024-08-24,0.0,2,0,7500.035,2.6250125,0.0,56.0,Greed
0x4f93fead39b70a1824f981a54d4e55b278e9f760,2024-08-25,0.0,4,0,3749.0825,1.31217925,0.0,54.0,Neutral
0x4f93fead39b70a1824f981a54d4e55b278e9f760,2024-08-26,231.236918,5,2,18452.704,6.4584464,0.4,55.0,Greed
0x4f93fead39b70a1824f981a54d4e55b278e9f760,2024-08-27,0.0,7,0,9286.455714285714,3.2502588571428572,0.0,48.0,Neutral
0x4f93fead39b70a1824f981a54d4e55b278e9f760,2024-08-28,0.0,7,0,6784.937142857142,2.3747282857142857,0.0,30.0,Fear
0x4f93fead39b70a1824f981a54d4e55b278e9f760,2024-08-30,0.0,3,0,9164.183333333334,3.207464,0.0,34.0,Fear
0x4f93fead39b70a1824f981a54d4e55b278e9f760,2024-09-02,0.0,2,0,15000.21,5.250074,0.0,26.0,Fear
0x4f93fead39b70a1824f981a54d4e55b278e9f760,2024-09-04,0.0,1,0,35004.98,12.251742,0.0,27.0,Fear
0x4f93fead39b70a1824f981a54d4e55b278e9f760,2024-09-06,0.0,4,0,8747.6675,3.0616835,0.0,22.0,Extreme Fear
0x4f93fead39b70a1824f981a54d4e55b278e9f760,2024-09-20,9585.03428,12,8,25380.9675,8.883338583333334,0.6666666666666666,54.0,Neutral
0x4f93fead39b70a1824f981a54d4e55b278e9f760,2024-09-22,0.0,3,0,6666.579999999999,2.3333023333333336,0.0,52.0,Neutral
0x4f93fead39b70a1824f981a54d4e55b278e9f760,2024-09-23,334.760796,2,1,20167.145,7.058501000000001,0.5,50.0,Neutral
0x4f93fead39b70a1824f981a54d4e55b278e9f760,2024-09-25,0.0,6,0,8333.518333333333,2.916731333333333,0.0,59.0,Greed
0x4f93fead39b70a1824f981a54d4e55b278e9f760,2024-09-26,439.812513,3,2,26813.47333333333,9.384714666666666,0.6666666666666666,50.0,Neutral
0x4f93fead39b70a1824f981a54d4e55b278e9f760,2024-09-27,0.0,10,0,9999.232,3.4997306999999998,0.0,61.0,Greed
0x4f93fead39b70a1824f981a54d4e55b278e9f760,2024-09-30,2710.626288,10,5,17728.09,6.2048308,0.5,61.0,Greed
0x4f93fead39b70a1824f981a54d4e55b278e9f760,2024-10-01,0.0,4,0,34988.58,12.2460025,0.0,50.0,Neutral
0x4f93fead39b70a1824f981a54d4e55b278e9f760,2024-10-02,0.0,4,0,24988.585,8.746004249999999,0.0,42.0,Fear
0x4f93fead39b70a1824f981a54d4e55b278e9f760,2024-10-03,0.0,4,0,30002.25,10.50078775,0.0,37.0,Fear
0x4f93fead39b70a1824f981a54d4e55b278e9f760,2024-10-05,5767.161892,36,24,16822.36472222222,5.887826972222222,0.6666666666666666,49.0,Neutral
0x4f93fead39b70a1824f981a54d4e55b278e9f760,2024-10-06,130.487079,22,5,13642.298181818182,4.774804227272727,0.22727272727272727,50.0,Neutral
0x4f93fead39b70a1824f981a54d4e55b278e9f760,2024-10-07,0.0,21,0,10475.459523809524,3.6664102857142855,0.0,50.0,Neutral
0x4f93fead39b70a1824f981a54d4e55b278e9f760,2024-10-08,5396.546638,35,33,12416.672857142858,4.345834857142857,0.9428571428571428,49.0,Neutral
0x4f93fead39b70a1824f981a54d4e55b278e9f760,2024-10-09,396.06272,14,3,15742.852142857142,5.509997642857143,0.21428571428571427,49.0,Neutral
0x4f93fead39b70a1824f981a54d4e55b278e9f760,2024-10-10,0.0,16,0,18751.521249999998,6.563031875,0.0,39.0,Fear
0x4f93fead39b70a1824f981a54d4e55b278e9f760,2024-10-11,8885.327477,25,18,19556.1384,6.84464776,0.72,32.0,Fear
0x4f93fead39b70a1824f981a54d4e55b278e9f760,2024-10-12,541.55471,10,7,15971.34,5.5899684999999995,0.7,49.0,Neutral
0x4f93fead39b70a1824f981a54d4e55b278e9f760,2024-10-13,0.0,10,0,6000.242,2.1000841,0.0,50.0,Neutral
0x4f93fead39b70a1824f981a54d4e55b278e9f760,2024-10-14,1913.61958,5,5,12383.204000000002,4.3341208,1.0,48.0,Neutral
0x4f93fead39b70a1824f981a54d4e55b278e9f760,2024-10-15,1170.2260760000001,7,4,11596.194285714286,4.058667571428571,0.5714285714285714,65.0,Greed
0x4f93fead39b70a1824f981a54d4e55b278e9f760,2024-10-16,219.480876,11,3,7293.560909090909,2.5527458181818186,0.2727272727272727,73.0,Greed
0x4f93fead39b70a1824f981a54d4e55b278e9f760,2024-10-17,36.11496,8,1,17504.00375,6.12640075,0.125,71.0,Greed
0x4f93fead39b70a1824f981a54d4e55b278e9f760,2024-10-18,333.219141,6,5,20055.238333333335,7.019333,0.8333333333333334,73.0,Greed
0x4f93fead39b70a1824f981a54d4e55b278e9f760,2024-10-19,0.0,4,0,24999.215,8.749725250000001,0.0,72.0,Greed
0x4f93fead39b70a1824f981a54d4e55b278e9f760,2024-10-20,229.060526,6,5,20037.618333333336,7.0131654999999995,0.8333333333333334,73.0,Greed
0x4f93fead39b70a1824f981a54d4e55b278e9f760,2024-10-21,0.0,11,0,13638.561818181817,4.7734962727272725,0.0,72.0,Greed
0x4f93fead39b70a1824f981a54d4e55b278e9f760,2024-10-22,0.0,3,0,20000.12,7.000041333333333,0.0,70.0,Greed
0x4f93fead39b70a1824f981a54d4e55b278e9f760,2024-10-23,-46.489941,18,0,11667.003888888888,4.083450611111111,0.0,71.0,Greed
0x4f93fead39b70a1824f981a54d4e55b278e9f760,2024-10-25,4543.862071,25,16,16183.4872,5.6642201199999995,0.64,72.0,Greed
0x4f93fead39b70a1824f981a54d4e55b278e9f760,2024-10-27,666.6623079999999,4,3,22666.1025,7.933135,0.75,74.0,Greed
0x4f93fead39b70a1824f981a54d4e55b278e9f760,2024-10-28,0.0,9,0,13332.702222222222,4.6664449999999995,0.0,72.0,Greed
0x4f93fead39b70a1824f981a54d4e55b278e9f760,2024-10-29,0.0,37,0,16285.80864864865,5.700032675675676,0.0,72.0,Greed
0x4f93fead39b70a1824f981a54d4e55b278e9f760,2024-10-31,765.475192,28,23,30487.215,10.670524642857144,0.8214285714285714,77.0,Extreme Greed
0x4f93fead39b70a1824f981a54d4e55b278e9f760,2024-11-01,1040.5747959999999,9,2,25670.122222222224,8.984542333333334,0.2222222222222222,75.0,Extreme Greed
0x4f93fead39b70a1824f981a54d4e55b278e9f760,2024-11-02,0.0,2,0,20000.0,6.9999985,0.0,72.0,Greed
0x4f93fead39b70a1824f981a54d4e55b278e9f760,2024-11-03,0.0,4,0,27498.585,9.6245055,0.0,74.0,Greed
0x4f93fead39b70a1824f981a54d4e55b278e9f760,2024-11-04,2259.351364,26,13,16623.486153846156,5.8182198846153845,0.5,70.0,Greed
0x4f93fead39b70a1824f981a54d4e55b278e9f760,2024-11-05,678.4759280000001,10,5,20062.723,7.021952400000001,0.5,70.0,Greed
0x4f93fead39b70a1824f981a54d4e55b278e9f760,2024-11-06,2821.24842,12,7,10158.865,3.5556025000000004,0.5833333333333334,70.0,Greed
0x4f93fead39b70a1824f981a54d4e55b278e9f760,2024-11-07,628.96246,2,1,30314.425,10.610048500000001,0.5,77.0,Extreme Greed
0x4f93fead39b70a1824f981a54d4e55b278e9f760,2024-11-08,646.3734049999999,24,6,10026.734583333333,3.509356541666667,0.25,75.0,Extreme Greed
0x4f93fead39b70a1824f981a54d4e55b278e9f760,2024-11-09,0.0,9,0,16666.712222222224,5.8333493333333335,0.0,75.0,Extreme Greed
0x4f93fead39b70a1824f981a54d4e55b278e9f760,2024-11-10,548.36595,8,6,22568.36875,7.8989285,0.75,78.0,Extreme Greed
0x4f93fead39b70a1824f981a54d4e55b278e9f760,2024-11-11,1479.677222,20,9,16571.107,5.7998871,0.45,76.0,Extreme Greed
0x4f93fead39b70a1824f981a54d4e55b278e9f760,2024-11-12,2053.119744,74,12,14354.293783783784,5.02400222972973,0.16216216216216217,80.0,Extreme Greed
0x4f93fead39b70a1824f981a54d4e55b278e9f760,2024-11-13,7680.907897,25,16,19512.4728,6.82936544,0.64,84.0,Extreme Greed
0x4f93fead39b70a1824f981a54d4e55b278e9f760,2024-11-14,2348.106228,41,14,21522.69975609756,7.238963024390244,0.34146341463414637,88.0,Extreme Greed
0x4f93fead39b70a1824f981a54d4e55b278e9f760,2024-11-15,2003.536586,79,33,17219.896202531647,5.747994886075949,0.4177215189873418,80.0,Extreme Greed
0x4f93fead39b70a1824f981a54d4e55b278e9f760,2024-11-16,255.14686999999998,12,7,18322.8475,6.079413916666667,0.5833333333333334,86.0,Extreme Greed
0x4f93fead39b70a1824f981a54d4e55b278e9f760,2024-11-17,546.624374,26,8,23861.476153846153,7.158442,0.3076923076923077,90.0,Extreme Greed
0x4f93fead39b70a1824f981a54d4e55b278e9f760,2024-11-18,3158.176614,35,15,26917.316857142858,8.075194371428571,0.42857142857142855,83.0,Extreme Greed
0x4f93fead39b70a1824f981a54d4e55b278e9f760,2024-11-19,1573.210981,30,15,10658.076000000001,3.1974221666666667,0.5,90.0,Extreme Greed
0x4f93fead39b70a1824f981a54d4e55b278e9f760,2024-11-20,2259.775633,33,16,25402.638787878786,7.620790848484848,0.48484848484848486,83.0,Extreme Greed
0x4f93fead39b70a1824f981a54d4e55b278e9f760,2024-11-21,909.745283,9,4,17786.91,5.336072444444444,0.4444444444444444,82.0,Extreme Greed
0x4f93fead39b70a1824f981a54d4e55b278e9f760,2024-11-22,1825.01255,18,12,16769.490555555556,5.030846777777778,0.6666666666666666,94.0,Extreme Greed
0x4f93fead39b70a1824f981a54d4e55b278e9f760,2024-11-23,0.0,9,0,6667.414444444444,2.0002235555555554,0.0,93.0,Extreme Greed
0x4f93fead39b70a1824f981a54d4e55b278e9f760,2024-11-24,445.338356,33,5,15770.984848484848,4.731294636363637,0.15151515151515152,80.0,Extreme Greed
0x4f93fead39b70a1824f981a54d4e55b278e9f760,2024-11-25,5059.459732,30,10,28814.273999999998,8.6442816,0.3333333333333333,82.0,Extreme Greed
0x4f93fead39b70a1824f981a54d4e55b278e9f760,2024-11-26,0.0,22,0,19319.39181818182,5.7958169545454545,0.0,79.0,Extreme Greed
0x4f93fead39b70a1824f981a54d4e55b278e9f760,2024-11-27,-2848.159792,44,0,28557.08818181818,8.567125795454546,0.0,75.0,Extreme Greed
0x4f93fead39b70a1824f981a54d4e55b278e9f760,2024-11-28,1174.315571,12,6,28232.108333333334,8.469632500000001,0.5,77.0,Extreme Greed
0x4f93fead39b70a1824f981a54d4e55b278e9f760,2024-11-29,610.52512,7,1,25798.085714285717,7.739425428571429,0.14285714285714285,78.0,Extreme Greed
0x4f93fead39b70a1824f981a54d4e55b278e9f760,2024-11-30,850.54514,12,5,19926.774999999998,5.978031583333333,0.4166666666666667,84.0,Extreme Greed
0x4f93fead39b70a1824f981a54d4e55b278e9f760,2024-12-01,337.835516,27,16,22229.845925925925,6.668953370370371,0.5925925925925926,81.0,Extreme Greed
0x4f93fead39b70a1824f981a54d4e55b278e9f760,2024-12-02,754.7378,17,6,17691.249411764704,5.307374235294118,0.35294117647058826,80.0,Extreme Greed
0x4f93fead39b70a1824f981a54d4e55b278e9f760,2024-12-03,1467.1002210000001,9,4,31374.63555555556,9.412389333333333,0.4444444444444444,76.0,Extreme Greed
0x4f93fead39b70a1824f981a54d4e55b278e9f760,2024-12-04,291.35271,13,3,20080.955384615383,6.024285769230769,0.23076923076923078,78.0,Extreme Greed
0x4f93fead39b70a1824f981a54d4e55b278e9f760,2024-12-05,1435.68724,19,2,40074.16368421053,12.022248578947368,0.10526315789473684,84.0,Extreme Greed
0x4f93fead39b70a1824f981a54d4e55b278e9f760,2024-12-06,7206.315268,59,21,25128.245762711864,7.538473254237288,0.3559322033898305,72.0,Greed
0x4f93fead39b70a1824f981a54d4e55b278e9f760,2024-12-07,2342.996384,4,4,49620.3625,14.8861075,1.0,75.0,Extreme Greed
0x4f93fead39b70a1824f981a54d4e55b278e9f760,2024-12-08,0.0,7,0,8570.51857142857,2.571154857142857,0.0,79.0,Extreme Greed
0x4f93fead39b70a1824f981a54d4e55b278e9f760,2024-12-09,2350.499742,17,7,21156.991764705883,6.347096941176471,0.4117647058823529,78.0,Extreme Greed
0x4f93fead39b70a1824f981a54d4e55b278e9f760,2024-12-10,3986.312514,36,12,19470.586944444443,5.841175583333333,0.3333333333333333,78.0,Extreme Greed
0x4f93fead39b70a1824f981a54d4e55b278e9f760,2024-12-11,1083.777057,30,8,23331.314333333332,6.999393933333334,0.26666666666666666,74.0,Greed
0x4f93fead39b70a1824f981a54d4e55b278e9f760,2024-12-12,0.0,31,0,12254.174838709678,3.6762519032258063,0.0,83.0,Extreme Greed
0x4f93fead39b70a1824f981a54d4e55b278e9f760,2024-12-13,6790.274613,49,27,20715.92551020408,6.214777081632652,0.5510204081632653,76.0,Extreme Greed
0x4f93fead39b70a1824f981a54d4e55b278e9f760,2024-12-14,570.1898180000001,19,6,10507.837368421053,3.1523505263157894,0.3157894736842105,83.0,Extreme Greed
0x4f93fead39b70a1824f981a54d4e55b278e9f760,2024-12-15,263.914304,21,5,14297.049523809523,4.289114428571429,0.23809523809523808,80.0,Extreme Greed
0x4f93fead39b70a1824f981a54d4e55b278e9f760,2024-12-16,0.0,27,0,32579.84037037037,9.773951333333333,0.0,83.0,Extreme Greed
0x4f93fead39b70a1824f981a54d4e55b278e9f760,2024-12-17,0.0,12,0,14999.839166666667,4.499951083333333,0.0,87.0,Extreme Greed
0x4f93fead39b70a1824f981a54d4e55b278e9f760,2024-12-18,-4627.220257,62,5,28169.055161290322,8.450716096774194,0.08064516129032258,81.0,Extreme Greed
0x4f93fead39b70a1824f981a54d4e55b278e9f760,2024-12-19,1582.2032900000002,53,6,17374.649433962266,5.212394433962264,0.11320754716981132,75.0,Extreme Greed
0x4f93fead39b70a1824f981a54d4e55b278e9f760,2024-12-20,0.0,6,0,37047.935,11.114379999999999,0.0,74.0,Greed
0x4f93fead39b70a1824f981a54d4e55b278e9f760,2024-12-21,1367.500173,50,28,20223.721400000002,6.067116039999999,0.56,73.0,Greed
0x4f93fead39b70a1824f981a54d4e55b278e9f760,2024-12-22,0.0,3,0,43336.74,13.001020333333335,0.0,73.0,Greed
0x4f93fead39b70a1824f981a54d4e55b278e9f760,2024-12-23,0.0,16,0,21196.97,6.3590901875,0.0,70.0,Greed
0x4f93fead39b70a1824f981a54d4e55b278e9f760,2024-12-24,2081.2674110000003,32,21,29259.798125,8.77793865625,0.65625,73.0,Greed
0x4f93fead39b70a1824f981a54d4e55b278e9f760,2024-12-25,0.0,3,0,23333.069999999996,6.999920333333333,0.0,73.0,Greed
0x4f93fead39b70a1824f981a54d4e55b278e9f760,2024-12-26,7617.597338,21,8,21067.338571428572,6.32020119047619,0.38095238095238093,79.0,Extreme Greed
0x4f93fead39b70a1824f981a54d4e55b278e9f760,2024-12-27,0.0,18,0,3890.9755555555553,1.1672920555555555,0.0,74.0,Greed
0x4f93fead39b70a1824f981a54d4e55b278e9f760,2024-12-28,16.972942,6,3,18342.231666666667,5.5026684999999995,0.5,72.0,Greed
0x4f93fead39b70a1824f981a54d4e55b278e9f760,2024-12-29,390.062046,14,4,5685.322142857142,1.705596,0.2857142857142857,73.0,Greed
0x4f93fead39b70a1824f981a54d4e55b278e9f760,2024-12-30,4235.298688000001,22,9,25644.989545454548,7.693496045454546,0.4090909090909091,65.0,Greed
0x4f93fead39b70a1824f981a54d4e55b278e9f760,2024-12-31,2301.21954,47,2,10472.761489361701,3.141827765957447,0.0425531914893617,64.0,Greed
0x4f93fead39b70a1824f981a54d4e55b278e9f760,2025-01-01,0.0,1,0,49999.51,14.999852,0.0,66.0,Greed
0x4f93fead39b70a1824f981a54d4e55b278e9f760,2025-01-02,2399.9471460000004,19,8,19582.443684210524,5.874732421052632,0.42105263157894735,70.0,Greed
0x4f93fead39b70a1824f981a54d4e55b278e9f760,2025-01-03,3084.287743,48,29,9644.217708333334,3.1666163958333335,0.6041666666666666,74.0,Greed
0x4f93fead39b70a1824f981a54d4e55b278e9f760,2025-01-04,0.0,14,0,7142.837142857143,2.1785627857142855,0.0,73.0,Greed
0x4f93fead39b70a1824f981a54d4e55b278e9f760,2025-01-05,890.33157,19,4,19427.31105263158,6.455740210526316,0.21052631578947367,72.0,Greed
0x4f93fead39b70a1824f981a54d4e55b278e9f760,2025-01-06,3575.442423,32,14,10735.9740625,3.7575904375,0.4375,76.0,Extreme Greed
0x4f93fead39b70a1824f981a54d4e55b278e9f760,2025-01-07,0.0,39,0,12147.022564102565,4.251457435897436,0.0,78.0,Extreme Greed
0x4f93fead39b70a1824f981a54d4e55b278e9f760,2025-01-08,0.0,16,0,19291.1175,6.7518910000000005,0.0,70.0,Greed
0x4f93fead39b70a1824f981a54d4e55b278e9f760,2025-01-10,-36229.641811,219,98,26918.19479452055,8.754690347031964,0.4474885844748858,50.0,Neutral
0x4f93fead39b70a1824f981a54d4e55b278e9f760,2025-01-11,1559.841529,76,27,20461.92407894737,6.1385764210526315,0.35526315789473684,69.0,Greed
0x4f93fead39b70a1824f981a54d4e55b278e9f760,2025-01-12,736.621517,75,34,24737.227600000002,7.42116764,0.4533333333333333,62.0,Greed
0x4f93fead39b70a1824f981a54d4e55b278e9f760,2025-01-13,1756.982034,97,54,24201.82237113402,7.260546195876288,0.5567010309278351,61.0,Greed
0x4f93fead39b70a1824f981a54d4e55b278e9f760,2025-01-14,1878.804638,42,17,15041.543095238096,4.512462333333334,0.40476190476190477,63.0,Greed
0x4f93fead39b70a1824f981a54d4e55b278e9f760,2025-01-15,7470.003118,73,42,21394.826301369863,6.418447356164383,0.5753424657534246,70.0,Greed
0x4f93fead39b70a1824f981a54d4e55b278e9f760,2025-01-16,5170.4237570000005,100,55,27260.669100000003,8.17820014,0.55,75.0,Extreme Greed
0x4f93fead39b70a1824f981a54d4e55b278e9f760,2025-01-17,811.1445319999999,21,7,30510.78523809524,9.15323480952381,0.3333333333333333,75.0,Extreme Greed
0x4f93fead39b70a1824f981a54d4e55b278e9f760,2025-01-18,4078.848863,58,32,32431.74827586207,9.729524068965517,0.5517241379310345,77.0,Extreme Greed
0x4f93fead39b70a1824f981a54d4e55b278e9f760,2025-01-19,3253.260003,88,32,25180.392613636363,7.554117159090908,0.36363636363636365,77.0,Extreme Greed
0x4f93fead39b70a1824f981a54d4e55b278e9f760,2025-01-20,7466.841136,194,69,29887.263092783505,8.45006775257732,0.3556701030927835,76.0,Extreme Greed
0x4f93fead39b70a1824f981a54d4e55b278e9f760,2025-01-21,2953.3108039999997,92,40,14189.073260869565,3.547267858695652,0.43478260869565216,76.0,Extreme Greed
0x4f93fead39b70a1824f981a54d4e55b278e9f760,2025-01-22,2971.896355,61,25,17456.443770491805,4.364110327868852,0.4098360655737705,84.0,Extreme Greed
0x4f93fead39b70a1824f981a54d4e55b278e9f760,2025-01-23,6749.1349199999995,82,22,17999.84780487805,4.499961280487805,0.2682926829268293,75.0,Extreme Greed
0x4f93fead39b70a1824f981a54d4e55b278e9f760,2025-01-24,1707.06994,42,16,14664.804285714286,3.6662005,0.38095238095238093,75.0,Extreme Greed
0x4f93fead39b70a1824f981a54d4e55b278e9f760,2025-01-25,446.44485399999996,18,4,22485.88888888889,5.621471888888889,0.2222222222222222,75.0,Extreme Greed
0x4f93fead39b70a1824f981a54d4e55b278e9f760,2025-01-27,0.0,15,0,33170.452666666664,9.951135266666666,0.0,71.0,Greed
0x4f93fead39b70a1824f981a54d4e55b278e9f760,2025-01-30,3278.847724,75,35,21280.349733333333,6.3841043866666665,0.4666666666666667,70.0,Greed
0x4f93fead39b70a1824f981a54d4e55b278e9f760,2025-01-31,975.654751,59,21,13735.521525423728,4.120656186440678,0.3559322033898305,76.0,Extreme Greed
0x4f93fead39b70a1824f981a54d4e55b278e9f760,2025-02-01,0.0,4,0,22500.69,6.750206,0.0,68.0,Greed
0x4f93fead39b70a1824f981a54d4e55b278e9f760,2025-02-02,0.0,30,0,25418.461333333333,7.625538033333333,0.0,60.0,Greed
0x4f93fead39b70a1824f981a54d4e55b278e9f760,2025-02-04,6403.5061239999995,9,9,95439.94666666667,28.631983444444447,1.0,72.0,Greed
0x4f93fead39b70a1824f981a54d4e55b278e9f760,2025-02-05,0.0,9,0,16663.026666666665,4.998907777777777,0.0,54.0,Neutral
0x4f93fead39b70a1824f981a54d4e55b278e9f760,2025-02-06,440.753133,10,4,30041.394,9.012418,0.4,49.0,Neutral
0x4f93fead39b70a1824f981a54d4e55b278e9f760,2025-02-07,3691.30885,27,9,19508.291481481483,5.852487074074075,0.3333333333333333,44.0,Fear
0x4f93fead39b70a1824f981a54d4e55b278e9f760,2025-02-08,0.0,8,0,22498.25125,6.74947525,0.0,44.0,Fear
0x4f93fead39b70a1824f981a54d4e55b278e9f760,2025-02-09,866.203569,3,1,90292.82333333335,27.087846666666668,0.3333333333333333,46.0,Neutral
0x4f93fead39b70a1824f981a54d4e55b278e9f760,2025-02-10,2069.55836,84,29,14470.832976190475,4.341249380952381,0.34523809523809523,43.0,Fear
0x4f93fead39b70a1824f981a54d4e55b278e9f760,2025-02-11,1353.604398,56,22,12581.13017857143,3.7743386607142857,0.39285714285714285,47.0,Neutral
0x4f93fead39b70a1824f981a54d4e55b278e9f760,2025-02-12,5212.729861,84,45,14802.268214285714,4.4406799404761905,0.5357142857142857,46.0,Neutral
0x4f93fead39b70a1824f981a54d4e55b278e9f760,2025-02-13,2205.413149,23,11,17512.87652173913,5.25386243478261,0.4782608695652174,50.0,Neutral
0x4f93fead39b70a1824f981a54d4e55b278e9f760,2025-02-14,2678.115601,58,25,19911.15103448276,5.9733448620689655,0.43103448275862066,48.0,Neutral
0x4f93fead39b70a1824f981a54d4e55b278e9f760,2025-02-15,3884.0032459999998,21,13,22683.889523809525,6.805166333333333,0.6190476190476191,50.0,Neutral
0x4f93fead39b70a1824f981a54d4e55b278e9f760,2025-02-16,314.96786,25,11,14405.7528,4.321725160000001,0.44,54.0,Neutral
0x4f93fead39b70a1824f981a54d4e55b278e9f760,2025-02-17,1204.110761,42,5,12833.438095238096,3.850031428571429,0.11904761904761904,51.0,Neutral
0x4f93fead39b70a1824f981a54d4e55b278e9f760,2025-02-18,1670.219701,44,14,13191.782954545453,3.957534363636363,0.3181818181818182,47.0,Neutral
0x4f93fead39b70a1824f981a54d4e55b278e9f760,2025-02-19,3512.2119079999998,58,23,16248.182068965516,4.874454103448276,0.39655172413793105,44.0,Fear
0x4f93fead39b70a1824f981a54d4e55b278e9f760,2025-02-20,1829.292797,90,40,17114.072111111112,5.134221166666666,0.4444444444444444,49.0,Neutral
0x4f93fead39b70a1824f981a54d4e55b278e9f760,2025-02-21,5993.575314,76,8,17026.42842105263,5.107928065789474,0.10526315789473684,55.0,Greed
0x4f93fead39b70a1824f981a54d4e55b278e9f760,2025-02-22,1287.143384,91,52,16717.653406593407,5.0152952527472525,0.5714285714285714,49.0,Neutral
0x4f93fead39b70a1824f981a54d4e55b278e9f760,2025-02-23,109.68322,31,7,9029.90806451613,2.708971870967742,0.22580645161290322,50.0,Neutral
0x4f93fead39b70a1824f981a54d4e55b278e9f760,2025-02-24,1925.839355,17,5,27169.443529411765,8.150832529411765,0.29411764705882354,49.0,Neutral
0x4f93fead39b70a1824f981a54d4e55b278e9f760,2025-02-25,0.0,51,0,19559.930980392157,5.867978980392157,0.0,25.0,Fear
0x4f93fead39b70a1824f981a54d4e55b278e9f760,2025-03-02,11005.991600000001,26,21,43406.429615384615,13.021928269230768,0.8076923076923077,26.0,Fear
0x4f93fead39b70a1824f981a54d4e55b278e9f760,2025-03-03,1136.272279,12,6,26764.120833333334,8.029236,0.5,33.0,Fear
0x4f93fead39b70a1824f981a54d4e55b278e9f760,2025-03-04,8002.939313,59,28,25872.653898305085,7.761795406779661,0.4745762711864407,15.0,Extreme Fear
0x4f93fead39b70a1824f981a54d4e55b278e9f760,2025-03-05,2741.101375,54,20,28870.43833333333,8.66113088888889,0.37037037037037035,20.0,Extreme Fear
0x4f93fead39b70a1824f981a54d4e55b278e9f760,2025-03-06,3069.196282,37,10,17383.593783783785,5.2150779459459455,0.2702702702702703,25.0,Fear
0x4f93fead39b70a1824f981a54d4e55b278e9f760,2025-03-07,3273.5394420000002,22,18,10090.28,3.0270835000000003,0.8181818181818182,34.0,Fear
0x4f93fead39b70a1824f981a54d4e55b278e9f760,2025-03-08,0.0,17,0,7059.288823529412,2.117785882352941,0.0,28.0,Fear
0x4f93fead39b70a1824f981a54d4e55b278e9f760,2025-03-09,0.0,11,0,38167.586363636365,11.450275,0.0,27.0,Fear
0x4f93fead39b70a1824f981a54d4e55b278e9f760,2025-03-10,14133.265684,103,42,25248.4113592233,7.574522834951456,0.4077669902912621,20.0,Extreme Fear
0x4f93fead39b70a1824f981a54d4e55b278e9f760,2025-03-11,2479.265806,33,21,31854.999696969695,9.556499303030304,0.6363636363636364,24.0,Extreme Fear
0x4f93fead39b70a1824f981a54d4e55b278e9f760,2025-03-12,0.0,10,0,17999.379,5.3998123,0.0,34.0,Fear
0x4f93fead39b70a1824f981a54d4e55b278e9f760,2025-03-13,5770.595066,22,8,28439.44318181818,8.531832636363635,0.36363636363636365,45.0,Neutral
0x4f93fead39b70a1824f981a54d4e55b278e9f760,2025-03-14,11039.384571,25,10,22036.92,6.61107528,0.4,27.0,Fear
0x4f93fead39b70a1824f981a54d4e55b278e9f760,2025-03-15,575.945518,8,7,17424.6975,5.227409,0.875,46.0,Neutral
0x4f93fead39b70a1824f981a54d4e55b278e9f760,2025-03-16,144.99309,6,2,26689.39,8.006816833333334,0.3333333333333333,30.0,Fear
0x4f93fead39b70a1824f981a54d4e55b278e9f760,2025-03-17,2220.589556,11,8,18384.756363636363,5.515426727272727,0.7272727272727273,32.0,Fear
0x4f93fead39b70a1824f981a54d4e55b278e9f760,2025-03-18,362.477712,44,1,9083.757954545454,2.725127181818182,0.022727272727272728,34.0,Fear
0x4f93fead39b70a1824f981a54d4e55b278e9f760,2025-03-19,1438.717656,29,28,11776.706206896552,3.533011068965517,0.9655172413793104,32.0,Fear
0x4f93fead39b70a1824f981a54d4e55b278e9f760,2025-03-20,0.0,8,0,14999.98875,4.499995875,0.0,49.0,Neutral
0x4f93fead39b70a1824f981a54d4e55b278e9f760,2025-03-21,0.0,6,0,30000.725000000002,9.000217000000001,0.0,31.0,Fear
0x4f93fead39b70a1824f981a54d4e55b278e9f760,2025-03-22,58.007635,24,24,12502.583333333334,3.7507746666666666,1.0,32.0,Fear
0x4f93fead39b70a1824f981a54d4e55b278e9f760,2025-03-23,134.82844,10,9,4013.454,1.2040355999999999,0.9,30.0,Fear
0x4f93fead39b70a1824f981a54d4e55b278e9f760,2025-03-24,0.0,14,0,4285.6335714285715,1.2856895000000002,0.0,45.0,Neutral
0x4f93fead39b70a1824f981a54d4e55b278e9f760,2025-03-25,217.47456799999998,9,5,13309.063333333334,4.2149424444444445,0.5555555555555556,46.0,Neutral
0x4f93fead39b70a1824f981a54d4e55b278e9f760,2025-03-26,980.433384,10,6,20075.693,7.026491900000001,0.6,47.0,Neutral
0x4f93fead39b70a1824f981a54d4e55b278e9f760,2025-03-27,4329.319769,40,16,19609.212,6.863223775,0.4,40.0,Fear
0x4f93fead39b70a1824f981a54d4e55b278e9f760,2025-03-28,0.0,10,0,19998.763,6.999566300000001,0.0,44.0,Fear
0x4f93fead39b70a1824f981a54d4e55b278e9f760,2025-03-29,0.0,8,0,27499.309999999998,9.624757875,0.0,26.0,Fear
0x4f93fead39b70a1824f981a54d4e55b278e9f760,2025-03-31,2112.5276,40,22,18052.58175,6.318403099999999,0.55,34.0,Fear
0x4f93fead39b70a1824f981a54d4e55b278e9f760,2025-04-01,1402.082488,20,8,7070.317,2.4746107,0.4,34.0,Fear
0x4f93fead39b70a1824f981a54d4e55b278e9f760,2025-04-02,0.0,1,0,19999.7,6.999896,0.0,44.0,Fear
0x4f93fead39b70a1824f981a54d4e55b278e9f760,2025-04-03,0.0,9,0,31104.344444444443,10.88652011111111,0.0,25.0,Fear
0x4f93fead39b70a1824f981a54d4e55b278e9f760,2025-04-04,4591.427138999999,21,13,20216.697142857145,7.075843571428571,0.6190476190476191,28.0,Fear
0x4f93fead39b70a1824f981a54d4e55b278e9f760,2025-04-06,0.0,7,0,25710.512857142858,8.998679714285714,0.0,34.0,Fear
0x4f93fead39b70a1824f981a54d4e55b278e9f760,2025-04-07,0.0,45,0,13332.73688888889,4.666457155555555,0.0,23.0,Extreme Fear
0x4f93fead39b70a1824f981a54d4e55b278e9f760,2025-04-08,21114.136771999998,28,24,38252.94535714285,13.388530750000001,0.8571428571428571,24.0,Extreme Fear
0x4f93fead39b70a1824f981a54d4e55b278e9f760,2025-04-09,25875.837656,45,24,19464.35377777778,6.812523022222222,0.5333333333333333,18.0,Extreme Fear
0x4f93fead39b70a1824f981a54d4e55b278e9f760,2025-04-10,0.0,9,0,16655.645555555555,4.996692555555556,0.0,39.0,Fear
0x4f93fead39b70a1824f981a54d4e55b278e9f760,2025-04-11,3188.3381949999994,3,3,51029.70333333334,17.860395999999998,1.0,25.0,Fear
0x4f93fead39b70a1824f981a54d4e55b278e9f760,2025-04-13,253.67505,8,3,6281.60375,2.198560375,0.375,45.0,Neutral
0x4f93fead39b70a1824f981a54d4e55b278e9f760,2025-04-14,322.73095,27,4,4642.299259259259,1.6248045925925925,0.14814814814814814,31.0,Fear
0x4f93fead39b70a1824f981a54d4e55b278e9f760,2025-04-16,0.0,4,0,18749.704999999998,6.56239575,0.0,29.0,Fear
0x4f93fead39b70a1824f981a54d4e55b278e9f760,2025-04-17,1713.120195,9,8,19636.307777777776,6.872707111111111,0.8888888888888888,30.0,Fear
0x4f93fead39b70a1824f981a54d4e55b278e9f760,2025-04-18,0.0,4,0,12499.515,4.37483,0.0,33.0,Fear
0x4f93fead39b70a1824f981a54d4e55b278e9f760,2025-04-19,721.976596,18,13,8373.388333333334,2.930685888888889,0.7222222222222222,32.0,Fear
0x4f93fead39b70a1824f981a54d4e55b278e9f760,2025-04-20,0.0,8,0,15624.63125,5.468620125,0.0,37.0,Fear
0x4f93fead39b70a1824f981a54d4e55b278e9f760,2025-04-21,459.153994,9,9,16717.272222222222,5.851043666666666,1.0,39.0,Fear
0x4f93fead39b70a1824f981a54d4e55b278e9f760,2025-04-24,0.0,4,0,18749.59,6.56235525,0.0,63.0,Greed
0x4f93fead39b70a1824f981a54d4e55b278e9f760,2025-04-25,0.0,16,0,28126.7575,9.844364375,0.0,60.0,Greed
0x4f93fead39b70a1824f981a54d4e55b278e9f760,2025-04-30,5286.100993,36,23,19298.768333333333,6.7545687222222215,0.6388888888888888,56.0,Greed
0x4f93fead39b70a1824f981a54d4e55b278e9f760,2025-05-01,1220.746604,14,7,14373.198571428571,5.030619357142858,0.5,53.0,Neutral
0x513b8629fe877bb581bf244e326a047b249c4ff1,2024-12-09,0.0,42,0,1682.2211904761903,0.04530505214285714,0.0,78.0,Extreme Greed
0x513b8629fe877bb581bf244e326a047b249c4ff1,2024-12-12,0.0,89,0,3332.177640449438,0.06097473898876404,0.0,83.0,Extreme Greed
0x513b8629fe877bb581bf244e326a047b249c4ff1,2024-12-15,0.0,28,0,4194.129285714285,0.062404528928571436,0.0,80.0,Extreme Greed
0x513b8629fe877bb581bf244e326a047b249c4ff1,2024-12-19,0.0,64,0,3791.86515625,0.0516150209375,0.0,75.0,Extreme Greed
0x513b8629fe877bb581bf244e326a047b249c4ff1,2025-02-14,194499.072534,464,464,1986.7047629310346,0.6675317693965517,1.0,48.0,Neutral
0x513b8629fe877bb581bf244e326a047b249c4ff1,2025-02-17,0.0,292,0,3155.894726027397,0.0402835054109589,0.0,51.0,Neutral
0x513b8629fe877bb581bf244e326a047b249c4ff1,2025-03-17,0.0,35,0,9144.806857142858,3.0726540285714283,0.0,32.0,Fear
0x513b8629fe877bb581bf244e326a047b249c4ff1,2025-03-18,5429.87424,6,6,43103.988333333335,4.137981833333334,1.0,34.0,Fear
0x513b8629fe877bb581bf244e326a047b249c4ff1,2025-03-19,13272.411278,133,20,6491.884887218045,1.9210666390977444,0.15037593984962405,32.0,Fear
0x513b8629fe877bb581bf244e326a047b249c4ff1,2025-03-20,3865.013572,75,75,1391.7530666666667,0.13887169333333332,1.0,49.0,Neutral
0x513b8629fe877bb581bf244e326a047b249c4ff1,2025-03-27,0.0,77,0,2064.410909090909,0.6936410519480519,0.0,40.0,Fear
0x513b8629fe877bb581bf244e326a047b249c4ff1,2025-03-28,1470.407794,84,84,1909.8789285714283,0.6417182857142857,1.0,44.0,Fear
0x513b8629fe877bb581bf244e326a047b249c4ff1,2025-04-01,0.0,13,0,13807.81,1.3255487692307695,0.0,34.0,Fear
0x513b8629fe877bb581bf244e326a047b249c4ff1,2025-04-03,0.0,49,0,2260.9597959183675,0.3128071632653061,0.0,25.0,Fear
0x513b8629fe877bb581bf244e326a047b249c4ff1,2025-04-05,0.0,34,0,2537.0485294117643,0.6857505882352941,0.0,30.0,Fear
0x513b8629fe877bb581bf244e326a047b249c4ff1,2025-04-07,-37999.868086,76,6,6969.902236842105,1.2949243552631577,0.07894736842105263,23.0,Extreme Fear
0x513b8629fe877bb581bf244e326a047b249c4ff1,2025-04-08,3131.840108,148,16,9667.030743243244,0.9280338783783785,0.10810810810810811,24.0,Extreme Fear
0x513b8629fe877bb581bf244e326a047b249c4ff1,2025-04-09,-36253.792726,122,83,11281.935245901639,2.473808303278689,0.680327868852459,18.0,Extreme Fear
0x513b8629fe877bb581bf244e326a047b249c4ff1,2025-04-10,22908.117384,337,244,25584.4765578635,4.441195448071217,0.7240356083086054,39.0,Fear
0x513b8629fe877bb581bf244e326a047b249c4ff1,2025-04-11,0.0,65,0,33255.74600000001,2.948100076923077,0.0,25.0,Fear
0x513b8629fe877bb581bf244e326a047b249c4ff1,2025-04-12,88152.006818,1251,195,40967.58708233413,8.437053226219025,0.15587529976019185,43.0,Fear
0x513b8629fe877bb581bf244e326a047b249c4ff1,2025-04-13,11239.437228,285,86,31745.770947368423,6.503248996491228,0.3017543859649123,45.0,Neutral
0x513b8629fe877bb581bf244e326a047b249c4ff1,2025-04-14,7922.167264999999,230,58,38233.16656521739,5.864010113043479,0.25217391304347825,31.0,Fear
0x513b8629fe877bb581bf244e326a047b249c4ff1,2025-04-15,40966.673478000004,731,433,25242.244090287277,1.9314504350205197,0.5923392612859097,38.0,Fear
0x513b8629fe877bb581bf244e326a047b249c4ff1,2025-04-16,41498.141783,886,342,39232.42645598194,6.430382001128668,0.3860045146726862,29.0,Fear
0x513b8629fe877bb581bf244e326a047b249c4ff1,2025-04-17,0.0,5,0,147619.302,0.0,0.0,30.0,Fear
0x513b8629fe877bb581bf244e326a047b249c4ff1,2025-04-18,43400.145539,379,289,58751.562744063325,11.033686862796834,0.762532981530343,33.0,Fear
0x513b8629fe877bb581bf244e326a047b249c4ff1,2025-04-19,62373.791703999996,637,229,43140.85288854003,8.13115686499215,0.35949764521193095,32.0,Fear
0x513b8629fe877bb581bf244e326a047b249c4ff1,2025-04-20,0.0,160,0,52569.3078125,6.4584546875,0.0,37.0,Fear
0x513b8629fe877bb581bf244e326a047b249c4ff1,2025-04-21,39772.479641,869,316,46044.36062140392,6.845160978135788,0.36363636363636365,39.0,Fear
0x513b8629fe877bb581bf244e326a047b249c4ff1,2025-04-22,73209.060448,418,185,62608.63574162679,8.938838083732056,0.44258373205741625,47.0,Neutral
0x513b8629fe877bb581bf244e326a047b249c4ff1,2025-04-23,1656.211757,211,118,54580.961753554504,12.55362072985782,0.5592417061611374,72.0,Greed
0x513b8629fe877bb581bf244e326a047b249c4ff1,2025-04-24,35332.403093,672,303,47146.683541666665,9.98129134970238,0.45089285714285715,63.0,Greed
0x513b8629fe877bb581bf244e326a047b249c4ff1,2025-04-25,8410.75479,499,298,49855.811983967935,11.466836366733467,0.5971943887775552,60.0,Greed
0x513b8629fe877bb581bf244e326a047b249c4ff1,2025-04-26,0.0,314,0,35046.08286624204,8.060598550955413,0.0,65.0,Greed
0x513b8629fe877bb581bf244e326a047b249c4ff1,2025-04-28,37973.605394,654,349,38360.42061162079,8.822896269113151,0.5336391437308868,54.0,Neutral
0x513b8629fe877bb581bf244e326a047b249c4ff1,2025-04-29,117648.295306,992,474,32144.09112903226,4.765427487903226,0.4778225806451613,60.0,Greed
0x513b8629fe877bb581bf244e326a047b249c4ff1,2025-04-30,0.0,481,0,22932.819688149688,5.264745091476091,0.0,56.0,Greed
0x513b8629fe877bb581bf244e326a047b249c4ff1,2025-05-01,60544.304874,329,236,22713.250030395135,5.224047027355623,0.7173252279635258,53.0,Neutral
0x6d6a4b953f202f8df5bed40692e7fd865318264a,2024-12-11,698.009722,8,8,136.67374999999998,0.047835375,1.0,74.0,Greed
0x6d6a4b953f202f8df5bed40692e7fd865318264a,2024-12-12,362.84131,4,4,133.0725,0.046575,1.0,83.0,Extreme Greed
0x6d6a4b953f202f8df5bed40692e7fd865318264a,2024-12-14,39057.10912,80,80,664.7225000000001,0.196151075,1.0,83.0,Extreme Greed
0x6d6a4b953f202f8df5bed40692e7fd865318264a,2024-12-15,18879.21027,15,15,1635.1666666666667,0.16351646666666667,1.0,80.0,Extreme Greed
0x6d6a4b953f202f8df5bed40692e7fd865318264a,2024-12-16,12648.870412,47,47,341.3504255319149,0.11947236170212766,1.0,83.0,Extreme Greed
0x6d6a4b953f202f8df5bed40692e7fd865318264a,2024-12-17,2244.04603,7,7,401.2685714285714,0.14044328571428571,1.0,87.0,Extreme Greed
0x6d6a4b953f202f8df5bed40692e7fd865318264a,2024-12-21,27649.187167,89,89,372.85966292134833,0.130500595505618,1.0,73.0,Greed
0x6d6a4b953f202f8df5bed40692e7fd865318264a,2025-01-11,0.0,33,0,227.26757575757574,0.0038896387878787873,0.0,69.0,Greed
0x6d6a4b953f202f8df5bed40692e7fd865318264a,2025-01-12,0.0,12,0,833.3333333333334,0.014146100833333333,0.0,62.0,Greed
0x6d6a4b953f202f8df5bed40692e7fd865318264a,2025-01-13,0.0,23,0,543.5169565217391,0.009758882608695651,0.0,61.0,Greed
0x6d6a4b953f202f8df5bed40692e7fd865318264a,2025-01-19,0.0,12,0,291.6675,0.004946426666666667,0.0,77.0,Extreme Greed
0x6d6a4b953f202f8df5bed40692e7fd865318264a,2025-01-20,0.0,3,0,1666.64,0.02770539333333333,0.0,76.0,Extreme Greed
0x6d6a4b953f202f8df5bed40692e7fd865318264a,2025-01-23,0.0,3,0,141.0,0.0020741733333333335,0.0,75.0,Extreme Greed
0x6d6a4b953f202f8df5bed40692e7fd865318264a,2025-01-27,0.0,11,0,1272.7318181818182,0.02107936090909091,0.0,71.0,Greed
0x6d6a4b953f202f8df5bed40692e7fd865318264a,2025-01-30,1643.602279,8,8,1242.675,0.41753850000000003,1.0,70.0,Greed
0x6d6a4b953f202f8df5bed40692e7fd865318264a,2025-02-01,0.0,5,0,1987.6240000000003,0.02548624,0.0,68.0,Greed
0x6d6a4b953f202f8df5bed40692e7fd865318264a,2025-02-14,844.8168900000001,21,21,254.39857142857142,0.08547733333333334,1.0,48.0,Neutral
0x6d6a4b953f202f8df5bed40692e7fd865318264a,2025-02-15,0.0,11,0,485.4918181818182,0.006317974545454546,0.0,50.0,Neutral
0x6d6a4b953f202f8df5bed40692e7fd865318264a,2025-03-26,413.304033,18,2,875.7783333333333,0.08595878277777777,0.1111111111111111,47.0,Neutral
0x6d6a4b953f202f8df5bed40692e7fd865318264a,2025-03-27,154.257092,23,15,550.3630434782609,0.10004884173913044,0.6521739130434783,40.0,Fear
0x6d6a4b953f202f8df5bed40692e7fd865318264a,2025-03-28,0.0,12,0,227.225,0.005618128333333333,0.0,44.0,Fear
0x6d6a4b953f202f8df5bed40692e7fd865318264a,2025-03-29,0.0,7,0,221.41285714285712,0.0030190942857142855,0.0,26.0,Fear
0x6d6a4b953f202f8df5bed40692e7fd865318264a,2025-03-30,3.492534,6,1,276.01,0.04615494666666667,0.16666666666666666,32.0,Fear
0x6d6a4b953f202f8df5bed40692e7fd865318264a,2025-03-31,0.0,1,0,149.99,0.00395464,0.0,34.0,Fear
0x6d6a4b953f202f8df5bed40692e7fd865318264a,2025-04-01,132.71954399999998,14,4,1954.3107142857145,0.6052984285714286,0.2857142857142857,34.0,Fear
0x6d6a4b953f202f8df5bed40692e7fd865318264a,2025-04-02,234.497751,34,9,1120.655,0.29873311764705884,0.2647058823529412,44.0,Fear
0x6d6a4b953f202f8df5bed40692e7fd865318264a,2025-04-03,298.031364,20,5,922.9384999999999,0.22238589800000003,0.25,25.0,Fear
0x6d6a4b953f202f8df5bed40692e7fd865318264a,2025-04-04,392.35488599999996,60,9,626.296,0.12245093268333333,0.15,28.0,Fear
0x6d6a4b953f202f8df5bed40692e7fd865318264a,2025-04-05,41.479757,17,11,1026.9088235294118,0.3450243529411765,0.6470588235294118,30.0,Fear
0x6d6a4b953f202f8df5bed40692e7fd865318264a,2025-04-06,207.98348199999998,22,10,1384.9813636363635,0.2798327781136364,0.45454545454545453,34.0,Fear
0x6d6a4b953f202f8df5bed40692e7fd865318264a,2025-04-07,232.000726,51,7,990.5305882352941,0.23603839772352941,0.13725490196078433,23.0,Extreme Fear
0x6d6a4b953f202f8df5bed40692e7fd865318264a,2025-04-08,409.437344,32,12,1307.165,0.4392063125,0.375,24.0,Extreme Fear
0x6d6a4b953f202f8df5bed40692e7fd865318264a,2025-04-09,1395.820542,60,25,902.617,0.27043217231666666,0.4166666666666667,18.0,Extreme Fear
0x6d6a4b953f202f8df5bed40692e7fd865318264a,2025-04-10,463.813132,18,9,1599.0455555555554,0.5372703333333333,0.5,39.0,Fear
0x6d6a4b953f202f8df5bed40692e7fd865318264a,2025-04-11,56.216535,5,1,2161.054,0.7261134,0.2,25.0,Fear
0x6d6a4b953f202f8df5bed40692e7fd865318264a,2025-04-12,-89.1781,12,0,1094.5383333333332,0.367764,0.0,43.0,Fear
0x6d6a4b953f202f8df5bed40692e7fd865318264a,2025-04-13,0.0,1,0,999.44,0.335812,0.0,45.0,Neutral
0x6d6a4b953f202f8df5bed40692e7fd865318264a,2025-04-14,73.7414,5,1,2214.596,0.7441038000000001,0.2,31.0,Fear
0x6d6a4b953f202f8df5bed40692e7fd865318264a,2025-04-15,0.0,8,0,1124.95125,0.377982625,0.0,38.0,Fear
0x6d6a4b953f202f8df5bed40692e7fd865318264a,2025-04-16,70.94968,4,4,494.38,0.16611075,1.0,29.0,Fear
0x6d6a4b953f202f8df5bed40692e7fd865318264a,2025-04-19,0.0,85,0,414.2778823529412,0.1391965411764706,0.0,32.0,Fear
0x6d6a4b953f202f8df5bed40692e7fd865318264a,2025-04-21,0.0,6,0,1166.0616666666667,0.39179566666666665,0.0,39.0,Fear
0x6d6a4b953f202f8df5bed40692e7fd865318264a,2025-04-22,0.0,10,0,999.832,0.3359421,0.0,47.0,Neutral
0x6d6a4b953f202f8df5bed40692e7fd865318264a,2025-04-23,0.0,18,0,527.7555555555556,0.17732438888888888,0.0,72.0,Greed
0x6d6a4b953f202f8df5bed40692e7fd865318264a,2025-04-24,168.69881,20,13,441.69899999999996,0.14841010000000002,0.65,63.0,Greed
0x6d6a4b953f202f8df5bed40692e7fd865318264a,2025-04-25,0.0,7,0,535.6742857142857,0.1799855714285714,0.0,60.0,Greed
0x6d6a4b953f202f8df5bed40692e7fd865318264a,2025-04-26,43.903059999999996,7,4,1815.0585714285714,0.6098587142857143,0.5714285714285714,65.0,Greed
0x72743ae2822edd658c0c50608fd7c5c501b2afbd,2024-12-17,0.0,98,0,18481.63244897959,1.8481629081632653,0.0,87.0,Extreme Greed
0x72743ae2822edd658c0c50608fd7c5c501b2afbd,2024-12-22,327545.999992,104,104,14265.865288461539,1.4265860673076922,1.0,73.0,Greed
0x72743ae2822edd658c0c50608fd7c5c501b2afbd,2025-01-04,0.0,141,0,11569.857730496453,1.1569854822695036,0.0,73.0,Greed
0x72743ae2822edd658c0c50608fd7c5c501b2afbd,2025-01-08,122050.866984,48,48,31443.71166666667,3.837463458333333,1.0,70.0,Greed
0x72743ae2822edd658c0c50608fd7c5c501b2afbd,2025-02-28,0.0,77,0,1457.8809090909092,0.15639031116883118,0.0,16.0,Extreme Fear
0x72743ae2822edd658c0c50608fd7c5c501b2afbd,2025-03-08,0.0,15,0,2119.866666666667,0.11273317466666666,0.0,28.0,Fear
0x72743ae2822edd658c0c50608fd7c5c501b2afbd,2025-03-09,0.0,90,0,1365.6884444444443,0.07410108155555556,0.0,27.0,Fear
0x72743ae2822edd658c0c50608fd7c5c501b2afbd,2025-04-08,0.0,77,0,2481.818051948052,0.13805144636363637,0.0,24.0,Extreme Fear
0x72743ae2822edd658c0c50608fd7c5c501b2afbd,2025-04-09,33980.0,355,312,8095.553154929577,1.8095345830985916,0.8788732394366198,18.0,Extreme Fear
0x72743ae2822edd658c0c50608fd7c5c501b2afbd,2025-04-10,0.0,8,0,12530.401249999999,1.253039625,0.0,39.0,Fear
0x72743ae2822edd658c0c50608fd7c5c501b2afbd,2025-04-11,0.0,3,0,51734.1,5.173409333333334,0.0,25.0,Fear
0x72743ae2822edd658c0c50608fd7c5c501b2afbd,2025-04-16,-14838.4,53,0,4603.773962264151,0.460377,0.0,29.0,Fear
0x72743ae2822edd658c0c50608fd7c5c501b2afbd,2025-04-18,-42923.271911,65,50,8851.193692307692,0.9003899076923078,0.7692307692307693,33.0,Fear
0x72743ae2822edd658c0c50608fd7c5c501b2afbd,2025-04-19,0.0,39,0,1287.706923076923,0.14085476923076923,0.0,32.0,Fear
0x72743ae2822edd658c0c50608fd7c5c501b2afbd,2025-04-20,-458.08035,38,0,1333.6473684210525,0.13336455263157895,0.0,37.0,Fear
0x72743ae2822edd658c0c50608fd7c5c501b2afbd,2025-04-22,0.0,79,0,1341.7722784810126,0.13417694936708863,0.0,47.0,Neutral
0x72743ae2822edd658c0c50608fd7c5c501b2afbd,2025-04-23,10148.4512,167,36,1633.4878443113773,0.33722326946107783,0.2155688622754491,72.0,Greed
0x72743ae2822edd658c0c50608fd7c5c501b2afbd,2025-04-24,-3500.0,111,0,878.3780180180181,0.08783741441441441,0.0,63.0,Greed
0x72743ae2822edd658c0c50608fd7c5c501b2afbd,2025-04-25,-2650.0,22,0,2502.2713636363637,0.2502266818181818,0.0,60.0,Greed
0x72c6a4624e1dffa724e6d00d64ceae698af892a0,2024-09-20,0.0,4,0,7075.4425,0.679242,0.0,54.0,Neutral
0x72c6a4624e1dffa724e6d00d64ceae698af892a0,2024-09-24,0.0,1,0,6113.57,0.586902,0.0,54.0,Neutral
0x72c6a4624e1dffa724e6d00d64ceae698af892a0,2024-09-25,0.0,3,0,917.6733333333333,0.08809633333333333,0.0,59.0,Greed
0x72c6a4624e1dffa724e6d00d64ceae698af892a0,2024-09-26,0.0,5,0,6654.302000000001,0.6388119999999999,0.0,50.0,Neutral
0x72c6a4624e1dffa724e6d00d64ceae698af892a0,2024-09-27,0.0,46,0,567.4939130434783,0.05447834782608695,0.0,61.0,Greed
0x72c6a4624e1dffa724e6d00d64ceae698af892a0,2024-09-28,0.0,4,0,7299.8025,0.7007800000000001,0.0,64.0,Greed
0x72c6a4624e1dffa724e6d00d64ceae698af892a0,2024-09-30,0.0,96,0,389.4682291666666,0.03738820833333333,0.0,61.0,Greed
0x72c6a4624e1dffa724e6d00d64ceae698af892a0,2024-10-25,8692.0,5,5,4659.2,0.44728219999999996,1.0,72.0,Greed
0x72c6a4624e1dffa724e6d00d64ceae698af892a0,2024-10-26,42471.99413,6,6,14778.143333333333,1.4187006666666668,1.0,,
0x72c6a4624e1dffa724e6d00d64ceae698af892a0,2024-11-29,573.585288,1,1,573.59,0.055063,1.0,78.0,Extreme Greed
0x72c6a4624e1dffa724e6d00d64ceae698af892a0,2024-12-12,0.0,17,0,1397.385294117647,0.13414817647058824,0.0,83.0,Extreme Greed
0x72c6a4624e1dffa724e6d00d64ceae698af892a0,2024-12-13,0.0,30,0,2951.8799999999997,0.2833796333333333,0.0,76.0,Extreme Greed
0x72c6a4624e1dffa724e6d00d64ceae698af892a0,2024-12-14,0.0,43,0,2042.2541860465114,0.19605567441860464,0.0,83.0,Extreme Greed
0x72c6a4624e1dffa724e6d00d64ceae698af892a0,2024-12-15,0.0,8,0,2812.5,0.26999937500000004,0.0,80.0,Extreme Greed
0x72c6a4624e1dffa724e6d00d64ceae698af892a0,2024-12-16,0.0,41,0,1561.8182926829268,0.1499336829268293,0.0,83.0,Extreme Greed
0x72c6a4624e1dffa724e6d00d64ceae698af892a0,2024-12-17,0.0,14,0,3150.0064285714284,0.3023997142857143,0.0,87.0,Extreme Greed
0x72c6a4624e1dffa724e6d00d64ceae698af892a0,2024-12-18,0.0,31,0,3206.451290322581,0.3078185806451613,0.0,81.0,Extreme Greed
0x72c6a4624e1dffa724e6d00d64ceae698af892a0,2024-12-19,0.0,1,0,24880.0,2.38848,0.0,75.0,Extreme Greed
0x72c6a4624e1dffa724e6d00d64ceae698af892a0,2024-12-20,0.0,28,0,4121.142857142857,0.39562892857142856,0.0,74.0,Greed
0x72c6a4624e1dffa724e6d00d64ceae698af892a0,2024-12-23,0.0,35,0,3422.0648571428574,0.32851722857142857,0.0,70.0,Greed
0x72c6a4624e1dffa724e6d00d64ceae698af892a0,2024-12-25,0.0,1,0,28677.0,2.752992,0.0,73.0,Greed
0x72c6a4624e1dffa724e6d00d64ceae698af892a0,2024-12-27,0.0,6,0,9450.001666666667,0.9071993333333334,0.0,74.0,Greed
0x72c6a4624e1dffa724e6d00d64ceae698af892a0,2024-12-28,0.0,34,0,2406.462941176471,0.23101967647058821,0.0,72.0,Greed
0x72c6a4624e1dffa724e6d00d64ceae698af892a0,2024-12-29,0.0,14,0,5006.2699999999995,0.4806012857142857,0.0,73.0,Greed
0x72c6a4624e1dffa724e6d00d64ceae698af892a0,2024-12-30,0.0,15,0,2392.239333333333,0.22965426666666666,0.0,65.0,Greed
0x72c6a4624e1dffa724e6d00d64ceae698af892a0,2025-01-02,0.0,3,0,8894.193333333335,0.8538419999999999,0.0,70.0,Greed
0x72c6a4624e1dffa724e6d00d64ceae698af892a0,2025-01-03,0.0,6,0,6065.75,0.5823111666666666,0.0,74.0,Greed
0x72c6a4624e1dffa724e6d00d64ceae698af892a0,2025-01-04,0.0,1,0,2128.95,0.204379,0.0,73.0,Greed
0x72c6a4624e1dffa724e6d00d64ceae698af892a0,2025-01-05,0.0,8,0,2863.6875,0.274913125,0.0,72.0,Greed
0x72c6a4624e1dffa724e6d00d64ceae698af892a0,2025-01-06,0.0,25,0,2910.8484000000003,0.27944051999999997,0.0,76.0,Extreme Greed
0x72c6a4624e1dffa724e6d00d64ceae698af892a0,2025-01-09,10647.977,1,1,38563.98,3.702142,1.0,69.0,Greed
0x72c6a4624e1dffa724e6d00d64ceae698af892a0,2025-01-24,0.0,2,0,2258.9,0.009407954999999999,0.0,75.0,Extreme Greed
0x72c6a4624e1dffa724e6d00d64ceae698af892a0,2025-01-25,0.0,14,0,3981.5714285714284,0.016738732142857142,0.0,75.0,Extreme Greed
0x72c6a4624e1dffa724e6d00d64ceae698af892a0,2025-01-26,262.95,55,16,1671.9961818181819,0.16051081818181817,0.2909090909090909,73.0,Greed
0x72c6a4624e1dffa724e6d00d64ceae698af892a0,2025-01-27,0.0,1,0,11300.0,1.0848,0.0,71.0,Greed
0x72c6a4624e1dffa724e6d00d64ceae698af892a0,2025-01-28,1474.79,70,38,1620.264857142857,0.15554461428571428,0.5428571428571428,72.0,Greed
0x72c6a4624e1dffa724e6d00d64ceae698af892a0,2025-02-02,0.0,37,0,837.1502702702703,0.08036548648648649,0.0,60.0,Greed
0x72c6a4624e1dffa724e6d00d64ceae698af892a0,2025-02-04,0.0,1,0,15000.0,1.44,0.0,72.0,Greed
0x72c6a4624e1dffa724e6d00d64ceae698af892a0,2025-02-07,0.0,54,0,772.9157407407408,0.07419896296296297,0.0,44.0,Fear
0x72c6a4624e1dffa724e6d00d64ceae698af892a0,2025-02-10,0.0,24,0,2206.1225,0.21178658333333333,0.0,43.0,Fear
0x72c6a4624e1dffa724e6d00d64ceae698af892a0,2025-02-14,0.0,5,0,3058.91,0.2936544,0.0,48.0,Neutral
0x72c6a4624e1dffa724e6d00d64ceae698af892a0,2025-02-15,0.0,7,0,1628.5714285714287,0.15634242857142858,0.0,50.0,Neutral
0x72c6a4624e1dffa724e6d00d64ceae698af892a0,2025-02-16,0.0,6,0,1650.0,0.1583995,0.0,54.0,Neutral
0x72c6a4624e1dffa724e6d00d64ceae698af892a0,2025-02-18,0.0,9,0,701.2211111111111,0.06731677777777778,0.0,47.0,Neutral
0x72c6a4624e1dffa724e6d00d64ceae698af892a0,2025-02-21,0.0,18,0,374.33,0.035934888888888884,0.0,55.0,Greed
0x72c6a4624e1dffa724e6d00d64ceae698af892a0,2025-02-22,0.0,14,0,1038.095,0.09965642857142856,0.0,49.0,Neutral
0x72c6a4624e1dffa724e6d00d64ceae698af892a0,2025-02-25,81776.7151,137,136,1940.033503649635,0.18624241605839417,0.9927007299270073,25.0,Fear
0x72c6a4624e1dffa724e6d00d64ceae698af892a0,2025-02-26,8230.0,1,1,23710.0,2.27616,1.0,21.0,Extreme Fear
0x72c6a4624e1dffa724e6d00d64ceae698af892a0,2025-02-27,8517.7655,13,13,2059.193846153846,0.1976816923076923,1.0,10.0,Extreme Fear
0x72c6a4624e1dffa724e6d00d64ceae698af892a0,2025-02-28,15700.5,3,2,7567.57,0.9452623333333333,0.6666666666666666,16.0,Extreme Fear
0x72c6a4624e1dffa724e6d00d64ceae698af892a0,2025-03-01,0.0,14,0,791.3578571428571,0.07596928571428571,0.0,20.0,Extreme Fear
0x72c6a4624e1dffa724e6d00d64ceae698af892a0,2025-03-02,10915.212,25,25,1366.0404,0.13113944,1.0,26.0,Fear
0x72c6a4624e1dffa724e6d00d64ceae698af892a0,2025-03-03,17247.427499999998,16,10,3784.509375,0.36331199999999997,0.625,33.0,Fear
0x72c6a4624e1dffa724e6d00d64ceae698af892a0,2025-03-04,169132.29611,155,77,3030.0763225806454,0.2908864258064516,0.4967741935483871,15.0,Extreme Fear
0x72c6a4624e1dffa724e6d00d64ceae698af892a0,2025-03-07,0.0,10,0,496.50100000000003,0.0476632,0.0,34.0,Fear
0x72c6a4624e1dffa724e6d00d64ceae698af892a0,2025-03-08,0.0,7,0,480.2857142857143,0.04610657142857143,0.0,28.0,Fear
0x72c6a4624e1dffa724e6d00d64ceae698af892a0,2025-03-09,0.0,21,0,232.88047619047617,0.022355952380952383,0.0,27.0,Fear
0x72c6a4624e1dffa724e6d00d64ceae698af892a0,2025-03-10,-2680.0,35,0,678.8711428571429,0.06517085714285714,0.0,20.0,Extreme Fear
0x72c6a4624e1dffa724e6d00d64ceae698af892a0,2025-03-15,0.0,1,0,5925.5,0.568848,0.0,46.0,Neutral
0x72c6a4624e1dffa724e6d00d64ceae698af892a0,2025-04-12,-3546.9,12,0,1581.1591666666666,0.3166065,0.0,43.0,Fear
0x72c6a4624e1dffa724e6d00d64ceae698af892a0,2025-04-13,-4526.698469,5,0,2040.0,0.19583940000000002,0.0,45.0,Neutral
0x72c6a4624e1dffa724e6d00d64ceae698af892a0,2025-04-14,7848.0,3,3,2675.8333333333335,0.2568793333333333,1.0,31.0,Fear
0x72c6a4624e1dffa724e6d00d64ceae698af892a0,2025-04-15,6335.6,6,6,1444.0666666666666,0.13862933333333335,1.0,38.0,Fear
0x72c6a4624e1dffa724e6d00d64ceae698af892a0,2025-04-16,14609.800000000001,44,44,825.0,0.07919947727272728,1.0,29.0,Fear
0x72c6a4624e1dffa724e6d00d64ceae698af892a0,2025-04-20,18374.63,55,47,1135.2727272727273,0.10898550909090908,0.8545454545454545,37.0,Fear
0x72c6a4624e1dffa724e6d00d64ceae698af892a0,2025-04-21,-9046.14,17,7,1703.0882352941176,0.16349558823529414,0.4117647058823529,39.0,Fear
0x75f7eeb85dc639d5e99c78f95393aa9a5f1170d4,2024-01-19,-0.20400000000000001,9,1,169.64555555555555,0.04071411111111111,0.1111111111111111,51.0,Neutral
0x75f7eeb85dc639d5e99c78f95393aa9a5f1170d4,2024-01-22,1166.248788,48,14,1125.4704166666668,0.08582812499999999,0.2916666666666667,55.0,Greed
0x75f7eeb85dc639d5e99c78f95393aa9a5f1170d4,2024-01-26,90.2,2,1,4627.9,-0.092558,0.5,49.0,Neutral
0x75f7eeb85dc639d5e99c78f95393aa9a5f1170d4,2024-01-29,1.71544,2,1,1034.4299999999998,0.113899,0.5,55.0,Greed
0x75f7eeb85dc639d5e99c78f95393aa9a5f1170d4,2024-02-14,3639.3031690000003,88,79,2478.8488636363636,0.12207018181818183,0.8977272727272727,74.0,Greed
0x75f7eeb85dc639d5e99c78f95393aa9a5f1170d4,2024-02-15,1024.70728,52,49,1469.9592307692308,0.06766844230769231,0.9423076923076923,72.0,Greed
0x75f7eeb85dc639d5e99c78f95393aa9a5f1170d4,2024-02-16,5491.768834,170,146,2730.2580588235296,0.013173594117647063,0.8588235294117647,72.0,Greed
0x75f7eeb85dc639d5e99c78f95393aa9a5f1170d4,2024-02-17,1670.012358,64,54,3161.86234375,0.17684121875,0.84375,76.0,Extreme Greed
0x75f7eeb85dc639d5e99c78f95393aa9a5f1170d4,2024-02-18,477.6248299999999,97,61,1619.0532989690723,-0.032380670103092785,0.6288659793814433,72.0,Greed
0x75f7eeb85dc639d5e99c78f95393aa9a5f1170d4,2024-02-19,4325.827543,95,76,2488.1485263157892,0.024756326315789473,0.8,75.0,Extreme Greed
0x75f7eeb85dc639d5e99c78f95393aa9a5f1170d4,2024-02-20,3053.31353,35,27,3363.1262857142856,0.07560291428571428,0.7714285714285715,72.0,Greed
0x75f7eeb85dc639d5e99c78f95393aa9a5f1170d4,2024-02-21,1858.7985700000002,21,15,4668.662857142857,0.022344285714285712,0.7142857142857143,78.0,Extreme Greed
0x75f7eeb85dc639d5e99c78f95393aa9a5f1170d4,2024-02-22,3894.1050699999996,86,40,4279.456162790698,0.281423488372093,0.46511627906976744,74.0,Greed
0x75f7eeb85dc639d5e99c78f95393aa9a5f1170d4,2024-02-23,1418.55293,143,137,776.966013986014,-0.014455027972027973,0.958041958041958,76.0,Extreme Greed
0x75f7eeb85dc639d5e99c78f95393aa9a5f1170d4,2024-02-25,-30.7705,5,0,896.0260000000001,-0.01792,0.0,74.0,Greed
0x75f7eeb85dc639d5e99c78f95393aa9a5f1170d4,2024-02-26,4416.8473,37,34,5180.734324324325,-0.002370999999999995,0.918918918918919,72.0,Greed
0x75f7eeb85dc639d5e99c78f95393aa9a5f1170d4,2024-02-27,312.130593,55,19,3759.7450909090912,-0.07519443636363636,0.34545454545454546,79.0,Extreme Greed
0x75f7eeb85dc639d5e99c78f95393aa9a5f1170d4,2024-02-28,2503.747235,45,39,3802.380666666667,-0.030603377777777777,0.8666666666666667,82.0,Extreme Greed
0x75f7eeb85dc639d5e99c78f95393aa9a5f1170d4,2024-02-29,8493.192736,109,97,3402.198532110092,-0.04447416513761468,0.8899082568807339,80.0,Extreme Greed
0x75f7eeb85dc639d5e99c78f95393aa9a5f1170d4,2024-03-01,8244.241409,137,128,3452.370072992701,-0.00399163503649635,0.9343065693430657,80.0,Extreme Greed
0x75f7eeb85dc639d5e99c78f95393aa9a5f1170d4,2024-03-02,1674.715167,24,21,2510.5745833333335,-0.05021108333333333,0.875,80.0,Extreme Greed
0x75f7eeb85dc639d5e99c78f95393aa9a5f1170d4,2024-03-03,8361.086245,79,54,4946.1478481012655,-0.031735481012658225,0.6835443037974683,83.0,Extreme Greed
0x75f7eeb85dc639d5e99c78f95393aa9a5f1170d4,2024-03-04,26773.771643,287,253,5485.087665505226,-0.005239090592334495,0.8815331010452961,82.0,Extreme Greed
0x75f7eeb85dc639d5e99c78f95393aa9a5f1170d4,2024-03-05,19791.026041,180,163,4676.724,-0.024658105555555556,0.9055555555555556,90.0,Extreme Greed
0x75f7eeb85dc639d5e99c78f95393aa9a5f1170d4,2024-03-06,6814.825139,82,72,3990.4636585365856,-0.04091851219512195,0.8780487804878049,75.0,Extreme Greed
0x75f7eeb85dc639d5e99c78f95393aa9a5f1170d4,2024-03-08,4271.886236,67,59,2740.047462686567,-0.0548004328358209,0.8805970149253731,81.0,Extreme Greed
0x75f7eeb85dc639d5e99c78f95393aa9a5f1170d4,2024-03-09,9949.501624,117,97,5625.459401709401,0.015827042735042738,0.8290598290598291,84.0,Extreme Greed
0x75f7eeb85dc639d5e99c78f95393aa9a5f1170d4,2024-03-10,2482.9272,42,29,5237.472619047619,0.05431123809523809,0.6904761904761905,79.0,Extreme Greed
0x75f7eeb85dc639d5e99c78f95393aa9a5f1170d4,2024-03-11,3588.179495,42,39,4202.844047619047,0.2017354761904762,0.9285714285714286,82.0,Extreme Greed
0x75f7eeb85dc639d5e99c78f95393aa9a5f1170d4,2024-03-12,3039.166,8,7,12880.10625,0.618244125,0.875,81.0,Extreme Greed
0x75f7eeb85dc639d5e99c78f95393aa9a5f1170d4,2024-03-14,3400.385378,17,15,11756.876470588235,0.5643290588235294,0.8823529411764706,88.0,Extreme Greed
0x75f7eeb85dc639d5e99c78f95393aa9a5f1170d4,2024-03-15,5509.2545,35,32,7132.707714285714,0.39136134285714286,0.9142857142857143,83.0,Extreme Greed
0x75f7eeb85dc639d5e99c78f95393aa9a5f1170d4,2024-03-17,73.61088,7,6,705.8557142857143,0.09503557142857143,0.8571428571428571,79.0,Extreme Greed
0x75f7eeb85dc639d5e99c78f95393aa9a5f1170d4,2024-03-18,1244.6384,6,5,8540.285,1.8695928333333331,0.8333333333333334,77.0,Extreme Greed
0x75f7eeb85dc639d5e99c78f95393aa9a5f1170d4,2024-03-19,842.799493,10,5,18098.891,1.737493,0.5,79.0,Extreme Greed
0x75f7eeb85dc639d5e99c78f95393aa9a5f1170d4,2024-03-20,2593.147623,59,56,2446.8210169491526,0.28446781355932205,0.9491525423728814,74.0,Greed
0x75f7eeb85dc639d5e99c78f95393aa9a5f1170d4,2024-03-21,2097.182,23,22,4256.877391304348,0.4086594347826087,0.9565217391304348,78.0,Extreme Greed
0x75f7eeb85dc639d5e99c78f95393aa9a5f1170d4,2024-03-24,1297.018477,19,15,4873.274210526315,0.4678335263157895,0.7894736842105263,74.0,Greed
0x75f7eeb85dc639d5e99c78f95393aa9a5f1170d4,2024-03-26,3195.3074,111,109,1572.7824324324324,0.17794764864864862,0.9819819819819819,81.0,Extreme Greed
0x75f7eeb85dc639d5e99c78f95393aa9a5f1170d4,2024-03-27,-38.78086,11,0,1163.5172727272727,0.113166,0.0,83.0,Extreme Greed
0x75f7eeb85dc639d5e99c78f95393aa9a5f1170d4,2024-03-28,227.85100799999998,10,9,1530.983,0.20543689999999998,0.9,80.0,Extreme Greed
0x75f7eeb85dc639d5e99c78f95393aa9a5f1170d4,2024-03-30,1100.57514,45,44,2246.753777777778,0.22087675555555555,0.9777777777777777,75.0,Extreme Greed
0x75f7eeb85dc639d5e99c78f95393aa9a5f1170d4,2024-04-01,2507.122467,48,40,4260.021458333334,0.7605222083333333,0.8333333333333334,79.0,Extreme Greed
0x75f7eeb85dc639d5e99c78f95393aa9a5f1170d4,2024-04-03,126.7884,2,1,3443.955,0.33061799999999997,0.5,71.0,Greed
0x75f7eeb85dc639d5e99c78f95393aa9a5f1170d4,2024-04-05,5296.433789,82,75,3723.111585365854,0.41410147560975613,0.9146341463414634,79.0,Extreme Greed
0x75f7eeb85dc639d5e99c78f95393aa9a5f1170d4,2024-04-08,1218.4267,2,1,24387.135,2.341164,0.5,76.0,Extreme Greed
0x75f7eeb85dc639d5e99c78f95393aa9a5f1170d4,2024-04-12,2237.798674,93,71,2815.611935483871,0.37073174193548386,0.7634408602150538,79.0,Extreme Greed
0x75f7eeb85dc639d5e99c78f95393aa9a5f1170d4,2024-04-13,6621.451755,71,61,4651.021830985916,0.9061005352112677,0.8591549295774648,72.0,Greed
0x75f7eeb85dc639d5e99c78f95393aa9a5f1170d4,2024-04-14,461.97292000000004,43,30,1637.1216279069768,0.17231039534883721,0.6976744186046512,72.0,Greed
0x75f7eeb85dc639d5e99c78f95393aa9a5f1170d4,2024-04-15,3774.08872,38,35,6344.664210526315,0.6090979736842105,0.9210526315789473,74.0,Greed
0x75f7eeb85dc639d5e99c78f95393aa9a5f1170d4,2024-04-16,2467.702221,46,43,3952.523695652174,0.4005887608695652,0.9347826086956522,65.0,Greed
0x75f7eeb85dc639d5e99c78f95393aa9a5f1170d4,2024-04-17,2441.4683999999997,14,13,6968.785000000001,0.7586402142857143,0.9285714285714286,67.0,Greed
0x75f7eeb85dc639d5e99c78f95393aa9a5f1170d4,2024-04-23,360.32138,12,4,3366.369166666667,0.3231704166666667,0.3333333333333333,71.0,Greed
0x75f7eeb85dc639d5e99c78f95393aa9a5f1170d4,2024-05-03,-13.844579999999999,7,1,47.215714285714284,0.012492571428571428,0.14285714285714285,48.0,Neutral
0x75f7eeb85dc639d5e99c78f95393aa9a5f1170d4,2024-05-05,0.916,2,1,41.15,0.0088325,0.5,69.0,Greed
0x75f7eeb85dc639d5e99c78f95393aa9a5f1170d4,2024-05-07,0.0,1,0,47.59,0.004568,0.0,68.0,Greed
0x75f7eeb85dc639d5e99c78f95393aa9a5f1170d4,2024-05-08,1.56576,3,1,46.46,0.011622,0.3333333333333333,64.0,Greed
0x75f7eeb85dc639d5e99c78f95393aa9a5f1170d4,2024-05-23,0.0,1,0,10.56,0.003549,0.0,76.0,Extreme Greed
0x75f7eeb85dc639d5e99c78f95393aa9a5f1170d4,2024-06-13,-1.40304,1,0,11.97,0.00402,0.0,70.0,Greed
0x75f7eeb85dc639d5e99c78f95393aa9a5f1170d4,2024-12-09,0.01574,7,3,16.731428571428573,0.005620285714285715,0.42857142857142855,78.0,Extreme Greed
0x75f7eeb85dc639d5e99c78f95393aa9a5f1170d4,2024-12-10,3634.56814,153,147,1401.238888888889,0.19205312418300655,0.9607843137254902,78.0,Extreme Greed
0x75f7eeb85dc639d5e99c78f95393aa9a5f1170d4,2024-12-11,1567.4026840000001,23,8,7024.881304347826,1.1196716521739132,0.34782608695652173,74.0,Greed
0x75f7eeb85dc639d5e99c78f95393aa9a5f1170d4,2024-12-12,323.34897900000016,52,4,3563.27,0.5990080192307692,0.07692307692307693,83.0,Extreme Greed
0x75f7eeb85dc639d5e99c78f95393aa9a5f1170d4,2024-12-13,8276.625256,26,25,4533.178461538461,0.7561929615384616,0.9615384615384616,76.0,Extreme Greed
0x75f7eeb85dc639d5e99c78f95393aa9a5f1170d4,2024-12-14,-33.03286,36,1,1667.6102777777778,0.16008952777777777,0.027777777777777776,83.0,Extreme Greed
0x75f7eeb85dc639d5e99c78f95393aa9a5f1170d4,2024-12-15,126.32543000000001,14,13,469.7357142857143,0.060665785714285714,0.9285714285714286,80.0,Extreme Greed
0x75f7eeb85dc639d5e99c78f95393aa9a5f1170d4,2024-12-16,758.93225,10,4,5082.063,0.4878869,0.4,83.0,Extreme Greed
0x75f7eeb85dc639d5e99c78f95393aa9a5f1170d4,2024-12-17,3146.294798,67,64,1978.6264179104478,0.24300568656716418,0.9552238805970149,87.0,Extreme Greed
0x75f7eeb85dc639d5e99c78f95393aa9a5f1170d4,2024-12-18,2507.193252,115,109,1492.9519130434783,0.14601755582608697,0.9478260869565217,81.0,Extreme Greed
0x75f7eeb85dc639d5e99c78f95393aa9a5f1170d4,2024-12-19,13027.2866,235,205,2927.3372765957447,0.44048500323404255,0.8723404255319149,75.0,Extreme Greed
0x75f7eeb85dc639d5e99c78f95393aa9a5f1170d4,2024-12-20,3509.273443,219,197,1042.2276712328767,0.14019331050228312,0.8995433789954338,74.0,Greed
0x75f7eeb85dc639d5e99c78f95393aa9a5f1170d4,2024-12-21,24.404600000000002,8,4,1607.23625,0.179405875,0.5,73.0,Greed
0x75f7eeb85dc639d5e99c78f95393aa9a5f1170d4,2024-12-23,657.693565,51,50,1163.6007843137254,0.13146339215686276,0.9803921568627451,70.0,Greed
0x75f7eeb85dc639d5e99c78f95393aa9a5f1170d4,2025-01-02,3429.9583199999997,53,50,3870.1449056603774,0.4761021132075472,0.9433962264150944,70.0,Greed
0x75f7eeb85dc639d5e99c78f95393aa9a5f1170d4,2025-01-07,11206.706221,232,221,2729.2947413793104,0.3212291551724138,0.9525862068965517,78.0,Extreme Greed
0x75f7eeb85dc639d5e99c78f95393aa9a5f1170d4,2025-01-08,3710.36178,49,45,4625.799183673469,0.5097392244897959,0.9183673469387755,70.0,Greed
0x75f7eeb85dc639d5e99c78f95393aa9a5f1170d4,2025-01-13,3944.7294389999997,50,47,4342.4238000000005,0.88931158,0.94,61.0,Greed
0x75f7eeb85dc639d5e99c78f95393aa9a5f1170d4,2025-01-14,104.68064,9,4,4696.798888888889,0.5533962222222222,0.4444444444444444,63.0,Greed
0x75f7eeb85dc639d5e99c78f95393aa9a5f1170d4,2025-01-18,-3249.381438,33,7,7728.827272727272,0.8833125151515151,0.21212121212121213,77.0,Extreme Greed
0x75f7eeb85dc639d5e99c78f95393aa9a5f1170d4,2025-01-20,16210.341667,409,395,1671.0059413202935,0.2553057359413203,0.9657701711491442,76.0,Extreme Greed
0x75f7eeb85dc639d5e99c78f95393aa9a5f1170d4,2025-01-22,548.62199,35,34,2301.3917142857144,0.3563838857142857,0.9714285714285714,84.0,Extreme Greed
0x75f7eeb85dc639d5e99c78f95393aa9a5f1170d4,2025-01-24,3540.716915,137,129,1282.6185401459854,0.15403203649635036,0.9416058394160584,75.0,Extreme Greed
0x75f7eeb85dc639d5e99c78f95393aa9a5f1170d4,2025-01-27,2582.715893,128,122,1981.91671875,0.2904769765625,0.953125,71.0,Greed
0x75f7eeb85dc639d5e99c78f95393aa9a5f1170d4,2025-01-28,1150.332823,37,34,3275.1991891891894,0.34628937837837837,0.918918918918919,72.0,Greed
0x75f7eeb85dc639d5e99c78f95393aa9a5f1170d4,2025-01-29,45.381082,36,28,1330.8616666666667,0.20428988888888888,0.7777777777777778,72.0,Greed
0x75f7eeb85dc639d5e99c78f95393aa9a5f1170d4,2025-01-30,5049.257348,134,110,2169.4271641791042,0.27809791044776117,0.8208955223880597,70.0,Greed
0x75f7eeb85dc639d5e99c78f95393aa9a5f1170d4,2025-01-31,6216.099195999999,172,120,2295.991569767442,0.267435238372093,0.6976744186046512,76.0,Extreme Greed
0x75f7eeb85dc639d5e99c78f95393aa9a5f1170d4,2025-02-01,9609.447365,148,114,4026.3325675675674,0.6604281756756757,0.7702702702702703,68.0,Greed
0x75f7eeb85dc639d5e99c78f95393aa9a5f1170d4,2025-02-03,14982.681725,351,263,2940.937606837607,0.46836674643874643,0.7492877492877493,44.0,Fear
0x75f7eeb85dc639d5e99c78f95393aa9a5f1170d4,2025-02-04,1985.815595,76,74,1605.050657894737,0.21052721052631576,0.9736842105263158,72.0,Greed
0x75f7eeb85dc639d5e99c78f95393aa9a5f1170d4,2025-02-05,14.590934,20,15,2107.2529999999997,0.22089514999999998,0.75,54.0,Neutral
0x75f7eeb85dc639d5e99c78f95393aa9a5f1170d4,2025-02-06,2055.538866,73,20,4675.59698630137,1.4260749726027397,0.273972602739726,49.0,Neutral
0x75f7eeb85dc639d5e99c78f95393aa9a5f1170d4,2025-02-07,2648.450789,58,41,3997.0581034482757,0.4450165689655172,0.7068965517241379,44.0,Fear
0x75f7eeb85dc639d5e99c78f95393aa9a5f1170d4,2025-02-08,235.47104,2,1,6882.275,0.6606970000000001,0.5,44.0,Fear
0x75f7eeb85dc639d5e99c78f95393aa9a5f1170d4,2025-02-09,627.556755,71,66,1530.2932394366196,0.1685810985915493,0.9295774647887324,46.0,Neutral
0x75f7eeb85dc639d5e99c78f95393aa9a5f1170d4,2025-02-10,990.674468,58,35,2647.6505172413795,0.3651956379310345,0.603448275862069,43.0,Fear
0x75f7eeb85dc639d5e99c78f95393aa9a5f1170d4,2025-02-11,1053.5230999999999,5,3,7386.992,0.709194,0.6,47.0,Neutral
0x75f7eeb85dc639d5e99c78f95393aa9a5f1170d4,2025-02-12,-22303.603584,118,28,2953.0322881355933,0.47967798305084747,0.23728813559322035,46.0,Neutral
0x75f7eeb85dc639d5e99c78f95393aa9a5f1170d4,2025-02-13,2390.12335,101,84,1278.79198019802,0.15867846534653465,0.8316831683168316,50.0,Neutral
0x75f7eeb85dc639d5e99c78f95393aa9a5f1170d4,2025-02-15,462.740727,28,19,3875.14,0.5978581785714285,0.6785714285714286,50.0,Neutral
0x75f7eeb85dc639d5e99c78f95393aa9a5f1170d4,2025-02-16,14.54605,5,1,341.232,0.0740542,0.2,54.0,Neutral
0x75f7eeb85dc639d5e99c78f95393aa9a5f1170d4,2025-02-18,3112.721339,131,106,2398.0035877862597,0.3669742671755725,0.8091603053435115,47.0,Neutral
0x75f7eeb85dc639d5e99c78f95393aa9a5f1170d4,2025-02-19,770.462266,221,154,1613.0980995475113,0.28002048868778284,0.6968325791855203,44.0,Fear
0x75f7eeb85dc639d5e99c78f95393aa9a5f1170d4,2025-02-20,1727.154021,69,65,2101.7873913043477,0.29343102898550727,0.9420289855072463,49.0,Neutral
0x75f7eeb85dc639d5e99c78f95393aa9a5f1170d4,2025-02-21,2720.828056,188,121,1504.8432978723404,0.22222218617021278,0.6436170212765957,55.0,Greed
0x75f7eeb85dc639d5e99c78f95393aa9a5f1170d4,2025-02-22,1437.17482,121,80,2194.715289256198,0.28203472727272727,0.6611570247933884,49.0,Neutral
0x75f7eeb85dc639d5e99c78f95393aa9a5f1170d4,2025-02-23,1001.2053860000001,125,98,2364.3752000000004,0.255328592,0.784,50.0,Neutral
0x75f7eeb85dc639d5e99c78f95393aa9a5f1170d4,2025-02-25,3622.6256409999996,79,76,2395.0187341772153,0.31502517721518986,0.9620253164556962,25.0,Fear
0x75f7eeb85dc639d5e99c78f95393aa9a5f1170d4,2025-02-26,5303.037252,86,80,3985.245697674419,0.6596956046511627,0.9302325581395349,21.0,Extreme Fear
0x75f7eeb85dc639d5e99c78f95393aa9a5f1170d4,2025-03-02,948.6016900000001,12,11,3923.564166666667,0.44576774999999996,0.9166666666666666,26.0,Fear
0x75f7eeb85dc639d5e99c78f95393aa9a5f1170d4,2025-03-03,-370.250064,101,61,1018.7064356435644,0.09779476237623763,0.6039603960396039,33.0,Fear
0x75f7eeb85dc639d5e99c78f95393aa9a5f1170d4,2025-03-05,-5843.04,2,0,42921.479999999996,9.621622,0.0,20.0,Extreme Fear
0x75f7eeb85dc639d5e99c78f95393aa9a5f1170d4,2025-03-08,556.480533,18,17,1573.7972222222222,0.17547888888888888,0.9444444444444444,28.0,Fear
0x75f7eeb85dc639d5e99c78f95393aa9a5f1170d4,2025-03-11,23670.188163,170,161,3202.6863529411767,0.6627685352941176,0.9470588235294117,24.0,Extreme Fear
0x75f7eeb85dc639d5e99c78f95393aa9a5f1170d4,2025-03-12,788.209533,24,21,2053.1325,0.44741691666666666,0.875,34.0,Fear
0x75f7eeb85dc639d5e99c78f95393aa9a5f1170d4,2025-03-13,216.69714,20,1,3998.917,0.8650655,0.05,45.0,Neutral
0x75f7eeb85dc639d5e99c78f95393aa9a5f1170d4,2025-03-15,500.116094,33,7,1352.128787878788,0.29024021212121215,0.21212121212121213,46.0,Neutral
0x75f7eeb85dc639d5e99c78f95393aa9a5f1170d4,2025-03-16,941.32505,15,14,2071.034666666667,0.25234886666666667,0.9333333333333333,30.0,Fear
0x75f7eeb85dc639d5e99c78f95393aa9a5f1170d4,2025-03-17,5845.632627,152,146,1292.3644736842105,0.21797786184210527,0.9605263157894737,32.0,Fear
0x75f7eeb85dc639d5e99c78f95393aa9a5f1170d4,2025-03-18,82.269533,14,10,610.3228571428572,0.13112364285714287,0.7142857142857143,34.0,Fear
0x75f7eeb85dc639d5e99c78f95393aa9a5f1170d4,2025-03-19,106.886191,43,39,1166.1046511627908,0.13898890697674418,0.9069767441860465,32.0,Fear
0x75f7eeb85dc639d5e99c78f95393aa9a5f1170d4,2025-03-20,646.76766,32,31,965.8490625,0.10821575,0.96875,49.0,Neutral
0x75f7eeb85dc639d5e99c78f95393aa9a5f1170d4,2025-03-22,4462.921835,63,61,968.4492063492064,0.19991609523809523,0.9682539682539683,32.0,Fear
0x75f7eeb85dc639d5e99c78f95393aa9a5f1170d4,2025-03-24,80.95313,26,22,179.39076923076925,0.03810780769230769,0.8461538461538461,45.0,Neutral
0x75f7eeb85dc639d5e99c78f95393aa9a5f1170d4,2025-03-25,520.971268,29,26,2614.2506896551727,0.5240701379310345,0.896551724137931,46.0,Neutral
0x75f7eeb85dc639d5e99c78f95393aa9a5f1170d4,2025-03-26,96.945218,79,25,1384.9248101265823,0.13295181012658228,0.31645569620253167,47.0,Neutral
0x75f7eeb85dc639d5e99c78f95393aa9a5f1170d4,2025-03-29,133.123947,83,66,507.97253012048196,0.10991330120481928,0.7951807228915663,26.0,Fear
0x75f7eeb85dc639d5e99c78f95393aa9a5f1170d4,2025-03-31,1239.24045,52,51,952.425,0.09143426923076924,0.9807692307692307,34.0,Fear
0x75f7eeb85dc639d5e99c78f95393aa9a5f1170d4,2025-04-02,90.98474,11,9,2925.4536363636366,0.2808429090909091,0.8181818181818182,44.0,Fear
0x75f7eeb85dc639d5e99c78f95393aa9a5f1170d4,2025-04-06,3370.85855,39,36,3952.829230769231,0.5635558205128205,0.9230769230769231,34.0,Fear
0x75f7eeb85dc639d5e99c78f95393aa9a5f1170d4,2025-04-08,948.85929,43,42,1116.5534883720932,0.2121793953488372,0.9767441860465116,24.0,Extreme Fear
0x75f7eeb85dc639d5e99c78f95393aa9a5f1170d4,2025-04-09,1593.7933500000001,15,6,3893.6853333333333,0.8282847333333333,0.4,18.0,Extreme Fear
0x75f7eeb85dc639d5e99c78f95393aa9a5f1170d4,2025-04-12,1442.90516,44,42,1396.4452272727274,0.23975302272727272,0.9545454545454546,43.0,Fear
0x75f7eeb85dc639d5e99c78f95393aa9a5f1170d4,2025-04-14,1828.36966,40,33,3124.96325,0.5709675,0.825,31.0,Fear
0x75f7eeb85dc639d5e99c78f95393aa9a5f1170d4,2025-04-15,1208.695445,36,35,1633.111111111111,0.15826647222222223,0.9722222222222222,38.0,Fear
0x75f7eeb85dc639d5e99c78f95393aa9a5f1170d4,2025-04-16,1674.357543,35,33,2679.161714285714,0.49549231428571433,0.9428571428571428,29.0,Fear
0x75f7eeb85dc639d5e99c78f95393aa9a5f1170d4,2025-04-18,471.89234,6,5,4048.5616666666665,0.8650506666666667,0.8333333333333334,33.0,Fear
0x75f7eeb85dc639d5e99c78f95393aa9a5f1170d4,2025-04-19,1403.177311,55,26,1152.206909090909,0.12102841818181818,0.4727272727272727,32.0,Fear
0x75f7eeb85dc639d5e99c78f95393aa9a5f1170d4,2025-04-20,-111.77234,52,11,1156.014423076923,0.24954957692307692,0.21153846153846154,37.0,Fear
0x75f7eeb85dc639d5e99c78f95393aa9a5f1170d4,2025-04-22,2933.203058,327,325,358.02122324159023,0.06448413149847096,0.9938837920489296,47.0,Neutral
0x75f7eeb85dc639d5e99c78f95393aa9a5f1170d4,2025-04-23,6439.07977,154,146,2393.760844155844,0.3699037857142857,0.948051948051948,72.0,Greed
0x75f7eeb85dc639d5e99c78f95393aa9a5f1170d4,2025-04-24,1250.2581989999999,29,5,2504.40724137931,0.3329894482758621,0.1724137931034483,63.0,Greed
0x75f7eeb85dc639d5e99c78f95393aa9a5f1170d4,2025-04-25,1113.013801,99,82,777.5432323232324,0.15670637373737373,0.8282828282828283,60.0,Greed
0x75f7eeb85dc639d5e99c78f95393aa9a5f1170d4,2025-04-26,3291.144446,113,110,1400.3834513274335,0.15502974336283185,0.9734513274336283,65.0,Greed
0x75f7eeb85dc639d5e99c78f95393aa9a5f1170d4,2025-04-27,471.712989,83,53,1451.5227710843374,0.15106698795180723,0.6385542168674698,61.0,Greed
0x75f7eeb85dc639d5e99c78f95393aa9a5f1170d4,2025-04-28,728.966777,33,22,1052.2554545454545,0.1413208787878788,0.6666666666666666,54.0,Neutral
0x7f4f299f74eec87806a830e3caa9afa5f2b9db8f,2024-12-25,14.21524,4,3,1688.5525,0.3803685,0.75,73.0,Greed
0x7f4f299f74eec87806a830e3caa9afa5f2b9db8f,2024-12-29,0.0,4,0,10819.605,0.03904748000000001,0.0,73.0,Greed
0x7f4f299f74eec87806a830e3caa9afa5f2b9db8f,2024-12-30,838.9844760000001,12,7,4069.070833333333,0.2715826608333333,0.5833333333333334,65.0,Greed
0x7f4f299f74eec87806a830e3caa9afa5f2b9db8f,2024-12-31,0.0,1,0,8056.83,0.03131298,0.0,64.0,Greed
0x7f4f299f74eec87806a830e3caa9afa5f2b9db8f,2025-01-01,0.0,3,0,7555.826666666667,0.03131298,0.0,66.0,Greed
0x7f4f299f74eec87806a830e3caa9afa5f2b9db8f,2025-01-02,1008.518954,9,5,6758.5633333333335,0.40019632222222223,0.5555555555555556,70.0,Greed
0x7f4f299f74eec87806a830e3caa9afa5f2b9db8f,2025-01-03,937.789615,26,17,1975.7373076923077,0.10955614346153847,0.6538461538461539,74.0,Greed
0x7f4f299f74eec87806a830e3caa9afa5f2b9db8f,2025-01-05,1093.05677,7,7,1828.1614285714284,0.18281542857142857,1.0,72.0,Greed
0x7f4f299f74eec87806a830e3caa9afa5f2b9db8f,2025-01-06,1260.832586,1,1,12912.0,1.2912,1.0,76.0,Extreme Greed
0x7f4f299f74eec87806a830e3caa9afa5f2b9db8f,2025-01-07,0.0,1,0,5768.6,0.02418696,0.0,78.0,Extreme Greed
0x7f4f299f74eec87806a830e3caa9afa5f2b9db8f,2025-01-08,0.0,11,0,2146.8445454545454,0.009894798181818182,0.0,70.0,Greed
0x7f4f299f74eec87806a830e3caa9afa5f2b9db8f,2025-01-09,0.0,1,0,9563.74,0.04837496,0.0,69.0,Greed
0x7f4f299f74eec87806a830e3caa9afa5f2b9db8f,2025-01-13,1621.278931,4,4,7545.6675,0.754566,1.0,61.0,Greed
0x7f4f299f74eec87806a830e3caa9afa5f2b9db8f,2025-01-15,1261.448002,1,1,11647.74,1.164773,1.0,70.0,Greed
0x7f4f299f74eec87806a830e3caa9afa5f2b9db8f,2025-01-19,0.0,1,0,99.88,0.00168698,0.0,77.0,Extreme Greed
0x7f4f299f74eec87806a830e3caa9afa5f2b9db8f,2025-03-24,-869.145978,2,0,8449.470000000001,0.8449465,0.0,45.0,Neutral
0x7f4f299f74eec87806a830e3caa9afa5f2b9db8f,2025-03-26,0.0,3,0,5632.456666666668,0.04057962666666667,0.0,47.0,Neutral
0x7f4f299f74eec87806a830e3caa9afa5f2b9db8f,2025-03-28,1130.350383,6,6,3004.626666666667,0.3004625,1.0,44.0,Fear
0x7f4f299f74eec87806a830e3caa9afa5f2b9db8f,2025-04-08,246.8944,26,16,2155.8880769230773,0.21558846153846153,0.6153846153846154,24.0,Extreme Fear
0x7f4f299f74eec87806a830e3caa9afa5f2b9db8f,2025-04-09,2975.927732,799,375,3494.2455444305383,0.5110837496871089,0.4693366708385482,18.0,Extreme Fear
0x7f4f299f74eec87806a830e3caa9afa5f2b9db8f,2025-04-10,-372.76464,105,28,6134.571428571428,0.7875255428571429,0.26666666666666666,39.0,Fear
0x7f4f299f74eec87806a830e3caa9afa5f2b9db8f,2025-04-11,2550.108815,279,136,2348.0045519713262,0.3063219569892473,0.4874551971326165,25.0,Fear
0x7f4f299f74eec87806a830e3caa9afa5f2b9db8f,2025-04-12,303.170149,120,69,3633.2355833333336,0.48344794166666666,0.575,43.0,Fear
0x7f4f299f74eec87806a830e3caa9afa5f2b9db8f,2025-04-13,355.09,94,10,4544.766489361702,0.6902100531914893,0.10638297872340426,45.0,Neutral
0x7f4f299f74eec87806a830e3caa9afa5f2b9db8f,2025-04-17,425.687612,34,16,7388.688823529412,1.2943986764705881,0.47058823529411764,30.0,Fear
0x7f4f299f74eec87806a830e3caa9afa5f2b9db8f,2025-04-22,119.0,5,4,36540.202000000005,1.8270096000000002,0.8,47.0,Neutral
0x8170715b3b381dffb7062c0298972d4727a0a63b,2024-12-17,0.0,14,0,2142.7757142857145,0.007861353571428571,0.0,87.0,Extreme Greed
0x8170715b3b381dffb7062c0298972d4727a0a63b,2024-12-18,0.0,1,0,4999.94,0.01953097,0.0,81.0,Extreme Greed
0x8170715b3b381dffb7062c0298972d4727a0a63b,2024-12-27,453.853206,29,5,862.0348275862068,0.086203,0.1724137931034483,74.0,Greed
0x8170715b3b381dffb7062c0298972d4727a0a63b,2024-12-28,343.092145,1,1,4999.89,0.499989,1.0,72.0,Greed
0x8170715b3b381dffb7062c0298972d4727a0a63b,2024-12-29,768.814445,4,4,1918.2925,0.19182875,1.0,73.0,Greed
0x8170715b3b381dffb7062c0298972d4727a0a63b,2024-12-30,1211.511836,6,6,946.8850000000001,0.094688,1.0,65.0,Greed
0x8170715b3b381dffb7062c0298972d4727a0a63b,2024-12-31,306.563532,3,3,342.82,0.034282,1.0,64.0,Greed
0x8170715b3b381dffb7062c0298972d4727a0a63b,2025-01-02,739.18423,3,3,1004.1633333333334,0.35145566666666667,1.0,70.0,Greed
0x8170715b3b381dffb7062c0298972d4727a0a63b,2025-01-22,-179.521683,6,0,1873.8216666666667,0.33187783333333337,0.0,84.0,Extreme Greed
0x8170715b3b381dffb7062c0298972d4727a0a63b,2025-01-25,-18956.391598000002,29,5,4484.771379310345,1.461961103448276,0.1724137931034483,75.0,Extreme Greed
0x8170715b3b381dffb7062c0298972d4727a0a63b,2025-01-26,0.0,26,0,961.5796153846154,0.14770176923076922,0.0,73.0,Greed
0x8170715b3b381dffb7062c0298972d4727a0a63b,2025-01-27,0.0,22,0,681.8109090909091,0.06545281818181818,0.0,71.0,Greed
0x8170715b3b381dffb7062c0298972d4727a0a63b,2025-01-28,0.0,17,0,588.2223529411765,0.056468294117647054,0.0,72.0,Greed
0x8170715b3b381dffb7062c0298972d4727a0a63b,2025-01-29,0.0,7,0,999.9485714285714,0.09599428571428571,0.0,72.0,Greed
0x8170715b3b381dffb7062c0298972d4727a0a63b,2025-01-30,0.0,37,0,486.4764864864865,0.046700837837837836,0.0,70.0,Greed
0x8170715b3b381dffb7062c0298972d4727a0a63b,2025-01-31,0.0,48,0,625.6752083333333,0.0600639375,0.0,76.0,Extreme Greed
0x8170715b3b381dffb7062c0298972d4727a0a63b,2025-02-01,0.0,18,0,773.4088888888889,0.0742465,0.0,68.0,Greed
0x8170715b3b381dffb7062c0298972d4727a0a63b,2025-02-02,0.0,30,0,1333.3373333333334,0.16800513333333333,0.0,60.0,Greed
0x8170715b3b381dffb7062c0298972d4727a0a63b,2025-02-03,13770.715332,119,96,355.00016806722687,0.034079462184873954,0.8067226890756303,44.0,Fear
0x8170715b3b381dffb7062c0298972d4727a0a63b,2025-02-04,0.0,45,0,676.7046666666666,0.0649628,0.0,72.0,Greed
0x8170715b3b381dffb7062c0298972d4727a0a63b,2025-02-05,0.0,25,0,599.9928,0.0575982,0.0,54.0,Neutral
0x8170715b3b381dffb7062c0298972d4727a0a63b,2025-02-06,0.0,17,0,470.57411764705876,0.04517435294117647,0.0,49.0,Neutral
0x8170715b3b381dffb7062c0298972d4727a0a63b,2025-02-07,0.0,9,0,666.651111111111,0.06399755555555556,0.0,44.0,Fear
0x8170715b3b381dffb7062c0298972d4727a0a63b,2025-02-08,0.0,5,0,999.984,0.0959974,0.0,44.0,Fear
0x8170715b3b381dffb7062c0298972d4727a0a63b,2025-02-09,0.0,87,0,137.93471264367815,0.016368091954022987,0.0,46.0,Neutral
0x8170715b3b381dffb7062c0298972d4727a0a63b,2025-02-10,24.634532000000036,85,29,698.8723529411765,0.067091,0.3411764705882353,43.0,Fear
0x8170715b3b381dffb7062c0298972d4727a0a63b,2025-02-11,0.0,13,0,769.2253846153847,0.07384453846153846,0.0,47.0,Neutral
0x8170715b3b381dffb7062c0298972d4727a0a63b,2025-02-12,0.0,23,0,1086.9421739130435,0.10434560869565217,0.0,46.0,Neutral
0x8170715b3b381dffb7062c0298972d4727a0a63b,2025-02-13,-3556.3882559999997,46,0,947.7369565217392,0.18800576086956522,0.0,50.0,Neutral
0x8170715b3b381dffb7062c0298972d4727a0a63b,2025-02-14,8781.96,311,82,2726.2494855305467,0.3336780578778135,0.26366559485530544,48.0,Neutral
0x8170715b3b381dffb7062c0298972d4727a0a63b,2025-02-15,35346.87108,179,154,2418.771340782123,0.608644625698324,0.8603351955307262,50.0,Neutral
0x8170715b3b381dffb7062c0298972d4727a0a63b,2025-02-16,0.0,3,0,3333.296666666667,0.319995,0.0,54.0,Neutral
0x8170715b3b381dffb7062c0298972d4727a0a63b,2025-02-17,0.0,6,0,2503.1749999999997,0.4410708333333333,0.0,51.0,Neutral
0x8170715b3b381dffb7062c0298972d4727a0a63b,2025-02-18,0.0,13,0,1923.0538461538463,0.18461238461538462,0.0,47.0,Neutral
0x8170715b3b381dffb7062c0298972d4727a0a63b,2025-02-19,0.0,17,0,882.3423529411765,0.08470441176470589,0.0,44.0,Fear
0x8170715b3b381dffb7062c0298972d4727a0a63b,2025-02-20,0.0,31,0,1129.0251612903226,0.10838541935483871,0.0,49.0,Neutral
0x8170715b3b381dffb7062c0298972d4727a0a63b,2025-02-21,0.0,38,0,657.8865789473684,0.06315628947368421,0.0,55.0,Greed
0x8170715b3b381dffb7062c0298972d4727a0a63b,2025-02-23,0.0,4,0,1249.98,0.119997,0.0,50.0,Neutral
0x8170715b3b381dffb7062c0298972d4727a0a63b,2025-02-25,8698.883848,39,39,641.0223076923077,0.0615374358974359,1.0,25.0,Fear
0x8170715b3b381dffb7062c0298972d4727a0a63b,2025-02-26,2225.835732,1,1,4999.92,0.479992,1.0,21.0,Extreme Fear
0x8170715b3b381dffb7062c0298972d4727a0a63b,2025-02-28,3309.75,7,7,714.2857142857143,0.06857114285714286,1.0,16.0,Extreme Fear
0x8170715b3b381dffb7062c0298972d4727a0a63b,2025-03-02,0.0,2,0,2499.975,0.23999749999999997,0.0,26.0,Fear
0x8170715b3b381dffb7062c0298972d4727a0a63b,2025-03-03,0.0,8,0,624.99375,0.059999125,0.0,33.0,Fear
0x8170715b3b381dffb7062c0298972d4727a0a63b,2025-03-04,6939.47356,16,13,937.494375,0.08999875,0.8125,15.0,Extreme Fear
0x8170715b3b381dffb7062c0298972d4727a0a63b,2025-03-07,0.0,12,0,12499.980833333333,1.1999973333333334,0.0,34.0,Fear
0x8170715b3b381dffb7062c0298972d4727a0a63b,2025-03-08,0.0,38,0,2631.5215789473687,0.25262594736842103,0.0,28.0,Fear
0x8170715b3b381dffb7062c0298972d4727a0a63b,2025-03-09,3677.4965580000003,5,5,999.99,0.0959984,1.0,27.0,Fear
0x8170715b3b381dffb7062c0298972d4727a0a63b,2025-03-10,4297.3227640000005,14,5,3928.565714285714,0.37714164285714286,0.35714285714285715,20.0,Extreme Fear
0x8170715b3b381dffb7062c0298972d4727a0a63b,2025-03-11,0.0,8,0,624.9925000000001,0.059998625,0.0,24.0,Extreme Fear
0x8170715b3b381dffb7062c0298972d4727a0a63b,2025-03-12,-2493.849701,11,0,4999.932727272728,0.4799930909090909,0.0,34.0,Fear
0x8170715b3b381dffb7062c0298972d4727a0a63b,2025-03-13,0.0,37,0,1891.8805405405406,0.18161986486486487,0.0,45.0,Neutral
0x8170715b3b381dffb7062c0298972d4727a0a63b,2025-03-14,584.05178,1,1,9999.89,0.959989,1.0,27.0,Fear
0x8170715b3b381dffb7062c0298972d4727a0a63b,2025-03-15,763.755281,18,3,2222.1133333333332,0.21332255555555554,0.16666666666666666,46.0,Neutral
0x8170715b3b381dffb7062c0298972d4727a0a63b,2025-03-16,8368.226125000001,7,6,2856.945714285714,0.27426628571428574,0.8571428571428571,30.0,Fear
0x8170715b3b381dffb7062c0298972d4727a0a63b,2025-03-17,0.0,72,0,1527.7720833333333,0.14666525,0.0,32.0,Fear
0x8170715b3b381dffb7062c0298972d4727a0a63b,2025-03-18,0.0,59,0,1274.653559322034,0.12236606779661016,0.0,34.0,Fear
0x8170715b3b381dffb7062c0298972d4727a0a63b,2025-03-19,3036.68886,109,9,1511.8720183486237,0.1451388623853211,0.08256880733944955,32.0,Fear
0x8170715b3b381dffb7062c0298972d4727a0a63b,2025-03-20,652.062115,12,3,7589.970833333334,0.7286395833333333,0.25,49.0,Neutral
0x8170715b3b381dffb7062c0298972d4727a0a63b,2025-03-22,3082.76165,19,19,526.312105263158,0.05052526315789474,1.0,32.0,Fear
0x8170715b3b381dffb7062c0298972d4727a0a63b,2025-03-23,3464.777168,2,2,4999.96,0.4799955,1.0,30.0,Fear
0x8170715b3b381dffb7062c0298972d4727a0a63b,2025-03-24,2838.532396,47,41,2021.1748936170213,0.2450976595744681,0.8723404255319149,45.0,Neutral
0x8170715b3b381dffb7062c0298972d4727a0a63b,2025-03-25,2164.09548,6,6,6666.248333333334,0.6399591666666667,1.0,46.0,Neutral
0x8170715b3b381dffb7062c0298972d4727a0a63b,2025-03-26,619.572648,1,1,9998.76,0.95988,1.0,47.0,Neutral
0x8170715b3b381dffb7062c0298972d4727a0a63b,2025-03-27,26714.79759,64,62,1071.89515625,0.256708359375,0.96875,40.0,Fear
0x8170715b3b381dffb7062c0298972d4727a0a63b,2025-03-28,13956.614828,29,29,1137.9037931034482,0.17543941379310343,1.0,44.0,Fear
0x8170715b3b381dffb7062c0298972d4727a0a63b,2025-03-29,19573.830158,86,44,1162.7798837209302,0.11162611627906976,0.5116279069767442,26.0,Fear
0x8170715b3b381dffb7062c0298972d4727a0a63b,2025-03-30,9683.820194,31,15,2259.391935483871,0.294640064516129,0.4838709677419355,32.0,Fear
0x8170715b3b381dffb7062c0298972d4727a0a63b,2025-03-31,5544.028638,8,6,4999.98625,0.47999775,0.75,34.0,Fear
0x8170715b3b381dffb7062c0298972d4727a0a63b,2025-04-01,4004.50286,13,12,9495.466153846153,2.6366309230769236,0.9230769230769231,34.0,Fear
0x8170715b3b381dffb7062c0298972d4727a0a63b,2025-04-02,8045.056928,7,7,2142.8557142857144,0.20571328571428568,1.0,44.0,Fear
0x8170715b3b381dffb7062c0298972d4727a0a63b,2025-04-03,0.0,85,0,5629.0912941176475,0.7055098235294117,0.0,25.0,Fear
0x8170715b3b381dffb7062c0298972d4727a0a63b,2025-04-04,4805.345609999999,68,7,932.0805882352942,0.12478691176470588,0.10294117647058823,28.0,Fear
0x8170715b3b381dffb7062c0298972d4727a0a63b,2025-04-06,17621.701092,14,8,13571.328571428572,1.3028467857142856,0.5714285714285714,34.0,Fear
0x8170715b3b381dffb7062c0298972d4727a0a63b,2025-04-07,0.0,51,0,2744.2062745098037,0.5455818431372549,0.0,23.0,Extreme Fear
0x8170715b3b381dffb7062c0298972d4727a0a63b,2025-04-08,0.0,8,0,18749.877500000002,1.7999871250000001,0.0,24.0,Extreme Fear
0x8170715b3b381dffb7062c0298972d4727a0a63b,2025-04-09,-4058.8889249999997,54,18,8168.482037037037,0.786332537037037,0.3333333333333333,18.0,Extreme Fear
0x8170715b3b381dffb7062c0298972d4727a0a63b,2025-04-10,4596.960442,89,44,3151.4488764044945,0.38478365168539325,0.4943820224719101,39.0,Fear
0x8170715b3b381dffb7062c0298972d4727a0a63b,2025-04-11,-9584.869233000001,238,0,2846.985294117647,0.34391646638655465,0.0,25.0,Fear
0x8170715b3b381dffb7062c0298972d4727a0a63b,2025-04-12,0.0,22,0,2727.2445454545455,0.2618145,0.0,43.0,Fear
0x8170715b3b381dffb7062c0298972d4727a0a63b,2025-04-13,0.0,18,0,2222.144444444444,0.2133255,0.0,45.0,Neutral
0x8170715b3b381dffb7062c0298972d4727a0a63b,2025-04-15,3204.26268,77,77,2727.2429870129868,0.2618144935064935,1.0,38.0,Fear
0x8170715b3b381dffb7062c0298972d4727a0a63b,2025-04-16,912.29492,39,1,3846.1415384615384,0.36922874358974356,0.02564102564102564,29.0,Fear
0x8170715b3b381dffb7062c0298972d4727a0a63b,2025-04-17,0.0,96,0,1979.1661458333335,0.18999897916666666,0.0,30.0,Fear
0x8170715b3b381dffb7062c0298972d4727a0a63b,2025-04-18,0.0,46,0,3541.02152173913,0.33993721739130434,0.0,33.0,Fear
0x8170715b3b381dffb7062c0298972d4727a0a63b,2025-04-19,0.0,96,0,3511.545208333333,0.33710782291666663,0.0,32.0,Fear
0x8170715b3b381dffb7062c0298972d4727a0a63b,2025-04-21,0.0,18,0,2652.518888888889,0.2546413888888889,0.0,39.0,Fear
0x8170715b3b381dffb7062c0298972d4727a0a63b,2025-04-22,0.0,49,0,3515.344081632653,0.33747259183673467,0.0,47.0,Neutral
0x8170715b3b381dffb7062c0298972d4727a0a63b,2025-04-23,-358963.139984,1242,848,2010.350297906602,0.4922801368760064,0.6827697262479872,72.0,Greed
0x8170715b3b381dffb7062c0298972d4727a0a63b,2025-04-24,398.646746,58,32,1319.3956896551724,0.12666125862068964,0.5517241379310345,63.0,Greed
0x8170715b3b381dffb7062c0298972d4727a0a63b,2025-04-25,-1335.115406,39,2,1526.0666666666666,0.26660451282051284,0.05128205128205128,60.0,Greed
0x8170715b3b381dffb7062c0298972d4727a0a63b,2025-04-26,-3925.864943,16,0,2147.34125,0.7215055625,0.0,65.0,Greed
0x8170715b3b381dffb7062c0298972d4727a0a63b,2025-04-27,-99.444041,12,0,768.4525,0.0737705,0.0,61.0,Greed
0x8381e6d82f1affd39a336e143e081ef7620a3b7f,2024-11-29,0.0,3,0,668.3,0.05831452333333334,0.0,78.0,Extreme Greed
0x8381e6d82f1affd39a336e143e081ef7620a3b7f,2024-12-01,0.0,3,0,999.5866666666667,0.3498563333333333,0.0,81.0,Extreme Greed
0x8381e6d82f1affd39a336e143e081ef7620a3b7f,2024-12-02,0.0,6,0,340.65333333333336,0.07244012333333334,0.0,80.0,Extreme Greed
0x8381e6d82f1affd39a336e143e081ef7620a3b7f,2024-12-04,33.26141600000001,10,2,669.609,0.154664128,0.2,78.0,Extreme Greed
0x8381e6d82f1affd39a336e143e081ef7620a3b7f,2024-12-05,0.0,2,0,294.265,0.00759846,0.0,84.0,Extreme Greed
0x8381e6d82f1affd39a336e143e081ef7620a3b7f,2024-12-06,0.0,1,0,292.11,0.00232193,0.0,72.0,Greed
0x8381e6d82f1affd39a336e143e081ef7620a3b7f,2024-12-07,0.0,3,0,1021.2966666666667,0.00722763,0.0,75.0,Extreme Greed
0x8381e6d82f1affd39a336e143e081ef7620a3b7f,2024-12-08,-21.54374,5,0,984.758,0.202785194,0.0,79.0,Extreme Greed
0x8381e6d82f1affd39a336e143e081ef7620a3b7f,2024-12-09,0.0,4,0,440.95,0.0062204725,0.0,78.0,Extreme Greed
0x8381e6d82f1affd39a336e143e081ef7620a3b7f,2024-12-10,0.0,1,0,587.97,0.00478794,0.0,78.0,Extreme Greed
0x8381e6d82f1affd39a336e143e081ef7620a3b7f,2024-12-13,0.0,3,0,128.88333333333333,0.0026436533333333337,0.0,76.0,Extreme Greed
0x8381e6d82f1affd39a336e143e081ef7620a3b7f,2024-12-15,0.0,5,0,739.626,0.006376775999999999,0.0,80.0,Extreme Greed
0x8381e6d82f1affd39a336e143e081ef7620a3b7f,2024-12-19,0.0,1,0,1399.11,0.00611499,0.0,75.0,Extreme Greed
0x8381e6d82f1affd39a336e143e081ef7620a3b7f,2024-12-22,0.0,1,0,2815.79,0.00936097,0.0,73.0,Greed
0x8381e6d82f1affd39a336e143e081ef7620a3b7f,2024-12-23,0.0,6,0,2855.656666666667,0.010498313333333334,0.0,70.0,Greed
0x8381e6d82f1affd39a336e143e081ef7620a3b7f,2024-12-26,0.0,2,0,1914.0,0.0069904799999999994,0.0,79.0,Extreme Greed
0x8381e6d82f1affd39a336e143e081ef7620a3b7f,2025-01-01,0.0,5,0,200.802,0.0029567639999999997,0.0,66.0,Greed
0x8381e6d82f1affd39a336e143e081ef7620a3b7f,2025-01-04,0.0,2,0,710.865,0.00307998,0.0,73.0,Greed
0x8381e6d82f1affd39a336e143e081ef7620a3b7f,2025-01-05,0.0,1,0,456.83,0.00185097,0.0,72.0,Greed
0x8381e6d82f1affd39a336e143e081ef7620a3b7f,2025-01-09,0.0,4,0,1509.6399999999999,0.0252524825,0.0,69.0,Greed
0x8381e6d82f1affd39a336e143e081ef7620a3b7f,2025-01-18,0.0,7,0,2950.0099999999998,0.017043755714285715,0.0,77.0,Extreme Greed
0x8381e6d82f1affd39a336e143e081ef7620a3b7f,2025-01-25,0.0,25,0,3223.1059999999998,1.12808656,0.0,75.0,Extreme Greed
0x8381e6d82f1affd39a336e143e081ef7620a3b7f,2025-01-26,38294.693499,123,82,7578.344634146341,2.652420048780488,0.6666666666666666,73.0,Greed
0x8381e6d82f1affd39a336e143e081ef7620a3b7f,2025-01-27,0.0,2,0,4443.99,0.020981955,0.0,71.0,Greed
0x8381e6d82f1affd39a336e143e081ef7620a3b7f,2025-02-02,0.0,19,0,1943.7873684210526,0.028105158421052632,0.0,60.0,Greed
0x8381e6d82f1affd39a336e143e081ef7620a3b7f,2025-02-03,0.0,8,0,2351.285,0.03816003625,0.0,44.0,Fear
0x8381e6d82f1affd39a336e143e081ef7620a3b7f,2025-02-04,9167.620989,104,49,58124.15365384616,20.343453240384616,0.47115384615384615,72.0,Greed
0x8381e6d82f1affd39a336e143e081ef7620a3b7f,2025-02-05,1843.301845,327,126,2347.8439143730884,0.36665714272171257,0.3853211009174312,54.0,Neutral
0x8381e6d82f1affd39a336e143e081ef7620a3b7f,2025-02-06,71.77363,167,39,1881.207604790419,0.2380282589221557,0.23353293413173654,49.0,Neutral
0x8381e6d82f1affd39a336e143e081ef7620a3b7f,2025-02-09,1259.5314,103,23,6879.689611650486,2.063906291262136,0.22330097087378642,46.0,Neutral
0x8381e6d82f1affd39a336e143e081ef7620a3b7f,2025-02-10,0.0,10,0,1089.435,0.3268301,0.0,43.0,Fear
0x8381e6d82f1affd39a336e143e081ef7620a3b7f,2025-02-11,109.90750199999998,211,80,2385.7656398104264,0.3737062904265403,0.3791469194312796,47.0,Neutral
0x8381e6d82f1affd39a336e143e081ef7620a3b7f,2025-02-12,2760.439779,81,57,12390.793456790123,2.164130209876543,0.7037037037037037,46.0,Neutral
0x8381e6d82f1affd39a336e143e081ef7620a3b7f,2025-02-13,1998.702085,42,42,2039.3888095238096,0.6118160238095238,1.0,50.0,Neutral
0x8381e6d82f1affd39a336e143e081ef7620a3b7f,2025-02-14,27.247837999999998,40,11,445.2165,0.069417383,0.275,48.0,Neutral
0x8381e6d82f1affd39a336e143e081ef7620a3b7f,2025-02-16,559.647247,80,34,1368.858375,0.21428673625,0.425,54.0,Neutral
0x8381e6d82f1affd39a336e143e081ef7620a3b7f,2025-02-17,64.346683,105,17,1112.2542857142857,0.08652196047619048,0.1619047619047619,51.0,Neutral
0x8381e6d82f1affd39a336e143e081ef7620a3b7f,2025-02-18,3981.044269,177,27,1466.1342937853108,0.06302952079096046,0.15254237288135594,47.0,Neutral
0x8381e6d82f1affd39a336e143e081ef7620a3b7f,2025-02-21,8995.13393,8,8,15859.55,1.5859548749999999,1.0,55.0,Greed
0x8381e6d82f1affd39a336e143e081ef7620a3b7f,2025-02-23,0.0,40,0,472.709,0.0069381155,0.0,50.0,Neutral
0x8381e6d82f1affd39a336e143e081ef7620a3b7f,2025-02-24,0.0,44,0,1894.8688636363636,0.030479323636363635,0.0,49.0,Neutral
0x8381e6d82f1affd39a336e143e081ef7620a3b7f,2025-02-25,0.0,4,0,3685.7825,0.0682954825,0.0,25.0,Fear
0x8381e6d82f1affd39a336e143e081ef7620a3b7f,2025-03-26,0.0,1,0,1134.46,0.00901796,0.0,47.0,Neutral
0x8381e6d82f1affd39a336e143e081ef7620a3b7f,2025-04-07,-4968.487948,26,0,7609.877692307693,2.6634566153846153,0.0,23.0,Extreme Fear
0x8381e6d82f1affd39a336e143e081ef7620a3b7f,2025-04-08,142.99159,23,10,3984.7504347826084,1.3946622173913041,0.43478260869565216,24.0,Extreme Fear
0x8381e6d82f1affd39a336e143e081ef7620a3b7f,2025-04-11,0.0,3,0,6864.066666666667,2.402422666666667,0.0,25.0,Fear
0x8381e6d82f1affd39a336e143e081ef7620a3b7f,2025-04-12,202.27562,8,8,2599.29625,0.9097531249999999,1.0,43.0,Fear
0x8381e6d82f1affd39a336e143e081ef7620a3b7f,2025-04-19,56.13971,22,11,665.6886363636363,0.12341228181818181,0.5,32.0,Fear
0x8381e6d82f1affd39a336e143e081ef7620a3b7f,2025-04-22,284.16768,2,1,66188.125,23.1658445,0.5,47.0,Neutral
0x8381e6d82f1affd39a336e143e081ef7620a3b7f,2025-04-23,0.0,4,0,17801.63,6.2305695000000005,0.0,72.0,Greed
0x8381e6d82f1affd39a336e143e081ef7620a3b7f,2025-04-26,505.40523,3,1,23903.97666666667,2.508822,0.3333333333333333,65.0,Greed
0x8381e6d82f1affd39a336e143e081ef7620a3b7f,2025-04-27,33.061386999999996,13,2,1032.253846153846,0.061808969230769235,0.15384615384615385,61.0,Greed
0x8381e6d82f1affd39a336e143e081ef7620a3b7f,2025-04-28,0.0,10,0,799.756,0.015534364,0.0,54.0,Neutral
0x8381e6d82f1affd39a336e143e081ef7620a3b7f,2025-04-29,112.996265,1,1,8110.65,0.811065,1.0,60.0,Greed
0x8477e447846c758f5a675856001ea72298fd9cb5,2024-05-23,413.347329,305,145,1074.7592786885245,0.2869281245901639,0.47540983606557374,76.0,Extreme Greed
0x8477e447846c758f5a675856001ea72298fd9cb5,2024-05-25,14.126038999999999,14,5,355.9985714285714,0.10674185714285714,0.35714285714285715,76.0,Extreme Greed
0x8477e447846c758f5a675856001ea72298fd9cb5,2024-05-26,5.2257,7,2,459.03142857142853,0.142998,0.2857142857142857,75.0,Extreme Greed
0x8477e447846c758f5a675856001ea72298fd9cb5,2024-05-27,1129.35587,251,90,602.0546613545816,0.18259946613545816,0.35856573705179284,74.0,Greed
0x8477e447846c758f5a675856001ea72298fd9cb5,2024-05-29,277.791953,159,68,337.7447798742138,0.10980213207547171,0.4276729559748428,72.0,Greed
0x8477e447846c758f5a675856001ea72298fd9cb5,2024-05-30,20.951433,7,5,405.4414285714286,0.1419037142857143,0.7142857142857143,73.0,Greed
0x8477e447846c758f5a675856001ea72298fd9cb5,2024-05-31,25.35812,13,4,279.70307692307694,0.09789584615384615,0.3076923076923077,73.0,Greed
0x8477e447846c758f5a675856001ea72298fd9cb5,2024-06-01,91.510419,25,9,513.3848,0.17968424,0.36,72.0,Greed
0x8477e447846c758f5a675856001ea72298fd9cb5,2024-06-02,192.906947,93,34,316.822688172043,0.08379475268817205,0.3655913978494624,73.0,Greed
0x8477e447846c758f5a675856001ea72298fd9cb5,2024-06-03,562.808208,70,44,306.66942857142857,0.07682979999999999,0.6285714285714286,73.0,Greed
0x8477e447846c758f5a675856001ea72298fd9cb5,2024-06-04,52.211438,53,25,457.42283018867926,0.1402443962264151,0.4716981132075472,73.0,Greed
0x8477e447846c758f5a675856001ea72298fd9cb5,2024-06-05,56.055506,54,16,469.4587037037037,0.13155666666666668,0.2962962962962963,75.0,Extreme Greed
0x8477e447846c758f5a675856001ea72298fd9cb5,2024-06-06,274.173187,234,100,587.8536752136753,0.15845907692307692,0.42735042735042733,78.0,Extreme Greed
0x8477e447846c758f5a675856001ea72298fd9cb5,2024-06-07,1573.244278,374,146,832.9677272727273,0.26114516577540103,0.39037433155080214,77.0,Extreme Greed
0x8477e447846c758f5a675856001ea72298fd9cb5,2024-06-08,129.13883900000002,22,8,2379.510454545454,0.8328277272727272,0.36363636363636365,72.0,Greed
0x8477e447846c758f5a675856001ea72298fd9cb5,2024-06-10,31.266804999999998,49,18,460.97204081632657,0.1284943469387755,0.3673469387755102,72.0,Greed
0x8477e447846c758f5a675856001ea72298fd9cb5,2024-06-11,51.081143,27,9,696.6096296296296,0.24381285185185184,0.3333333333333333,74.0,Greed
0x8477e447846c758f5a675856001ea72298fd9cb5,2024-06-12,-21886.531493,217,21,884.2718433179723,0.29351533179723505,0.0967741935483871,72.0,Greed
0x8477e447846c758f5a675856001ea72298fd9cb5,2024-07-17,1859.269477,335,145,1346.5090746268656,0.43396470447761193,0.43283582089552236,69.0,Greed
0x8477e447846c758f5a675856001ea72298fd9cb5,2024-07-18,1233.9043470000001,7,7,1049.82,0.3674367142857143,1.0,61.0,Greed
0x8477e447846c758f5a675856001ea72298fd9cb5,2024-07-19,35.79975,7,1,592.3885714285715,0.20733485714285713,0.14285714285714285,60.0,Greed
0x8477e447846c758f5a675856001ea72298fd9cb5,2024-07-20,2169.508265,257,29,562.1888715953307,0.17821220622568093,0.11284046692607004,74.0,Greed
0x8477e447846c758f5a675856001ea72298fd9cb5,2024-07-21,-2960.716887,445,21,427.66804494382023,0.1108427595505618,0.04719101123595506,74.0,Greed
0x8477e447846c758f5a675856001ea72298fd9cb5,2024-07-22,-756.173134,133,9,593.273909774436,0.13986192481203008,0.06766917293233082,70.0,Greed
0x8477e447846c758f5a675856001ea72298fd9cb5,2024-07-23,1805.309858,139,100,640.1771942446044,0.18913956115107913,0.7194244604316546,71.0,Greed
0x8477e447846c758f5a675856001ea72298fd9cb5,2024-07-24,625.561479,29,18,1215.0548275862068,0.403716,0.6206896551724138,69.0,Greed
0x8477e447846c758f5a675856001ea72298fd9cb5,2024-07-26,341.250124,111,32,1316.2212612612611,0.404371045045045,0.2882882882882883,68.0,Greed
0x8477e447846c758f5a675856001ea72298fd9cb5,2024-07-27,0.0,5,0,888.552,0.31099259999999995,0.0,72.0,Greed
0x8477e447846c758f5a675856001ea72298fd9cb5,2024-07-28,587.29903,13,12,865.7684615384616,0.3030181538461539,0.9230769230769231,71.0,Greed
0x8477e447846c758f5a675856001ea72298fd9cb5,2024-07-29,217.857529,15,5,1797.1860000000001,0.6290148,0.3333333333333333,74.0,Greed
0x8477e447846c758f5a675856001ea72298fd9cb5,2024-07-31,765.690884,40,14,1112.535,0.38938670000000003,0.35,61.0,Greed
0x8477e447846c758f5a675856001ea72298fd9cb5,2024-08-01,167.080017,34,4,1432.7749999999999,0.501470705882353,0.11764705882352941,52.0,Neutral
0x8477e447846c758f5a675856001ea72298fd9cb5,2024-08-02,228.247701,15,12,1984.4720000000002,0.6945647333333334,0.8,57.0,Greed
0x8477e447846c758f5a675856001ea72298fd9cb5,2024-08-03,464.1897,1,1,4534.09,1.58693,1.0,37.0,Fear
0x8477e447846c758f5a675856001ea72298fd9cb5,2024-08-04,109.005815,17,3,2129.0517647058823,0.7451676470588237,0.17647058823529413,34.0,Fear
0x8477e447846c758f5a675856001ea72298fd9cb5,2024-08-05,160.44369899999998,17,7,2357.7947058823524,0.8252274117647059,0.4117647058823529,26.0,Fear
0x8477e447846c758f5a675856001ea72298fd9cb5,2024-08-09,151.092375,69,17,635.3107246376812,0.22235815942028986,0.2463768115942029,48.0,Neutral
0x8477e447846c758f5a675856001ea72298fd9cb5,2024-08-20,0.0,4,0,1874.2325,0.6559815,0.0,30.0,Fear
0x8477e447846c758f5a675856001ea72298fd9cb5,2024-08-21,656.200925,143,54,720.2106993006994,0.2520733146853147,0.3776223776223776,26.0,Fear
0x8477e447846c758f5a675856001ea72298fd9cb5,2024-08-31,10.882801,24,12,312.76375,0.20646945833333333,0.5,29.0,Fear
0x8477e447846c758f5a675856001ea72298fd9cb5,2024-09-01,137.433093,12,5,1029.9733333333334,0.36048841666666664,0.4166666666666667,26.0,Fear
0x8477e447846c758f5a675856001ea72298fd9cb5,2024-10-20,160.095271,90,6,624.6905555555555,0.19087184444444444,0.06666666666666667,73.0,Greed
0x8477e447846c758f5a675856001ea72298fd9cb5,2024-10-21,2464.915564,162,68,1074.6531481481481,0.35400977777777776,0.41975308641975306,72.0,Greed
0x8477e447846c758f5a675856001ea72298fd9cb5,2024-10-29,801.170876,16,3,668.305625,0.2339065625,0.1875,72.0,Greed
0x8477e447846c758f5a675856001ea72298fd9cb5,2024-10-30,9.150023,25,7,473.23400000000004,0.14387952,0.28,77.0,Extreme Greed
0x8477e447846c758f5a675856001ea72298fd9cb5,2024-10-31,451.122034,11,11,1143.8036363636363,0.3139920909090909,1.0,77.0,Extreme Greed
0x8477e447846c758f5a675856001ea72298fd9cb5,2024-11-09,102.90894,77,19,563.4285714285714,0.17771894805194807,0.24675324675324675,75.0,Extreme Greed
0x8477e447846c758f5a675856001ea72298fd9cb5,2024-11-10,442.748384,164,45,1361.297987804878,0.47645384146341463,0.27439024390243905,78.0,Extreme Greed
0x8477e447846c758f5a675856001ea72298fd9cb5,2024-11-11,4876.874304,172,79,1907.2104069767443,0.6368387674418604,0.45930232558139533,76.0,Extreme Greed
0x8477e447846c758f5a675856001ea72298fd9cb5,2024-11-12,1441.27965,91,22,1631.5342857142857,0.5710365384615385,0.24175824175824176,80.0,Extreme Greed
0x8477e447846c758f5a675856001ea72298fd9cb5,2024-11-13,48.000187,4,2,1653.81,0.5788345,0.5,84.0,Extreme Greed
0x8477e447846c758f5a675856001ea72298fd9cb5,2024-11-15,0.0,2,0,555.8050000000001,0.19453199999999998,0.0,80.0,Extreme Greed
0x8477e447846c758f5a675856001ea72298fd9cb5,2024-11-16,870.746565,30,12,674.5303333333334,0.2360851,0.4,86.0,Extreme Greed
0x8477e447846c758f5a675856001ea72298fd9cb5,2024-11-17,175.061007,20,7,979.567,0.34284765000000006,0.35,90.0,Extreme Greed
0x8477e447846c758f5a675856001ea72298fd9cb5,2024-11-18,431.960709,79,27,968.6977215189872,0.33904379746835445,0.34177215189873417,83.0,Extreme Greed
0x8477e447846c758f5a675856001ea72298fd9cb5,2024-11-19,906.2475900000001,56,26,1511.193392857143,0.4867857142857143,0.4642857142857143,90.0,Extreme Greed
0x8477e447846c758f5a675856001ea72298fd9cb5,2024-11-20,447.920315,32,14,2027.2915625,0.70955121875,0.4375,83.0,Extreme Greed
0x8477e447846c758f5a675856001ea72298fd9cb5,2024-11-21,0.0,57,0,1398.0726315789473,0.4783818947368421,0.0,82.0,Extreme Greed
0x8477e447846c758f5a675856001ea72298fd9cb5,2024-11-22,365.437929,137,52,2588.8760583941607,0.7489838686131386,0.3795620437956204,94.0,Extreme Greed
0x8477e447846c758f5a675856001ea72298fd9cb5,2024-11-23,1439.449718,191,58,2003.0396858638744,0.6055142722513089,0.3036649214659686,93.0,Extreme Greed
0x8477e447846c758f5a675856001ea72298fd9cb5,2024-11-24,391.890903,70,12,1866.554,0.5997222714285714,0.17142857142857143,80.0,Extreme Greed
0x8477e447846c758f5a675856001ea72298fd9cb5,2024-11-28,0.0,6,0,416.6333333333334,0.14582066666666668,0.0,77.0,Extreme Greed
0x8477e447846c758f5a675856001ea72298fd9cb5,2024-11-29,22697.489906,63,37,695.2509523809523,0.23719427095238096,0.5873015873015873,78.0,Extreme Greed
0x8477e447846c758f5a675856001ea72298fd9cb5,2024-11-30,40.699929,76,5,636.261447368421,0.2226908947368421,0.06578947368421052,84.0,Extreme Greed
0x8477e447846c758f5a675856001ea72298fd9cb5,2024-12-01,1169.432253,123,55,893.489918699187,0.3127210731707317,0.44715447154471544,81.0,Extreme Greed
0x8477e447846c758f5a675856001ea72298fd9cb5,2024-12-02,254.15562,8,1,1667.92875,0.58377475,0.125,80.0,Extreme Greed
0x8477e447846c758f5a675856001ea72298fd9cb5,2024-12-03,-158.695661,6,0,2708.735,0.9480565,0.0,76.0,Extreme Greed
0x8477e447846c758f5a675856001ea72298fd9cb5,2025-01-02,45.086985,77,10,332.6585714285714,0.11353183064935066,0.12987012987012986,70.0,Greed
0x8477e447846c758f5a675856001ea72298fd9cb5,2025-01-03,909.1721379999999,177,32,251.76581920903956,0.0847449209039548,0.1807909604519774,74.0,Greed
0x8477e447846c758f5a675856001ea72298fd9cb5,2025-01-04,30.818079,51,2,182.9343137254902,0.06402649019607842,0.0392156862745098,73.0,Greed
0x8477e447846c758f5a675856001ea72298fd9cb5,2025-01-05,151.429584,51,9,209.45666666666668,0.055351058823529406,0.17647058823529413,72.0,Greed
0x8477e447846c758f5a675856001ea72298fd9cb5,2025-01-06,272.131501,266,8,246.8388345864662,0.07245591353383458,0.03007518796992481,76.0,Extreme Greed
0x8477e447846c758f5a675856001ea72298fd9cb5,2025-01-07,4334.417218,222,161,618.5525225225225,0.196989509009009,0.7252252252252253,78.0,Extreme Greed
0x8477e447846c758f5a675856001ea72298fd9cb5,2025-01-08,1303.127763,390,128,410.6838717948718,0.14181711651282053,0.3282051282051282,70.0,Greed
0x8477e447846c758f5a675856001ea72298fd9cb5,2025-01-09,123.72129899999999,222,21,448.987027027027,0.13869052702702703,0.0945945945945946,69.0,Greed
0x8477e447846c758f5a675856001ea72298fd9cb5,2025-01-10,1189.078864,254,119,476.30413385826773,0.1667059409448819,0.468503937007874,50.0,Neutral
0x8477e447846c758f5a675856001ea72298fd9cb5,2025-01-11,417.647169,82,17,435.32475609756096,0.15236318292682927,0.2073170731707317,69.0,Greed
0x8477e447846c758f5a675856001ea72298fd9cb5,2025-01-12,0.0,15,0,332.6786666666667,0.11643686666666667,0.0,62.0,Greed
0x8477e447846c758f5a675856001ea72298fd9cb5,2025-01-13,2060.162946,58,26,827.8527586206897,0.28974815517241376,0.4482758620689655,61.0,Greed
0x8477e447846c758f5a675856001ea72298fd9cb5,2025-01-14,82.032118,13,3,565.48,0.19791761538461536,0.23076923076923078,63.0,Greed
0x8477e447846c758f5a675856001ea72298fd9cb5,2025-01-15,240.93138,64,28,456.34046875,0.140188046875,0.4375,70.0,Greed
0x8477e447846c758f5a675856001ea72298fd9cb5,2025-01-16,218.26223099999999,34,6,471.515,0.16502964705882353,0.17647058823529413,75.0,Extreme Greed
0x8477e447846c758f5a675856001ea72298fd9cb5,2025-01-17,43.69239,13,1,423.4723076923077,0.14821453846153848,0.07692307692307693,75.0,Extreme Greed
0x8477e447846c758f5a675856001ea72298fd9cb5,2025-01-18,1055.8044439999999,40,20,565.99425,0.19809755,0.5,77.0,Extreme Greed
0x8477e447846c758f5a675856001ea72298fd9cb5,2025-01-19,0.0,13,0,508.26307692307694,0.177892,0.0,77.0,Extreme Greed
0x8477e447846c758f5a675856001ea72298fd9cb5,2025-01-20,1876.265511,44,19,674.2861363636364,0.23599972727272728,0.4318181818181818,76.0,Extreme Greed
0x8477e447846c758f5a675856001ea72298fd9cb5,2025-01-21,201.672306,206,35,288.69718446601945,0.10104331067961164,0.16990291262135923,76.0,Extreme Greed
0x8477e447846c758f5a675856001ea72298fd9cb5,2025-01-22,261.367634,147,13,590.73,0.20675495238095237,0.08843537414965986,84.0,Extreme Greed
0x8477e447846c758f5a675856001ea72298fd9cb5,2025-01-23,7503.093009,275,129,646.8723272727273,0.21287055272727273,0.4690909090909091,75.0,Extreme Greed
0x8477e447846c758f5a675856001ea72298fd9cb5,2025-01-24,288.144978,61,2,349.93508196721314,0.12247659016393442,0.03278688524590164,75.0,Extreme Greed
0x8477e447846c758f5a675856001ea72298fd9cb5,2025-01-25,1125.196124,111,25,498.1863963963964,0.17436478378378378,0.22522522522522523,75.0,Extreme Greed
0x8477e447846c758f5a675856001ea72298fd9cb5,2025-01-26,444.464792,96,21,815.5705208333334,0.2854490416666667,0.21875,73.0,Greed
0x8477e447846c758f5a675856001ea72298fd9cb5,2025-01-27,4321.583225,31,18,1396.8890322580644,0.48891025806451616,0.5806451612903226,71.0,Greed
0x8477e447846c758f5a675856001ea72298fd9cb5,2025-01-29,0.0,13,0,452.09615384615387,0.15823253846153845,0.0,72.0,Greed
0x8477e447846c758f5a675856001ea72298fd9cb5,2025-01-30,0.0,9,0,307.96333333333337,0.10778655555555555,0.0,70.0,Greed
0x8477e447846c758f5a675856001ea72298fd9cb5,2025-01-31,151.311363,66,16,527.1548484848485,0.18450369696969696,0.24242424242424243,76.0,Extreme Greed
0x8477e447846c758f5a675856001ea72298fd9cb5,2025-02-01,1579.909758,60,29,615.154,0.21530335,0.48333333333333334,68.0,Greed
0x8477e447846c758f5a675856001ea72298fd9cb5,2025-02-02,1023.934713,60,15,1069.4091666666668,0.37429281666666664,0.25,60.0,Greed
0x8477e447846c758f5a675856001ea72298fd9cb5,2025-02-03,1474.607584,138,67,1645.3448550724638,0.5758701811594202,0.4855072463768116,44.0,Fear
0x8477e447846c758f5a675856001ea72298fd9cb5,2025-02-04,0.0,6,0,462.50499999999994,0.161876,0.0,72.0,Greed
0x8477e447846c758f5a675856001ea72298fd9cb5,2025-02-05,554.257954,20,12,554.9604999999999,0.19423564999999998,0.6,54.0,Neutral
0x8477e447846c758f5a675856001ea72298fd9cb5,2025-02-07,0.0,6,0,277.15333333333336,0.09700366666666667,0.0,44.0,Fear
0x8477e447846c758f5a675856001ea72298fd9cb5,2025-02-08,131.753274,8,7,329.95875,0.11548525,0.875,44.0,Fear
0x8477e447846c758f5a675856001ea72298fd9cb5,2025-02-09,312.034872,65,20,322.47153846153844,0.11286439999999999,0.3076923076923077,46.0,Neutral
0x8477e447846c758f5a675856001ea72298fd9cb5,2025-02-10,131.17446,46,7,585.3667391304348,0.20487793478260868,0.15217391304347827,43.0,Fear
0x8477e447846c758f5a675856001ea72298fd9cb5,2025-02-11,56.537437,19,5,569.5515789473684,0.19934278947368422,0.2631578947368421,47.0,Neutral
0x8477e447846c758f5a675856001ea72298fd9cb5,2025-02-12,299.669854,30,23,410.9486666666666,0.1438311,0.7666666666666667,46.0,Neutral
0x8477e447846c758f5a675856001ea72298fd9cb5,2025-02-13,181.456277,25,11,264.2908,0.09250148,0.44,50.0,Neutral
0x8477e447846c758f5a675856001ea72298fd9cb5,2025-02-14,0.0,10,0,254.971,0.0892394,0.0,48.0,Neutral
0x8477e447846c758f5a675856001ea72298fd9cb5,2025-02-15,49.98382900000001,9,3,437.9866666666667,0.1532951111111111,0.3333333333333333,50.0,Neutral
0x8477e447846c758f5a675856001ea72298fd9cb5,2025-02-16,0.0,1,0,555.02,0.194256,0.0,54.0,Neutral
0x8477e447846c758f5a675856001ea72298fd9cb5,2025-02-17,0.0,20,0,510.6405,0.17872365,0.0,51.0,Neutral
0x8477e447846c758f5a675856001ea72298fd9cb5,2025-02-18,950.815596,23,21,644.1191304347826,0.22544091304347824,0.9130434782608695,47.0,Neutral
0x8477e447846c758f5a675856001ea72298fd9cb5,2025-02-19,0.0,9,0,832.99,0.2915456666666667,0.0,44.0,Fear
0x8477e447846c758f5a675856001ea72298fd9cb5,2025-02-22,-80.922744,18,0,343.5022222222222,0.12022522222222223,0.0,49.0,Neutral
0x8477e447846c758f5a675856001ea72298fd9cb5,2025-02-23,63.922728,24,1,574.5508333333333,0.2010920416666667,0.041666666666666664,50.0,Neutral
0x8477e447846c758f5a675856001ea72298fd9cb5,2025-02-24,1282.097568,55,35,874.9930909090909,0.3062471454545454,0.6363636363636364,49.0,Neutral
0x8477e447846c758f5a675856001ea72298fd9cb5,2025-02-25,0.0,4,0,1249.875,0.437456,0.0,25.0,Fear
0x8477e447846c758f5a675856001ea72298fd9cb5,2025-02-26,108.13869,14,1,642.3542857142858,0.2248235,0.07142857142857142,21.0,Extreme Fear
0x8477e447846c758f5a675856001ea72298fd9cb5,2025-02-27,0.0,1,0,2499.69,0.874891,0.0,10.0,Extreme Fear
0x8477e447846c758f5a675856001ea72298fd9cb5,2025-02-28,268.367925,19,10,1126.7694736842104,0.3943685263157895,0.5263157894736842,16.0,Extreme Fear
0x8477e447846c758f5a675856001ea72298fd9cb5,2025-03-03,468.35197800000003,68,23,575.8669117647058,0.20155304411764707,0.3382352941176471,33.0,Fear
0x8477e447846c758f5a675856001ea72298fd9cb5,2025-03-04,54.2704,8,1,1117.82,0.39123712499999996,0.125,15.0,Extreme Fear
0x8477e447846c758f5a675856001ea72298fd9cb5,2025-03-05,34.86435,34,4,543.1394117647059,0.19009811764705883,0.11764705882352941,20.0,Extreme Fear
0x8477e447846c758f5a675856001ea72298fd9cb5,2025-03-06,0.0,7,0,110.53285714285714,0.03868542857142857,0.0,25.0,Fear
0x8477e447846c758f5a675856001ea72298fd9cb5,2025-03-07,9.266712,2,1,554.57,0.194099,0.5,34.0,Fear
0x8477e447846c758f5a675856001ea72298fd9cb5,2025-03-09,969.56792,35,33,241.43400000000003,0.0845014,0.9428571428571428,27.0,Fear
0x8477e447846c758f5a675856001ea72298fd9cb5,2025-03-10,0.0,3,0,1666.1666666666667,0.5831583333333333,0.0,20.0,Extreme Fear
0x8477e447846c758f5a675856001ea72298fd9cb5,2025-03-11,94.48255800000001,8,6,1261.5125,0.441529,0.75,24.0,Extreme Fear
0x8477e447846c758f5a675856001ea72298fd9cb5,2025-03-12,0.0,3,0,666.82,0.233387,0.0,34.0,Fear
0x8477e447846c758f5a675856001ea72298fd9cb5,2025-03-13,0.0,11,0,383.9627272727273,0.13438581818181816,0.0,45.0,Neutral
0x8477e447846c758f5a675856001ea72298fd9cb5,2025-03-14,364.03788,5,5,1317.608,0.461162,1.0,27.0,Fear
0x8477e447846c758f5a675856001ea72298fd9cb5,2025-03-18,185.307189,24,12,445.26666666666665,0.15584283333333335,0.5,34.0,Fear
0x8477e447846c758f5a675856001ea72298fd9cb5,2025-03-19,0.0,9,0,598.3033333333333,0.20940555555555554,0.0,32.0,Fear
0x8477e447846c758f5a675856001ea72298fd9cb5,2025-03-20,65.297516,11,7,483.58363636363634,0.16925381818181817,0.6363636363636364,49.0,Neutral
0x8477e447846c758f5a675856001ea72298fd9cb5,2025-03-21,0.0,2,0,443.555,0.15524349999999998,0.0,31.0,Fear
0x8477e447846c758f5a675856001ea72298fd9cb5,2025-03-22,-41.40918,4,0,287.38,0.10058349999999999,0.0,32.0,Fear
0x8477e447846c758f5a675856001ea72298fd9cb5,2025-03-23,178.247768,37,11,554.7635135135135,0.1941666756756757,0.2972972972972973,30.0,Fear
0x8477e447846c758f5a675856001ea72298fd9cb5,2025-03-24,0.0,78,0,559.9092307692307,0.1959679230769231,0.0,45.0,Neutral
0x8477e447846c758f5a675856001ea72298fd9cb5,2025-03-25,994.196069,36,25,1272.072777777778,0.4452250277777778,0.6944444444444444,46.0,Neutral
0x8477e447846c758f5a675856001ea72298fd9cb5,2025-03-26,27.5033,9,1,744.4566666666666,0.2605591111111111,0.1111111111111111,47.0,Neutral
0x8477e447846c758f5a675856001ea72298fd9cb5,2025-03-27,195.60777199999998,40,14,1138.75375,0.33606389999999997,0.35,40.0,Fear
0x8477e447846c758f5a675856001ea72298fd9cb5,2025-03-28,1617.77036,37,25,1225.1743243243243,0.42881048648648645,0.6756756756756757,44.0,Fear
0x8477e447846c758f5a675856001ea72298fd9cb5,2025-03-29,7.57416,10,2,721.253,0.25243760000000004,0.2,26.0,Fear
0x8477e447846c758f5a675856001ea72298fd9cb5,2025-03-30,267.13403800000003,8,6,681.61,0.23856275,0.75,32.0,Fear
0x8477e447846c758f5a675856001ea72298fd9cb5,2025-03-31,92.902727,7,3,510.28000000000003,0.17859742857142855,0.42857142857142855,34.0,Fear
0x8477e447846c758f5a675856001ea72298fd9cb5,2025-04-03,0.0,6,0,666.2016666666667,0.2331695,0.0,25.0,Fear
0x8477e447846c758f5a675856001ea72298fd9cb5,2025-04-04,586.623362,54,17,483.5138888888889,0.1530347037037037,0.3148148148148148,28.0,Fear
0x8477e447846c758f5a675856001ea72298fd9cb5,2025-04-05,0.0,4,0,624.745,0.2186595,0.0,30.0,Fear
0x8477e447846c758f5a675856001ea72298fd9cb5,2025-04-06,67.080809,28,4,443.69,0.09284446428571429,0.14285714285714285,34.0,Fear
0x8477e447846c758f5a675856001ea72298fd9cb5,2025-04-07,632.303024,270,73,1849.3804444444443,0.49688426666666663,0.27037037037037037,23.0,Extreme Fear
0x8477e447846c758f5a675856001ea72298fd9cb5,2025-04-08,81.035707,46,14,828.6836956521738,0.22815028260869566,0.30434782608695654,24.0,Extreme Fear
0x8477e447846c758f5a675856001ea72298fd9cb5,2025-04-09,500.847132,136,26,925.8802205882353,0.3203847720588235,0.19117647058823528,18.0,Extreme Fear
0x8477e447846c758f5a675856001ea72298fd9cb5,2025-04-10,-103.71342200000002,314,84,874.4072929936306,0.23775192675159237,0.267515923566879,39.0,Fear
0x8477e447846c758f5a675856001ea72298fd9cb5,2025-04-11,19.202581000000002,61,12,553.0408196721311,0.1525802131147541,0.19672131147540983,25.0,Fear
0x8477e447846c758f5a675856001ea72298fd9cb5,2025-04-12,0.0,24,0,772.8058333333333,0.27048158333333333,0.0,43.0,Fear
0x8477e447846c758f5a675856001ea72298fd9cb5,2025-04-13,1350.19094,287,147,820.2411846689896,0.23281235191637628,0.5121951219512195,45.0,Neutral
0x8477e447846c758f5a675856001ea72298fd9cb5,2025-04-14,236.725655,23,12,932.9834782608696,0.320514,0.5217391304347826,31.0,Fear
0x8477e447846c758f5a675856001ea72298fd9cb5,2025-04-15,191.802066,38,14,520.8728947368421,0.18230523684210526,0.3684210526315789,38.0,Fear
0x8477e447846c758f5a675856001ea72298fd9cb5,2025-04-16,71.93199,4,4,356.5375,0.12478675,1.0,29.0,Fear
0x8477e447846c758f5a675856001ea72298fd9cb5,2025-04-18,0.0,20,0,383.0805,0.134078,0.0,33.0,Fear
0x8477e447846c758f5a675856001ea72298fd9cb5,2025-04-19,0.0,19,0,326.8852631578947,0.11440947368421052,0.0,32.0,Fear
0x8477e447846c758f5a675856001ea72298fd9cb5,2025-04-20,43.224447,44,5,328.4611363636364,0.11496102272727272,0.11363636363636363,37.0,Fear
0x8477e447846c758f5a675856001ea72298fd9cb5,2025-04-21,596.556385,108,32,498.3961111111111,0.16980858333333335,0.2962962962962963,39.0,Fear
0x8477e447846c758f5a675856001ea72298fd9cb5,2025-04-22,-180.07315699999998,988,161,1169.5095344129554,0.34162435222672066,0.16295546558704455,47.0,Neutral
0x8477e447846c758f5a675856001ea72298fd9cb5,2025-04-23,-27087.802198,1950,41,636.126676923077,0.1492354517948718,0.021025641025641025,72.0,Greed
0x8477e447846c758f5a675856001ea72298fd9cb5,2025-04-24,2397.669518,117,60,658.8346153846153,0.21519022222222223,0.5128205128205128,63.0,Greed
0x8477e447846c758f5a675856001ea72298fd9cb5,2025-04-25,36.153454,207,2,1063.6844444444444,0.37228914492753623,0.00966183574879227,60.0,Greed
0x8477e447846c758f5a675856001ea72298fd9cb5,2025-04-26,394.655169,70,33,1416.666857142857,0.49583274285714285,0.4714285714285714,65.0,Greed
0x8477e447846c758f5a675856001ea72298fd9cb5,2025-04-27,78.78402200000001,20,19,1364.094,0.47743244999999995,0.95,61.0,Greed
0x8477e447846c758f5a675856001ea72298fd9cb5,2025-04-28,-6424.928118,80,5,2193.325,0.7676631875,0.0625,54.0,Neutral
0x8477e447846c758f5a675856001ea72298fd9cb5,2025-04-29,-1793.442795,73,2,396.20082191780824,0.09189317808219179,0.0273972602739726,60.0,Greed
0x8477e447846c758f5a675856001ea72298fd9cb5,2025-04-30,-1053.418063,87,22,985.3667816091954,0.3002267931034483,0.25287356321839083,56.0,Greed
0x8477e447846c758f5a675856001ea72298fd9cb5,2025-05-01,-200.94846,19,0,309.6568421052632,0.05726452631578947,0.0,53.0,Neutral
0x92f17e8d81a944691c10e753af1b1baae1a2cd0d,2024-12-13,0.0,162,0,2468.940987654321,0.02593279925925926,0.0,76.0,Extreme Greed
0x92f17e8d81a944691c10e753af1b1baae1a2cd0d,2024-12-15,0.0,413,0,1890.1754237288135,0.027921924334140435,0.0,80.0,Extreme Greed
0x92f17e8d81a944691c10e753af1b1baae1a2cd0d,2024-12-16,55.987393,2,1,55.980000000000004,0.010174245,0.5,83.0,Extreme Greed
0x92f17e8d81a944691c10e753af1b1baae1a2cd0d,2024-12-17,0.0,1,0,0.0,0.0,0.0,87.0,Extreme Greed
0x92f17e8d81a944691c10e753af1b1baae1a2cd0d,2024-12-22,0.0,86,0,4111.969186046511,0.8345376162790697,0.0,73.0,Greed
0x92f17e8d81a944691c10e753af1b1baae1a2cd0d,2024-12-23,8639.369933,60,54,9857.592999999999,1.1607416666666668,0.9,70.0,Greed
0x92f17e8d81a944691c10e753af1b1baae1a2cd0d,2025-01-19,0.0,484,0,2098.6197107438015,0.7345163285123967,0.0,77.0,Extreme Greed
0x92f17e8d81a944691c10e753af1b1baae1a2cd0d,2025-01-23,63464.28729,487,432,3015.5509856262834,1.0554423901437373,0.8870636550308009,75.0,Extreme Greed
0x92f17e8d81a944691c10e753af1b1baae1a2cd0d,2025-01-29,21987.812579,636,272,2604.86213836478,0.9117012421383648,0.4276729559748428,72.0,Greed
0x92f17e8d81a944691c10e753af1b1baae1a2cd0d,2025-02-02,12245.905048999999,169,75,2370.67449704142,0.8297356449704142,0.4437869822485207,60.0,Greed
0x92f17e8d81a944691c10e753af1b1baae1a2cd0d,2025-02-07,0.0,2,0,46000.0,0.2,0.0,44.0,Fear
0x92f17e8d81a944691c10e753af1b1baae1a2cd0d,2025-02-08,0.0,152,0,1771.9198684210526,0.007894721907894737,0.0,44.0,Fear
0x92f17e8d81a944691c10e753af1b1baae1a2cd0d,2025-02-24,0.0,45,0,9481.510444444444,0.044444422,0.0,49.0,Neutral
0x92f17e8d81a944691c10e753af1b1baae1a2cd0d,2025-02-25,0.0,8,0,60250.0,0.2999999775,0.0,25.0,Fear
0x92f17e8d81a944691c10e753af1b1baae1a2cd0d,2025-04-07,3425.96095,68,33,9608.110294117647,3.36283825,0.4852941176470588,23.0,Extreme Fear
0x92f17e8d81a944691c10e753af1b1baae1a2cd0d,2025-04-14,-621.54506,25,0,20063.1732,7.02211008,0.0,31.0,Fear
0x92f17e8d81a944691c10e753af1b1baae1a2cd0d,2025-04-16,0.0,4,0,42034.5,14.7120745,0.0,29.0,Fear
0x92f17e8d81a944691c10e753af1b1baae1a2cd0d,2025-04-23,17381.164,248,4,6983.216774193548,2.444125560483871,0.016129032258064516,72.0,Greed
0xa0feb3725a9335f49874d7cd8eaad6be45b27416,2024-12-13,2270.1241019999998,234,164,939.9077777777777,0.08302832051282051,0.7008547008547008,76.0,Extreme Greed
0xa0feb3725a9335f49874d7cd8eaad6be45b27416,2024-12-14,10281.503571,683,296,1674.4618155197657,0.1071835168374817,0.4333821376281113,83.0,Extreme Greed
0xa0feb3725a9335f49874d7cd8eaad6be45b27416,2024-12-15,3932.676736,748,187,1345.2046122994652,0.08686995989304813,0.25,80.0,Extreme Greed
0xa0feb3725a9335f49874d7cd8eaad6be45b27416,2024-12-16,3923.071266,326,164,1710.5239570552149,0.09434168711656442,0.5030674846625767,83.0,Extreme Greed
0xa0feb3725a9335f49874d7cd8eaad6be45b27416,2024-12-17,9080.193597,599,260,2051.6765609348913,0.11511152921535894,0.4340567612687813,87.0,Extreme Greed
0xa0feb3725a9335f49874d7cd8eaad6be45b27416,2024-12-18,2755.818564,314,154,1756.5612101910826,0.09824161146496815,0.49044585987261147,81.0,Extreme Greed
0xa0feb3725a9335f49874d7cd8eaad6be45b27416,2024-12-19,5687.811638,439,189,1937.9936218678815,0.14462204328018224,0.4305239179954442,75.0,Extreme Greed
0xa0feb3725a9335f49874d7cd8eaad6be45b27416,2024-12-20,5930.482942,243,163,1136.9883950617284,0.11942831687242798,0.6707818930041153,74.0,Greed
0xa0feb3725a9335f49874d7cd8eaad6be45b27416,2024-12-21,2600.050242,331,105,1631.86501510574,0.1745945679758308,0.31722054380664655,73.0,Greed
0xa0feb3725a9335f49874d7cd8eaad6be45b27416,2024-12-22,2718.982224,291,81,1754.1204123711339,0.1478738178694158,0.27835051546391754,73.0,Greed
0xa0feb3725a9335f49874d7cd8eaad6be45b27416,2024-12-23,0.0,3,0,1403.5600000000002,0.07017766666666667,0.0,70.0,Greed
0xa0feb3725a9335f49874d7cd8eaad6be45b27416,2024-12-24,0.0,1,0,2994.6,0.898379,0.0,73.0,Greed
0xa0feb3725a9335f49874d7cd8eaad6be45b27416,2025-01-15,0.0,2,0,522.095,0.052209500000000006,0.0,70.0,Greed
0xa0feb3725a9335f49874d7cd8eaad6be45b27416,2025-01-18,0.0,53,0,1244.2596226415094,0.2647999622641509,0.0,77.0,Extreme Greed
0xa0feb3725a9335f49874d7cd8eaad6be45b27416,2025-01-20,0.0,1,0,2999.98,0.299998,0.0,76.0,Extreme Greed
0xa0feb3725a9335f49874d7cd8eaad6be45b27416,2025-01-22,140.995116,20,2,332.675,0.03365055,0.1,84.0,Extreme Greed
0xa0feb3725a9335f49874d7cd8eaad6be45b27416,2025-01-23,0.0,6,0,569.92,0.0569915,0.0,75.0,Extreme Greed
0xa0feb3725a9335f49874d7cd8eaad6be45b27416,2025-01-24,0.0,9,0,671.1622222222222,0.17777766666666667,0.0,75.0,Extreme Greed
0xa0feb3725a9335f49874d7cd8eaad6be45b27416,2025-01-27,0.0,20,0,449.921,0.04499155,0.0,71.0,Greed
0xa0feb3725a9335f49874d7cd8eaad6be45b27416,2025-01-31,9719.053192,65,65,2959.078615384615,0.29590743076923076,1.0,76.0,Extreme Greed
0xa0feb3725a9335f49874d7cd8eaad6be45b27416,2025-02-01,923.487443,18,18,1390.1038888888888,0.14631672222222222,1.0,68.0,Greed
0xa0feb3725a9335f49874d7cd8eaad6be45b27416,2025-02-02,0.0,29,0,1210.4648275862069,0.17490337931034483,0.0,60.0,Greed
0xa0feb3725a9335f49874d7cd8eaad6be45b27416,2025-02-03,2161.6751200000003,15,6,8577.862,1.7575970666666667,0.4,44.0,Fear
0xa0feb3725a9335f49874d7cd8eaad6be45b27416,2025-02-04,4624.583773,731,138,1221.8522845417237,0.21512911764705883,0.18878248974008208,72.0,Greed
0xa0feb3725a9335f49874d7cd8eaad6be45b27416,2025-02-05,-6194.283149,368,45,4161.944646739131,0.8268184239130435,0.12228260869565218,54.0,Neutral
0xa0feb3725a9335f49874d7cd8eaad6be45b27416,2025-02-06,2780.135427,806,274,716.7850620347394,0.13893246898263026,0.3399503722084367,49.0,Neutral
0xa0feb3725a9335f49874d7cd8eaad6be45b27416,2025-02-07,6119.377807,787,202,1749.6032401524778,0.3847426200762389,0.25667090216010163,44.0,Fear
0xa0feb3725a9335f49874d7cd8eaad6be45b27416,2025-02-08,330.039883,328,96,764.5767682926829,0.08401194817073171,0.2926829268292683,44.0,Fear
0xa0feb3725a9335f49874d7cd8eaad6be45b27416,2025-02-09,183.593223,122,21,747.8363934426229,0.08080622131147541,0.1721311475409836,46.0,Neutral
0xa0feb3725a9335f49874d7cd8eaad6be45b27416,2025-02-10,1338.39845,304,185,868.6251644736842,0.052984631578947367,0.6085526315789473,43.0,Fear
0xa0feb3725a9335f49874d7cd8eaad6be45b27416,2025-02-11,869.757103,183,31,1215.386612021858,0.18338509836065572,0.16939890710382513,47.0,Neutral
0xa0feb3725a9335f49874d7cd8eaad6be45b27416,2025-02-12,0.0,50,0,999.666,0.04998278,0.0,46.0,Neutral
0xa0feb3725a9335f49874d7cd8eaad6be45b27416,2025-02-13,1312.55815,399,160,2012.0397744360903,0.33246930325814533,0.40100250626566414,50.0,Neutral
0xa0feb3725a9335f49874d7cd8eaad6be45b27416,2025-02-14,414.743169,306,34,1372.3451960784314,0.19642255555555554,0.1111111111111111,48.0,Neutral
0xa0feb3725a9335f49874d7cd8eaad6be45b27416,2025-02-15,590.73516,466,113,787.2578326180258,0.09677368240343348,0.24248927038626608,50.0,Neutral
0xa0feb3725a9335f49874d7cd8eaad6be45b27416,2025-02-16,819.9958,455,195,501.30874725274725,0.037275232967032966,0.42857142857142855,54.0,Neutral
0xa0feb3725a9335f49874d7cd8eaad6be45b27416,2025-02-17,303.11202,284,118,598.8410211267606,0.057569193661971836,0.4154929577464789,51.0,Neutral
0xa0feb3725a9335f49874d7cd8eaad6be45b27416,2025-02-18,3494.964308,413,149,1209.069588377724,0.09401680629539952,0.36077481840193704,47.0,Neutral
0xa0feb3725a9335f49874d7cd8eaad6be45b27416,2025-02-19,1280.6095579999999,400,134,1091.899,0.1780865425,0.335,44.0,Fear
0xa0feb3725a9335f49874d7cd8eaad6be45b27416,2025-02-20,2866.872677,968,443,817.1428202479339,0.08990281095041322,0.45764462809917356,49.0,Neutral
0xa0feb3725a9335f49874d7cd8eaad6be45b27416,2025-02-21,3417.71341,769,341,1031.4382574772433,0.0953899089726918,0.4434330299089727,55.0,Greed
0xa0feb3725a9335f49874d7cd8eaad6be45b27416,2025-02-22,101.06290399999999,41,20,789.0624390243902,0.11323195121951218,0.4878048780487805,49.0,Neutral
0xa0feb3725a9335f49874d7cd8eaad6be45b27416,2025-02-23,0.0,53,0,226.28509433962265,0.011313641509433963,0.0,50.0,Neutral
0xa0feb3725a9335f49874d7cd8eaad6be45b27416,2025-02-24,0.0,42,0,495.59309523809526,0.06936357142857143,0.0,49.0,Neutral
0xa0feb3725a9335f49874d7cd8eaad6be45b27416,2025-02-25,826.548369,193,54,626.2487046632124,0.05377611917098445,0.27979274611398963,25.0,Fear
0xa0feb3725a9335f49874d7cd8eaad6be45b27416,2025-02-26,0.0,20,0,749.8255,0.09995395,0.0,21.0,Extreme Fear
0xa0feb3725a9335f49874d7cd8eaad6be45b27416,2025-02-27,0.0,13,0,768.6484615384616,0.230594,0.0,10.0,Extreme Fear
0xa0feb3725a9335f49874d7cd8eaad6be45b27416,2025-02-28,1011.258943,197,61,623.2444670050761,0.09053631979695431,0.3096446700507614,16.0,Extreme Fear
0xa0feb3725a9335f49874d7cd8eaad6be45b27416,2025-03-02,625.512206,32,16,1691.2284375000002,0.08728525,0.5,26.0,Fear
0xa0feb3725a9335f49874d7cd8eaad6be45b27416,2025-03-03,60.171373,176,15,234.52426136363636,0.015399289772727271,0.08522727272727272,33.0,Fear
0xa0feb3725a9335f49874d7cd8eaad6be45b27416,2025-03-04,0.0,40,0,369.27675,0.018463425,0.0,15.0,Extreme Fear
0xa0feb3725a9335f49874d7cd8eaad6be45b27416,2025-03-14,0.0,8,0,874.97875,0.087497375,0.0,27.0,Fear
0xa0feb3725a9335f49874d7cd8eaad6be45b27416,2025-04-15,73.34455,21,9,917.6357142857142,0.18872085714285716,0.42857142857142855,38.0,Fear
0xa0feb3725a9335f49874d7cd8eaad6be45b27416,2025-04-16,100.22198900000001,47,17,400.05872340425526,0.06363689361702128,0.3617021276595745,29.0,Fear
0xa0feb3725a9335f49874d7cd8eaad6be45b27416,2025-04-17,18.57004,13,6,303.8438461538462,0.04962146153846154,0.46153846153846156,30.0,Fear
0xa0feb3725a9335f49874d7cd8eaad6be45b27416,2025-04-23,6653.134804,550,215,894.6094181818181,0.07387587498181818,0.39090909090909093,72.0,Greed
0xa0feb3725a9335f49874d7cd8eaad6be45b27416,2025-04-24,1279.688605,334,65,1325.6926047904192,0.11152496699191616,0.19461077844311378,63.0,Greed
0xa0feb3725a9335f49874d7cd8eaad6be45b27416,2025-04-25,4058.112969,138,43,1475.0315217391305,0.12219009426231885,0.3115942028985507,60.0,Greed
0xa0feb3725a9335f49874d7cd8eaad6be45b27416,2025-04-26,0.0,50,0,425.9992,0.0133841914,0.0,65.0,Greed
0xa0feb3725a9335f49874d7cd8eaad6be45b27416,2025-04-27,147.309165,46,4,858.3880434782608,0.10588872100434783,0.08695652173913043,61.0,Greed
0xa0feb3725a9335f49874d7cd8eaad6be45b27416,2025-04-28,474.245409,155,21,1106.0305161290323,0.06648145464580645,0.13548387096774195,54.0,Neutral
0xa0feb3725a9335f49874d7cd8eaad6be45b27416,2025-04-29,1189.49741,214,93,1261.7606542056074,0.08884192594906543,0.43457943925233644,60.0,Greed
0xa0feb3725a9335f49874d7cd8eaad6be45b27416,2025-04-30,1555.834562,345,123,793.9205507246378,0.03835616016086957,0.3565217391304348,56.0,Greed
0xa0feb3725a9335f49874d7cd8eaad6be45b27416,2025-05-01,1449.529436,288,101,1130.8870833333333,0.09671945578402778,0.3506944444444444,53.0,Neutral
0xa520ded057a32086c40e7dd6ed4eb8efb82c00e0,2024-08-03,0.0,16,0,9281.686875,3.2485905625,0.0,37.0,Fear
0xa520ded057a32086c40e7dd6ed4eb8efb82c00e0,2024-08-04,-14176.51042,10,0,13492.987,4.848279700000001,0.0,34.0,Fear
0xa520ded057a32086c40e7dd6ed4eb8efb82c00e0,2024-08-05,0.0,2,0,10053.805,18.303340000000002,0.0,26.0,Fear
0xa520ded057a32086c40e7dd6ed4eb8efb82c00e0,2024-08-07,0.0,1,0,500.0,0.2136618,0.0,29.0,Fear
0xa520ded057a32086c40e7dd6ed4eb8efb82c00e0,2024-08-08,-40.712216999999995,4,0,114.82,0.04018625,0.0,20.0,Extreme Fear
0xa520ded057a32086c40e7dd6ed4eb8efb82c00e0,2024-08-09,0.0,2,0,250.0,0.040697235,0.0,48.0,Neutral
0xa520ded057a32086c40e7dd6ed4eb8efb82c00e0,2024-08-17,-288.283113,1,0,211.7,0.021169,0.0,25.0,Fear
0xa520ded057a32086c40e7dd6ed4eb8efb82c00e0,2024-08-18,0.0,1,0,0.01,0.0,0.0,31.0,Fear
0xa520ded057a32086c40e7dd6ed4eb8efb82c00e0,2024-08-21,0.0,2,0,1000.14,0.3500495,0.0,26.0,Fear
0xa520ded057a32086c40e7dd6ed4eb8efb82c00e0,2024-09-08,0.0,1,0,0.11,0.0,0.0,29.0,Fear
0xa520ded057a32086c40e7dd6ed4eb8efb82c00e0,2024-09-10,-219.729659,2,0,890.27,0.311595,0.0,33.0,Fear
0xa520ded057a32086c40e7dd6ed4eb8efb82c00e0,2024-10-17,0.0,1,0,499.72,0.174901,0.0,71.0,Greed
0xa520ded057a32086c40e7dd6ed4eb8efb82c00e0,2024-10-28,167.28016200000002,4,4,375.23249999999996,0.06883375,1.0,72.0,Greed
0xa520ded057a32086c40e7dd6ed4eb8efb82c00e0,2024-11-07,3360.9281,95,48,208.8205263157895,0.01970003557894737,0.5052631578947369,77.0,Extreme Greed
0xa520ded057a32086c40e7dd6ed4eb8efb82c00e0,2024-11-13,0.0,1,0,200.04,0.070012,0.0,84.0,Extreme Greed
0xa520ded057a32086c40e7dd6ed4eb8efb82c00e0,2024-11-18,693.220788,9,9,186.3422222222222,0.06363788888888888,1.0,83.0,Extreme Greed
0xa520ded057a32086c40e7dd6ed4eb8efb82c00e0,2024-11-21,2.83504,1,1,202.87,0.071004,1.0,82.0,Extreme Greed
0xa520ded057a32086c40e7dd6ed4eb8efb82c00e0,2024-11-29,0.0,21,0,5762.356666666667,0.20130491523809524,0.0,78.0,Extreme Greed
0xa520ded057a32086c40e7dd6ed4eb8efb82c00e0,2024-12-01,34709.852428,61,49,856.4519672131147,0.15345554639344264,0.8032786885245902,81.0,Extreme Greed
0xa520ded057a32086c40e7dd6ed4eb8efb82c00e0,2024-12-03,0.0,34,0,2941.1758823529412,0.06514849058823528,0.0,76.0,Extreme Greed
0xa520ded057a32086c40e7dd6ed4eb8efb82c00e0,2024-12-10,0.0,8,0,13718.098750000001,0.2983122075,0.0,78.0,Extreme Greed
0xa520ded057a32086c40e7dd6ed4eb8efb82c00e0,2024-12-11,994.238977,15,15,165.00133333333332,0.04133493333333334,1.0,74.0,Greed
0xa520ded057a32086c40e7dd6ed4eb8efb82c00e0,2024-12-12,2512.437585,4,4,1374.4125000000001,0.46855399999999997,1.0,83.0,Extreme Greed
0xa520ded057a32086c40e7dd6ed4eb8efb82c00e0,2024-12-16,2069.35811,13,13,192.29384615384618,0.02569346153846154,1.0,83.0,Extreme Greed
0xa520ded057a32086c40e7dd6ed4eb8efb82c00e0,2024-12-17,256.200336,1,1,299.74,0.029973,1.0,87.0,Extreme Greed
0xa520ded057a32086c40e7dd6ed4eb8efb82c00e0,2024-12-20,23353.625678,12,11,4763.3358333333335,0.3745176641666667,0.9166666666666666,74.0,Greed
0xa520ded057a32086c40e7dd6ed4eb8efb82c00e0,2025-01-04,556.803152,5,5,213.09399999999997,0.07125820000000001,1.0,73.0,Greed
0xa520ded057a32086c40e7dd6ed4eb8efb82c00e0,2025-01-14,7013.428624,12,12,829.285,0.2902493333333333,1.0,63.0,Greed
0xa520ded057a32086c40e7dd6ed4eb8efb82c00e0,2025-01-21,2806.434723,8,8,597.6225000000001,0.208804125,1.0,76.0,Extreme Greed
0xa520ded057a32086c40e7dd6ed4eb8efb82c00e0,2025-01-27,12084.434144,56,56,989.8810714285713,0.2656636607142857,1.0,71.0,Greed
0xa520ded057a32086c40e7dd6ed4eb8efb82c00e0,2025-01-28,0.0,3,0,0.07666666666666667,0.0,0.0,72.0,Greed
0xa520ded057a32086c40e7dd6ed4eb8efb82c00e0,2025-02-03,20.596691,1,1,999.91,0.349967,1.0,44.0,Fear
0xa520ded057a32086c40e7dd6ed4eb8efb82c00e0,2025-02-10,30.785143,2,2,249.82,0.087436,1.0,43.0,Fear
0xa520ded057a32086c40e7dd6ed4eb8efb82c00e0,2025-03-08,-1121.6509429999999,2,0,1250.705,0.43774500000000005,0.0,28.0,Fear
0xa520ded057a32086c40e7dd6ed4eb8efb82c00e0,2025-04-08,-920.33629,1,0,1000.85,0.350298,0.0,24.0,Extreme Fear
0xa520ded057a32086c40e7dd6ed4eb8efb82c00e0,2025-04-10,-965.1214130000001,3,0,534.0066666666667,0.10349000000000001,0.0,39.0,Fear
0xa520ded057a32086c40e7dd6ed4eb8efb82c00e0,2025-04-13,-53.631353999999995,2,0,64.53,0.0225835,0.0,45.0,Neutral
0xae5eacaf9c6b9111fd53034a602c192a04e082ed,2024-12-02,0.0,44,0,1779.0295454545455,0.07957721840909092,0.0,80.0,Extreme Greed
0xae5eacaf9c6b9111fd53034a602c192a04e082ed,2024-12-03,20925.513222,145,105,3898.738206896552,1.3645578413793102,0.7241379310344828,76.0,Extreme Greed
0xae5eacaf9c6b9111fd53034a602c192a04e082ed,2024-12-04,0.0,1,0,0.1,0.0,0.0,78.0,Extreme Greed
0xae5eacaf9c6b9111fd53034a602c192a04e082ed,2025-03-04,0.0,21,0,7268.525238095238,2.442223476190476,0.0,15.0,Extreme Fear
0xae5eacaf9c6b9111fd53034a602c192a04e082ed,2025-03-05,0.0,9,0,3500.644444444444,1.1762153333333332,0.0,20.0,Extreme Fear
0xae5eacaf9c6b9111fd53034a602c192a04e082ed,2025-03-11,0.0,4,0,6911.925,2.32240675,0.0,24.0,Extreme Fear
0xae5eacaf9c6b9111fd53034a602c192a04e082ed,2025-03-18,0.0,38,0,2461.443421052632,0.827044,0.0,34.0,Fear
0xae5eacaf9c6b9111fd53034a602c192a04e082ed,2025-04-08,0.0,33,0,2865.9021212121215,0.9629421515151516,0.0,24.0,Extreme Fear
0xae5eacaf9c6b9111fd53034a602c192a04e082ed,2025-04-09,622.41079,13,6,792.1807692307691,0.266172,0.46153846153846156,18.0,Extreme Fear
0xae5eacaf9c6b9111fd53034a602c192a04e082ed,2025-04-10,5615.909695,19,19,2486.837368421053,0.8355764736842106,1.0,39.0,Fear
0xae5eacaf9c6b9111fd53034a602c192a04e082ed,2025-04-12,2513.430964,45,24,2262.842,0.7603141333333334,0.5333333333333333,43.0,Fear
0xae5eacaf9c6b9111fd53034a602c192a04e082ed,2025-04-21,0.0,21,0,2434.7928571428574,0.8180896666666667,0.0,39.0,Fear
0xae5eacaf9c6b9111fd53034a602c192a04e082ed,2025-04-23,28100.700490000003,28,28,2829.6749999999997,0.9507698928571429,1.0,72.0,Greed
0xae5eacaf9c6b9111fd53034a602c192a04e082ed,2025-04-24,2587.44383,87,17,2334.9580459770114,0.7845449655172413,0.19540229885057472,63.0,Greed
0xae5eacaf9c6b9111fd53034a602c192a04e082ed,2025-04-25,7480.21054,55,31,2564.5469090909096,0.8616869454545455,0.5636363636363636,60.0,Greed
0xaf40fdc468c30116bd3307bcbf4a451a7ebf1deb,2024-12-09,0.0,4,0,1968.8700000000001,0.19688625,0.0,78.0,Extreme Greed
0xaf40fdc468c30116bd3307bcbf4a451a7ebf1deb,2024-12-11,39.7705,1,1,7158.62,2.505516,1.0,74.0,Greed
0xaf40fdc468c30116bd3307bcbf4a451a7ebf1deb,2024-12-12,15.24474,1,1,771.87,0.270154,1.0,83.0,Extreme Greed
0xaf40fdc468c30116bd3307bcbf4a451a7ebf1deb,2024-12-23,0.0,3,0,320.1333333333333,0.03201266666666667,0.0,70.0,Greed
0xaf40fdc468c30116bd3307bcbf4a451a7ebf1deb,2024-12-24,3.43,1,1,963.83,0.33734,1.0,73.0,Greed
0xaf40fdc468c30116bd3307bcbf4a451a7ebf1deb,2025-03-16,-1017.424213,125,18,5323.34248,0.5315340574399999,0.144,30.0,Fear
0xaf40fdc468c30116bd3307bcbf4a451a7ebf1deb,2025-03-17,-1646.3529,35,0,9477.486,0.9477480285714287,0.0,32.0,Fear
0xaf40fdc468c30116bd3307bcbf4a451a7ebf1deb,2025-03-18,0.0,21,0,3925.5247619047623,0.3925518571428571,0.0,34.0,Fear
0xaf40fdc468c30116bd3307bcbf4a451a7ebf1deb,2025-03-19,5304.480047,162,112,4703.033148148148,0.2618136916012346,0.691358024691358,32.0,Fear
0xaf40fdc468c30116bd3307bcbf4a451a7ebf1deb,2025-03-20,0.0,1,0,84870.0,8.487,0.0,49.0,Neutral
0xaf40fdc468c30116bd3307bcbf4a451a7ebf1deb,2025-03-24,5070.619785,23,17,15004.912173913042,2.428458434782609,0.7391304347826086,45.0,Neutral
0xaf40fdc468c30116bd3307bcbf4a451a7ebf1deb,2025-03-25,0.0,1,0,87100.0,8.71,0.0,46.0,Neutral
0xaf40fdc468c30116bd3307bcbf4a451a7ebf1deb,2025-03-26,2087.063794,27,3,16199.963333333333,2.4360792222222223,0.1111111111111111,47.0,Neutral
0xaf40fdc468c30116bd3307bcbf4a451a7ebf1deb,2025-03-27,894.0,21,6,16543.90380952381,3.728270952380952,0.2857142857142857,40.0,Fear
0xaf40fdc468c30116bd3307bcbf4a451a7ebf1deb,2025-03-28,1342.0,54,4,6430.7037037037035,1.4512090925925927,0.07407407407407407,44.0,Fear
0xaf40fdc468c30116bd3307bcbf4a451a7ebf1deb,2025-04-03,2020.0,8,1,42527.5,4.252749875,0.125,25.0,Fear
0xaf40fdc468c30116bd3307bcbf4a451a7ebf1deb,2025-04-05,2400.0,8,1,41637.49875,4.16374975,0.125,30.0,Fear
0xaf40fdc468c30116bd3307bcbf4a451a7ebf1deb,2025-04-07,0.0,17,0,2238.4694117647055,0.22384682352941176,0.0,23.0,Extreme Fear
0xaf40fdc468c30116bd3307bcbf4a451a7ebf1deb,2025-04-11,5246.0,7,7,29785.714285714286,2.9785712857142856,1.0,25.0,Fear
0xaf40fdc468c30116bd3307bcbf4a451a7ebf1deb,2025-04-12,0.0,14,0,1435.7078571428572,0.00047251621428571425,0.0,43.0,Fear
0xb1231a4a2dd02f2276fa3c5e2a2f3436e6bfed23,2023-12-05,0.0,9,0,5556.203333333334,1.3890505555555555,0.0,75.0,Extreme Greed
0xb1231a4a2dd02f2276fa3c5e2a2f3436e6bfed23,2023-12-14,-205.43473700000007,11,4,10291.213636363636,2.5728028181818186,0.36363636363636365,72.0,Greed
0xb1231a4a2dd02f2276fa3c5e2a2f3436e6bfed23,2023-12-15,-24.632033999999997,2,0,5304.975,1.3262445,0.0,70.0,Greed
0xb1231a4a2dd02f2276fa3c5e2a2f3436e6bfed23,2023-12-16,0.0,3,0,5116.256666666667,1.279063,0.0,67.0,Greed
0xb1231a4a2dd02f2276fa3c5e2a2f3436e6bfed23,2023-12-17,304.982785,14,7,8305.572857142857,2.076392785714286,0.5,73.0,Greed
0xb1231a4a2dd02f2276fa3c5e2a2f3436e6bfed23,2023-12-18,0.0,2,0,15582.089999999998,3.8955225,0.0,65.0,Greed
0xb1231a4a2dd02f2276fa3c5e2a2f3436e6bfed23,2023-12-19,1000.5386120000001,15,10,6106.827333333334,1.5267064,0.6666666666666666,73.0,Greed
0xb1231a4a2dd02f2276fa3c5e2a2f3436e6bfed23,2023-12-20,162.732282,18,8,7868.710555555556,1.9671770555555557,0.4444444444444444,74.0,Greed
0xb1231a4a2dd02f2276fa3c5e2a2f3436e6bfed23,2023-12-21,537.211402,49,26,2555.795306122449,0.6389483469387754,0.5306122448979592,70.0,Greed
0xb1231a4a2dd02f2276fa3c5e2a2f3436e6bfed23,2023-12-22,141.832675,10,2,8887.428,2.2218566,0.2,74.0,Greed
0xb1231a4a2dd02f2276fa3c5e2a2f3436e6bfed23,2023-12-23,146.936704,13,8,6033.711538461538,1.5084273076923078,0.6153846153846154,70.0,Greed
0xb1231a4a2dd02f2276fa3c5e2a2f3436e6bfed23,2023-12-24,1008.619956,39,15,10332.177948717948,2.5830439743589744,0.38461538461538464,71.0,Greed
0xb1231a4a2dd02f2276fa3c5e2a2f3436e6bfed23,2023-12-25,-245.081348,3,0,19982.836666666666,4.995708333333333,0.0,73.0,Greed
0xb1231a4a2dd02f2276fa3c5e2a2f3436e6bfed23,2023-12-27,-704.8892269999999,28,4,6121.823571428571,1.53045525,0.14285714285714285,73.0,Greed
0xb1231a4a2dd02f2276fa3c5e2a2f3436e6bfed23,2023-12-28,-970.730876,23,0,4352.923913043478,1.0882304347826086,0.0,73.0,Greed
0xb1231a4a2dd02f2276fa3c5e2a2f3436e6bfed23,2023-12-29,508.92214299999995,50,15,11391.1944,2.8477980200000004,0.3,65.0,Greed
0xb1231a4a2dd02f2276fa3c5e2a2f3436e6bfed23,2023-12-30,354.998648,52,23,13510.58096153846,3.377644730769231,0.4423076923076923,68.0,Greed
0xb1231a4a2dd02f2276fa3c5e2a2f3436e6bfed23,2024-01-01,-129.53146,18,1,14679.973888888888,3.6699926111111107,0.05555555555555555,65.0,Greed
0xb1231a4a2dd02f2276fa3c5e2a2f3436e6bfed23,2024-01-02,783.979116,17,8,7138.1611764705885,1.7845397647058823,0.47058823529411764,71.0,Greed
0xb1231a4a2dd02f2276fa3c5e2a2f3436e6bfed23,2024-01-03,866.015507,67,28,5888.050149253731,1.4720121044776118,0.417910447761194,70.0,Greed
0xb1231a4a2dd02f2276fa3c5e2a2f3436e6bfed23,2024-01-04,-67.60364,5,0,19958.508,4.989626400000001,0.0,68.0,Greed
0xb1231a4a2dd02f2276fa3c5e2a2f3436e6bfed23,2024-01-05,164.141565,66,13,25817.31303030303,6.4543278636363635,0.19696969696969696,72.0,Greed
0xb1231a4a2dd02f2276fa3c5e2a2f3436e6bfed23,2024-01-06,135.58166400000002,22,10,13569.154545454547,3.3922882727272725,0.45454545454545453,70.0,Greed
0xb1231a4a2dd02f2276fa3c5e2a2f3436e6bfed23,2024-01-07,-835.681235,97,9,10812.887216494846,2.7032212783505156,0.09278350515463918,71.0,Greed
0xb1231a4a2dd02f2276fa3c5e2a2f3436e6bfed23,2024-01-08,-269.874439,128,32,11894.159609375,2.9735395625,0.25,71.0,Greed
0xb1231a4a2dd02f2276fa3c5e2a2f3436e6bfed23,2024-01-09,-826.349863,70,18,12429.313857142857,2.9144704,0.2571428571428571,76.0,Extreme Greed
0xb1231a4a2dd02f2276fa3c5e2a2f3436e6bfed23,2024-01-10,-1517.091342,193,41,10660.515440414507,2.2489371243523317,0.21243523316062177,73.0,Greed
0xb1231a4a2dd02f2276fa3c5e2a2f3436e6bfed23,2024-01-11,-164.08950099999998,19,5,13641.064736842105,3.4102655263157895,0.2631578947368421,76.0,Extreme Greed
0xb1231a4a2dd02f2276fa3c5e2a2f3436e6bfed23,2024-01-12,-1925.519024,7,0,28583.181428571428,7.068675285714285,0.0,71.0,Greed
0xb1231a4a2dd02f2276fa3c5e2a2f3436e6bfed23,2024-01-15,0.0,5,0,10001.248,2.500311,0.0,52.0,Neutral
0xb1231a4a2dd02f2276fa3c5e2a2f3436e6bfed23,2024-01-16,939.6285419999999,3,3,17648.416666666668,4.412104,1.0,64.0,Greed
0xb1231a4a2dd02f2276fa3c5e2a2f3436e6bfed23,2024-01-17,813.2741110000001,53,11,15110.019433962265,3.0133510566037733,0.20754716981132076,60.0,Greed
0xb1231a4a2dd02f2276fa3c5e2a2f3436e6bfed23,2024-01-18,68.93319,46,3,9231.120217391304,2.014302195652174,0.06521739130434782,63.0,Greed
0xb1231a4a2dd02f2276fa3c5e2a2f3436e6bfed23,2024-01-19,-385.215235,39,5,10946.209230769231,2.376549769230769,0.1282051282051282,51.0,Neutral
0xb1231a4a2dd02f2276fa3c5e2a2f3436e6bfed23,2024-01-20,-146.57487000000003,106,15,10095.193490566038,2.5237979528301886,0.14150943396226415,52.0,Neutral
0xb1231a4a2dd02f2276fa3c5e2a2f3436e6bfed23,2024-01-21,266.58114600000005,11,3,9375.43090909091,2.343857272727273,0.2727272727272727,56.0,Greed
0xb1231a4a2dd02f2276fa3c5e2a2f3436e6bfed23,2024-01-22,209.39217099999996,37,9,7671.794864864864,1.7123923783783785,0.24324324324324326,55.0,Greed
0xb1231a4a2dd02f2276fa3c5e2a2f3436e6bfed23,2024-01-23,-369.2447299999998,45,11,9211.531777777778,1.9049904444444445,0.24444444444444444,50.0,Neutral
0xb1231a4a2dd02f2276fa3c5e2a2f3436e6bfed23,2024-01-24,-2808.353815,68,10,14192.42044117647,3.3495749264705883,0.14705882352941177,48.0,Neutral
0xb1231a4a2dd02f2276fa3c5e2a2f3436e6bfed23,2024-01-25,-3093.6293849999997,6,0,11094.355000000001,2.773588666666667,0.0,52.0,Neutral
0xb1231a4a2dd02f2276fa3c5e2a2f3436e6bfed23,2024-01-26,0.0,3,0,839.1366666666667,0.20978366666666667,0.0,49.0,Neutral
0xb1231a4a2dd02f2276fa3c5e2a2f3436e6bfed23,2024-01-29,484.847102,72,44,5724.157222222222,1.431038986111111,0.6111111111111112,55.0,Greed
0xb1231a4a2dd02f2276fa3c5e2a2f3436e6bfed23,2024-01-30,-173.65419100000003,49,5,8183.905714285715,2.045975714285714,0.10204081632653061,61.0,Greed
0xb1231a4a2dd02f2276fa3c5e2a2f3436e6bfed23,2024-01-31,-799.840817,859,231,7340.683504074505,1.8037386204889407,0.2689173457508731,60.0,Greed
0xb1231a4a2dd02f2276fa3c5e2a2f3436e6bfed23,2024-02-01,0.0,6,0,334.69666666666666,0.08367399999999998,0.0,63.0,Greed
0xb1231a4a2dd02f2276fa3c5e2a2f3436e6bfed23,2024-02-02,456.423473,42,13,11292.343571428572,2.1802294285714288,0.30952380952380953,63.0,Greed
0xb1231a4a2dd02f2276fa3c5e2a2f3436e6bfed23,2024-02-03,223.30918699999998,56,6,10782.5,1.9582562321428572,0.10714285714285714,60.0,Greed
0xb1231a4a2dd02f2276fa3c5e2a2f3436e6bfed23,2024-02-04,47.62389499999999,35,9,5805.358,1.4436251428571427,0.2571428571428571,60.0,Greed
0xb1231a4a2dd02f2276fa3c5e2a2f3436e6bfed23,2024-02-05,-33.45419400000003,72,14,10697.198055555556,2.299298125,0.19444444444444445,60.0,Greed
0xb1231a4a2dd02f2276fa3c5e2a2f3436e6bfed23,2024-02-06,-215.615907,1088,179,7396.280707720588,0.9086461369485294,0.1645220588235294,64.0,Greed
0xb1231a4a2dd02f2276fa3c5e2a2f3436e6bfed23,2024-02-07,241.24212,15,2,450.582,0.022646200000000002,0.13333333333333333,62.0,Greed
0xb1231a4a2dd02f2276fa3c5e2a2f3436e6bfed23,2024-02-08,770.756024,10,4,2605.112,0.3002887,0.4,66.0,Greed
0xb1231a4a2dd02f2276fa3c5e2a2f3436e6bfed23,2024-02-11,983.443176,34,7,6244.465294117647,0.7339791764705882,0.20588235294117646,71.0,Greed
0xb1231a4a2dd02f2276fa3c5e2a2f3436e6bfed23,2024-02-12,913.8817869999998,16,6,14202.981249999999,1.6944944375,0.375,70.0,Greed
0xb1231a4a2dd02f2276fa3c5e2a2f3436e6bfed23,2024-02-13,559.44389,14,14,142.85642857142858,-0.0028565714285714284,1.0,79.0,Extreme Greed
0xb1231a4a2dd02f2276fa3c5e2a2f3436e6bfed23,2024-02-14,191.29666400000002,23,4,4465.268695652174,0.5293607826086957,0.17391304347826086,74.0,Greed
0xb1231a4a2dd02f2276fa3c5e2a2f3436e6bfed23,2024-02-15,816.0903969999999,11,8,9886.378181818181,2.4715943636363638,0.7272727272727273,72.0,Greed
0xb1231a4a2dd02f2276fa3c5e2a2f3436e6bfed23,2024-02-16,0.0,12,0,8396.053333333333,2.08213825,0.0,72.0,Greed
0xb1231a4a2dd02f2276fa3c5e2a2f3436e6bfed23,2024-02-17,259.62944200000004,30,7,6791.962666666667,1.6912405,0.23333333333333334,76.0,Extreme Greed
0xb1231a4a2dd02f2276fa3c5e2a2f3436e6bfed23,2024-02-19,-8.05898,6,1,8333.848333333333,2.0834615,0.16666666666666666,75.0,Extreme Greed
0xb1231a4a2dd02f2276fa3c5e2a2f3436e6bfed23,2024-02-20,210.315294,4,4,427.575,0.10689325,1.0,72.0,Greed
0xb1231a4a2dd02f2276fa3c5e2a2f3436e6bfed23,2024-02-21,0.0,1,0,10005.6,2.501399,0.0,78.0,Extreme Greed
0xb1231a4a2dd02f2276fa3c5e2a2f3436e6bfed23,2024-02-22,0.0,2,0,2500.32,0.62508,0.0,74.0,Greed
0xb1231a4a2dd02f2276fa3c5e2a2f3436e6bfed23,2024-02-26,0.0,2,0,249.98499999999999,-0.004999,0.0,72.0,Greed
0xb1231a4a2dd02f2276fa3c5e2a2f3436e6bfed23,2024-02-27,576.38114,8,7,322.04,0.046760625,0.875,79.0,Extreme Greed
0xb1231a4a2dd02f2276fa3c5e2a2f3436e6bfed23,2024-02-29,1320.804256,7,3,3546.727142857143,0.8866812857142856,0.42857142857142855,80.0,Extreme Greed
0xb1231a4a2dd02f2276fa3c5e2a2f3436e6bfed23,2024-03-02,-1443.814567,7,0,420.5385714285714,0.10513385714285714,0.0,80.0,Extreme Greed
0xb1231a4a2dd02f2276fa3c5e2a2f3436e6bfed23,2024-03-04,1026.004099,13,13,290.5161538461538,0.07262846153846153,1.0,82.0,Extreme Greed
0xb1231a4a2dd02f2276fa3c5e2a2f3436e6bfed23,2024-03-15,388.830831,19,8,3995.254210526316,1.3983382631578947,0.42105263157894735,83.0,Extreme Greed
0xb1231a4a2dd02f2276fa3c5e2a2f3436e6bfed23,2024-03-16,0.0,2,0,5000.0,0.4999995,0.0,81.0,Extreme Greed
0xb1231a4a2dd02f2276fa3c5e2a2f3436e6bfed23,2024-03-17,0.0,2,0,3751.305,1.3129564999999999,0.0,79.0,Extreme Greed
0xb1231a4a2dd02f2276fa3c5e2a2f3436e6bfed23,2024-03-18,212.3193,1,1,5214.47,1.825065,1.0,77.0,Extreme Greed
0xb1231a4a2dd02f2276fa3c5e2a2f3436e6bfed23,2024-03-19,-174.00152,10,0,2982.842,0.5439754,0.0,79.0,Extreme Greed
0xb1231a4a2dd02f2276fa3c5e2a2f3436e6bfed23,2024-03-20,3829.986976,10,4,7134.341,2.3095237,0.4,74.0,Greed
0xb1231a4a2dd02f2276fa3c5e2a2f3436e6bfed23,2024-03-21,238.326075,4,1,2560.8025000000002,0.89628,0.25,78.0,Extreme Greed
0xb1231a4a2dd02f2276fa3c5e2a2f3436e6bfed23,2024-04-02,0.0,4,0,3749.9725,0.37499625000000003,0.0,79.0,Extreme Greed
0xb1231a4a2dd02f2276fa3c5e2a2f3436e6bfed23,2024-04-03,0.0,2,0,4999.83,0.4999825,0.0,71.0,Greed
0xb1231a4a2dd02f2276fa3c5e2a2f3436e6bfed23,2024-04-05,965.5522159999999,8,8,3245.635,1.1359721249999999,1.0,79.0,Extreme Greed
0xb1231a4a2dd02f2276fa3c5e2a2f3436e6bfed23,2024-04-12,-2830.444513,15,0,2021.84,0.7076438666666667,0.0,79.0,Extreme Greed
0xb1231a4a2dd02f2276fa3c5e2a2f3436e6bfed23,2024-04-26,0.0,3,0,1662.7633333333335,0.581966,0.0,70.0,Greed
0xb1231a4a2dd02f2276fa3c5e2a2f3436e6bfed23,2024-04-28,0.0,50,0,339.7238,0.11890304,0.0,65.0,Greed
0xb1231a4a2dd02f2276fa3c5e2a2f3436e6bfed23,2024-04-29,0.0,14,0,301.70142857142855,0.10559492857142858,0.0,67.0,Greed
0xb1231a4a2dd02f2276fa3c5e2a2f3436e6bfed23,2024-05-03,0.0,6,0,829.8083333333334,0.29043233333333335,0.0,48.0,Neutral
0xb1231a4a2dd02f2276fa3c5e2a2f3436e6bfed23,2024-05-04,0.0,3,0,1666.47,0.583264,0.0,67.0,Greed
0xb1231a4a2dd02f2276fa3c5e2a2f3436e6bfed23,2024-05-07,227.320653,7,2,1395.532857142857,0.48843600000000004,0.2857142857142857,68.0,Greed
0xb1231a4a2dd02f2276fa3c5e2a2f3436e6bfed23,2024-05-09,0.0,3,0,1658.5133333333333,0.5804793333333333,0.0,55.0,Greed
0xb1231a4a2dd02f2276fa3c5e2a2f3436e6bfed23,2024-05-12,0.0,13,0,782.6861538461538,0.273939,0.0,56.0,Greed
0xb1231a4a2dd02f2276fa3c5e2a2f3436e6bfed23,2024-05-13,0.0,3,0,1658.2700000000002,0.5803943333333333,0.0,57.0,Greed
0xb1231a4a2dd02f2276fa3c5e2a2f3436e6bfed23,2024-05-16,0.0,3,0,1280.0233333333333,0.44800833333333334,0.0,70.0,Greed
0xb1231a4a2dd02f2276fa3c5e2a2f3436e6bfed23,2024-05-20,-74.818442,3,0,1707.1166666666668,0.5974906666666667,0.0,70.0,Greed
0xb1231a4a2dd02f2276fa3c5e2a2f3436e6bfed23,2024-05-21,1272.088356,72,7,8594.73125,3.0081553194444446,0.09722222222222222,76.0,Extreme Greed
0xb1231a4a2dd02f2276fa3c5e2a2f3436e6bfed23,2024-05-23,0.0,19,0,3896.7610526315784,1.363865894736842,0.0,76.0,Extreme Greed
0xb1231a4a2dd02f2276fa3c5e2a2f3436e6bfed23,2024-05-24,821.949278,2,2,25405.949999999997,8.8920825,1.0,74.0,Greed
0xb1231a4a2dd02f2276fa3c5e2a2f3436e6bfed23,2024-05-25,0.0,2,0,12503.574999999999,4.3762505,0.0,76.0,Extreme Greed
0xb1231a4a2dd02f2276fa3c5e2a2f3436e6bfed23,2024-05-26,773.4582,9,2,5640.383333333334,1.9741338888888889,0.2222222222222222,75.0,Extreme Greed
0xb1231a4a2dd02f2276fa3c5e2a2f3436e6bfed23,2024-06-07,0.0,14,0,77.5807142857143,0.014567142857142858,0.0,77.0,Extreme Greed
0xb1231a4a2dd02f2276fa3c5e2a2f3436e6bfed23,2024-06-09,0.0,12,0,117.52166666666666,0.013815833333333333,0.0,75.0,Extreme Greed
0xb1231a4a2dd02f2276fa3c5e2a2f3436e6bfed23,2024-06-11,4269.550668,75,8,1046.24,0.35658762666666666,0.10666666666666667,74.0,Greed
0xb1231a4a2dd02f2276fa3c5e2a2f3436e6bfed23,2024-06-12,0.0,37,0,41.1072972972973,0.006178108108108107,0.0,72.0,Greed
0xb1231a4a2dd02f2276fa3c5e2a2f3436e6bfed23,2024-06-13,6634.160155,78,19,1699.554487179487,0.4281503846153846,0.24358974358974358,70.0,Greed
0xb1231a4a2dd02f2276fa3c5e2a2f3436e6bfed23,2024-06-14,10258.592609,15,15,2791.98,0.3105304666666667,1.0,74.0,Greed
0xb1231a4a2dd02f2276fa3c5e2a2f3436e6bfed23,2024-06-15,1285.5244400000001,40,9,3156.3154999999997,1.10470975,0.225,74.0,Greed
0xb1231a4a2dd02f2276fa3c5e2a2f3436e6bfed23,2024-06-16,0.0,11,0,2294.0981818181817,0.8029342727272727,0.0,71.0,Greed
0xb1231a4a2dd02f2276fa3c5e2a2f3436e6bfed23,2024-06-17,9330.743339,24,21,4828.689166666667,1.690040625,0.875,71.0,Greed
0xb1231a4a2dd02f2276fa3c5e2a2f3436e6bfed23,2024-06-18,282.57636,18,4,11128.698333333334,2.5061600555555557,0.2222222222222222,74.0,Greed
0xb1231a4a2dd02f2276fa3c5e2a2f3436e6bfed23,2024-06-19,2833.6833,41,14,4971.736829268292,1.5876688780487807,0.34146341463414637,64.0,Greed
0xb1231a4a2dd02f2276fa3c5e2a2f3436e6bfed23,2024-06-20,0.0,27,0,314.2848148148148,0.10999914814814814,0.0,60.0,Greed
0xb1231a4a2dd02f2276fa3c5e2a2f3436e6bfed23,2024-06-21,0.0,69,0,1478.9595652173912,0.5116145507246377,0.0,63.0,Greed
0xb1231a4a2dd02f2276fa3c5e2a2f3436e6bfed23,2024-06-22,756.876565,21,8,7218.764761904762,1.6301576190476192,0.38095238095238093,53.0,Neutral
0xb1231a4a2dd02f2276fa3c5e2a2f3436e6bfed23,2024-06-23,0.0,5,0,358.424,0.035842399999999996,0.0,55.0,Greed
0xb1231a4a2dd02f2276fa3c5e2a2f3436e6bfed23,2024-06-24,0.0,10,0,15099.543,1.5348434,0.0,51.0,Neutral
0xb1231a4a2dd02f2276fa3c5e2a2f3436e6bfed23,2024-06-25,4869.353105,49,11,2104.062857142857,0.7364214489795918,0.22448979591836735,30.0,Fear
0xb1231a4a2dd02f2276fa3c5e2a2f3436e6bfed23,2024-06-26,0.0,41,0,24.288292682926826,0.002100487804878049,0.0,46.0,Neutral
0xb1231a4a2dd02f2276fa3c5e2a2f3436e6bfed23,2024-06-27,0.0,18,0,583.1594444444444,0.19774911111111113,0.0,40.0,Fear
0xb1231a4a2dd02f2276fa3c5e2a2f3436e6bfed23,2024-06-29,4307.587820000001,58,11,975.2437931034483,6.587231068965517,0.1896551724137931,30.0,Fear
0xb1231a4a2dd02f2276fa3c5e2a2f3436e6bfed23,2024-06-30,0.0,11,0,47.401818181818186,0.596174909090909,0.0,47.0,Neutral
0xb1231a4a2dd02f2276fa3c5e2a2f3436e6bfed23,2024-07-01,3863.351096,51,17,5205.286274509804,7.6726046078431365,0.3333333333333333,53.0,Neutral
0xb1231a4a2dd02f2276fa3c5e2a2f3436e6bfed23,2024-07-02,2421.253116,18,13,1852.6372222222224,0.6365961111111111,0.7222222222222222,51.0,Neutral
0xb1231a4a2dd02f2276fa3c5e2a2f3436e6bfed23,2024-07-03,0.0,8,0,9465.0725,3.2838325,0.0,50.0,Neutral
0xb1231a4a2dd02f2276fa3c5e2a2f3436e6bfed23,2024-07-04,0.0,11,0,15958.708181818183,2.160625272727273,0.0,44.0,Fear
0xb1231a4a2dd02f2276fa3c5e2a2f3436e6bfed23,2024-07-05,0.0,12,0,165.92916666666667,0.043847500000000005,0.0,29.0,Fear
0xb1231a4a2dd02f2276fa3c5e2a2f3436e6bfed23,2024-07-06,108.87217799999999,24,7,103.75708333333334,14.34809,0.2916666666666667,26.0,Fear
0xb1231a4a2dd02f2276fa3c5e2a2f3436e6bfed23,2024-07-07,61.428942,10,10,49.875,0.004987500000000001,1.0,29.0,Fear
0xb1231a4a2dd02f2276fa3c5e2a2f3436e6bfed23,2024-07-08,0.0,1,0,497.64,0.0156,0.0,28.0,Fear
0xb1231a4a2dd02f2276fa3c5e2a2f3436e6bfed23,2024-07-09,648.984412,15,15,182.42999999999998,0.026504533333333337,1.0,27.0,Fear
0xb1231a4a2dd02f2276fa3c5e2a2f3436e6bfed23,2024-07-10,382.10788099999996,13,5,1229.4692307692308,0.43031361538461543,0.38461538461538464,28.0,Fear
0xb1231a4a2dd02f2276fa3c5e2a2f3436e6bfed23,2024-07-12,1412.314654,9,9,1508.48,0.5279672222222223,1.0,25.0,Fear
0xb1231a4a2dd02f2276fa3c5e2a2f3436e6bfed23,2024-07-13,234.778463,4,4,124.795,0.04367875,1.0,25.0,Fear
0xb1231a4a2dd02f2276fa3c5e2a2f3436e6bfed23,2024-07-17,0.0,7,0,1427.2385714285715,0.49953300000000006,0.0,69.0,Greed
0xb1231a4a2dd02f2276fa3c5e2a2f3436e6bfed23,2024-07-24,0.0,35,0,170.22400000000002,0.9587365714285714,0.0,69.0,Greed
0xb1231a4a2dd02f2276fa3c5e2a2f3436e6bfed23,2024-07-25,916.7382600000001,12,10,764.4941666666667,3.5335657499999997,0.8333333333333334,68.0,Greed
0xb1231a4a2dd02f2276fa3c5e2a2f3436e6bfed23,2024-07-26,2425.262989,30,29,8415.887666666667,3.6392818333333334,0.9666666666666667,68.0,Greed
0xb1231a4a2dd02f2276fa3c5e2a2f3436e6bfed23,2024-07-29,112.946925,24,11,12510.05625,4.37851925,0.4583333333333333,74.0,Greed
0xb1231a4a2dd02f2276fa3c5e2a2f3436e6bfed23,2024-08-01,0.0,9,0,3896.047777777778,4.5163096666666664,0.0,52.0,Neutral
0xb1231a4a2dd02f2276fa3c5e2a2f3436e6bfed23,2024-08-02,554.12049,12,5,5882.177500000001,2.626127416666667,0.4166666666666667,57.0,Greed
0xb1231a4a2dd02f2276fa3c5e2a2f3436e6bfed23,2024-08-03,0.0,6,0,4168.69,2.620181,0.0,37.0,Fear
0xb1231a4a2dd02f2276fa3c5e2a2f3436e6bfed23,2024-08-04,0.0,27,0,5002.563703703704,2.5632864814814815,0.0,34.0,Fear
0xb1231a4a2dd02f2276fa3c5e2a2f3436e6bfed23,2024-08-05,-8394.889856,44,26,3331.070909090909,1.7562560454545455,0.5909090909090909,26.0,Fear
0xb1231a4a2dd02f2276fa3c5e2a2f3436e6bfed23,2024-08-06,51.56325,80,5,758.8422499999999,0.7716459999999999,0.0625,17.0,Extreme Fear
0xb1231a4a2dd02f2276fa3c5e2a2f3436e6bfed23,2024-08-07,188.789255,21,10,94.89190476190477,0.168502,0.47619047619047616,29.0,Fear
0xb1231a4a2dd02f2276fa3c5e2a2f3436e6bfed23,2024-08-08,0.0,5,0,3168.014,1.29745,0.0,20.0,Extreme Fear
0xb1231a4a2dd02f2276fa3c5e2a2f3436e6bfed23,2024-08-09,6783.078347,60,17,5447.171666666666,2.060283086833333,0.2833333333333333,48.0,Neutral
0xb1231a4a2dd02f2276fa3c5e2a2f3436e6bfed23,2024-08-10,0.0,87,0,130.32885057471265,0.5756688264367816,0.0,40.0,Fear
0xb1231a4a2dd02f2276fa3c5e2a2f3436e6bfed23,2024-08-11,0.0,16,0,211.8975,1.66483375,0.0,39.0,Fear
0xb1231a4a2dd02f2276fa3c5e2a2f3436e6bfed23,2024-08-12,0.0,31,0,323.4293548387097,0.6652503548387096,0.0,25.0,Fear
0xb1231a4a2dd02f2276fa3c5e2a2f3436e6bfed23,2024-08-13,212.08102,17,8,488.06470588235294,0.7975201764705883,0.47058823529411764,31.0,Fear
0xb1231a4a2dd02f2276fa3c5e2a2f3436e6bfed23,2024-08-14,0.0,15,0,136.21066666666667,1.5906593333333334,0.0,30.0,Fear
0xb1231a4a2dd02f2276fa3c5e2a2f3436e6bfed23,2024-08-15,0.0,12,0,126.86416666666668,1.3752175,0.0,29.0,Fear
0xb1231a4a2dd02f2276fa3c5e2a2f3436e6bfed23,2024-08-16,825.230544,33,3,4663.112424242424,2.3276634848484847,0.09090909090909091,27.0,Fear
0xb1231a4a2dd02f2276fa3c5e2a2f3436e6bfed23,2024-08-19,339.69958299999996,8,5,12539.37875,4.38878225,0.625,28.0,Fear
0xb1231a4a2dd02f2276fa3c5e2a2f3436e6bfed23,2024-08-24,0.0,5,0,3999.9199999999996,1.3999714,0.0,56.0,Greed
0xb1231a4a2dd02f2276fa3c5e2a2f3436e6bfed23,2024-08-25,0.0,13,0,534.9192307692308,1.6196066153846154,0.0,54.0,Neutral
0xb1231a4a2dd02f2276fa3c5e2a2f3436e6bfed23,2024-08-26,0.0,1,0,347.75,0.0107,0.0,55.0,Greed
0xb1231a4a2dd02f2276fa3c5e2a2f3436e6bfed23,2024-08-27,0.0,43,0,121.97604651162791,0.6814358139534883,0.0,48.0,Neutral
0xb1231a4a2dd02f2276fa3c5e2a2f3436e6bfed23,2024-08-28,1333.359645,2,2,11832.755000000001,4.141464,1.0,30.0,Fear
0xb1231a4a2dd02f2276fa3c5e2a2f3436e6bfed23,2024-08-29,0.0,1,0,9995.85,3.498547,0.0,29.0,Fear
0xb1231a4a2dd02f2276fa3c5e2a2f3436e6bfed23,2024-08-30,256.464,1,1,9739.38,3.408784,1.0,34.0,Fear
0xb1231a4a2dd02f2276fa3c5e2a2f3436e6bfed23,2024-08-31,0.0,9,0,11111.126666666667,3.888894222222222,0.0,29.0,Fear
0xb1231a4a2dd02f2276fa3c5e2a2f3436e6bfed23,2024-09-04,1065.785132,33,5,2923.5148484848487,1.5551056060606059,0.15151515151515152,27.0,Fear
0xb1231a4a2dd02f2276fa3c5e2a2f3436e6bfed23,2024-09-06,-1104.856765,38,0,106.74815789473683,0.03736163157894737,0.0,22.0,Extreme Fear
0xb1231a4a2dd02f2276fa3c5e2a2f3436e6bfed23,2024-09-09,0.0,2,0,2007.2150000000001,17.45395,0.0,26.0,Fear
0xb1231a4a2dd02f2276fa3c5e2a2f3436e6bfed23,2024-09-10,0.0,1,0,766.74,6.66721,0.0,33.0,Fear
0xb1231a4a2dd02f2276fa3c5e2a2f3436e6bfed23,2024-09-14,0.0,10,0,101.415,3.038133,0.0,50.0,Neutral
0xb1231a4a2dd02f2276fa3c5e2a2f3436e6bfed23,2024-09-18,-878.684794,145,0,94.02413793103449,0.2188478827586207,0.0,45.0,Neutral
0xb1231a4a2dd02f2276fa3c5e2a2f3436e6bfed23,2024-09-19,0.0,19,0,80.09842105263158,1.5056663157894736,0.0,49.0,Neutral
0xb1231a4a2dd02f2276fa3c5e2a2f3436e6bfed23,2024-09-24,0.0,9,0,111.67333333333335,1.375471111111111,0.0,54.0,Neutral
0xb1231a4a2dd02f2276fa3c5e2a2f3436e6bfed23,2024-10-04,0.0,1,0,0.34,0.0,0.0,41.0,Fear
0xb1231a4a2dd02f2276fa3c5e2a2f3436e6bfed23,2024-10-08,0.0,1,0,0.58,0.0,0.0,49.0,Neutral
0xb1231a4a2dd02f2276fa3c5e2a2f3436e6bfed23,2024-12-04,274999.139393,44,44,6249.985227272727,0.6249982045454545,1.0,78.0,Extreme Greed
0xb1231a4a2dd02f2276fa3c5e2a2f3436e6bfed23,2024-12-05,49999.876084999996,4,4,12499.98,1.24999725,1.0,84.0,Extreme Greed
0xb1231a4a2dd02f2276fa3c5e2a2f3436e6bfed23,2024-12-06,74999.848329,25,25,2999.9956,0.29999924,1.0,72.0,Greed
0xb1231a4a2dd02f2276fa3c5e2a2f3436e6bfed23,2024-12-07,74999.62263,5,3,15999.469999999998,1.8498297999999997,0.6,75.0,Extreme Greed
0xb1231a4a2dd02f2276fa3c5e2a2f3436e6bfed23,2024-12-08,0.0,145,0,3572.0706206896552,1.2243668896551725,0.0,79.0,Extreme Greed
0xb1231a4a2dd02f2276fa3c5e2a2f3436e6bfed23,2024-12-11,274998.942584,156,156,1762.8148717948718,0.17628107692307693,1.0,74.0,Greed
0xb1231a4a2dd02f2276fa3c5e2a2f3436e6bfed23,2024-12-12,449328.107544,314,314,1430.9824522292993,0.26199038853503187,1.0,83.0,Extreme Greed
0xb1231a4a2dd02f2276fa3c5e2a2f3436e6bfed23,2024-12-14,100273.248286,50,50,2005.4666,0.70191258,1.0,83.0,Extreme Greed
0xb1231a4a2dd02f2276fa3c5e2a2f3436e6bfed23,2024-12-15,49955.768945,26,26,1921.375769230769,0.6724814615384616,1.0,80.0,Extreme Greed
0xb1231a4a2dd02f2276fa3c5e2a2f3436e6bfed23,2024-12-17,50346.757308,38,30,2640.7076315789473,0.5953002368421053,0.7894736842105263,87.0,Extreme Greed
0xb1231a4a2dd02f2276fa3c5e2a2f3436e6bfed23,2024-12-18,2222.47801,18,18,2654.303888888889,0.9290058888888889,1.0,81.0,Extreme Greed
0xb1231a4a2dd02f2276fa3c5e2a2f3436e6bfed23,2024-12-20,0.0,43,0,2321.7200000000003,0.8126014186046512,0.0,74.0,Greed
0xb1231a4a2dd02f2276fa3c5e2a2f3436e6bfed23,2024-12-21,0.0,62,0,1608.8398387096772,0.5630932741935484,0.0,73.0,Greed
0xb1231a4a2dd02f2276fa3c5e2a2f3436e6bfed23,2024-12-23,20549.813184,63,44,3635.03126984127,1.173054761904762,0.6984126984126984,70.0,Greed
0xb1231a4a2dd02f2276fa3c5e2a2f3436e6bfed23,2024-12-24,0.0,7,0,10714.267142857143,1.0714264285714286,0.0,73.0,Greed
0xb1231a4a2dd02f2276fa3c5e2a2f3436e6bfed23,2024-12-26,10371.049075,61,61,1878.7534426229506,0.6575632950819672,1.0,79.0,Extreme Greed
0xb1231a4a2dd02f2276fa3c5e2a2f3436e6bfed23,2024-12-30,0.0,25,0,3301.7203999999997,1.15560192,0.0,65.0,Greed
0xb1231a4a2dd02f2276fa3c5e2a2f3436e6bfed23,2025-01-02,0.0,6,0,1666.6133333333335,0.54774,0.0,70.0,Greed
0xb1231a4a2dd02f2276fa3c5e2a2f3436e6bfed23,2025-01-03,0.0,18,0,557.795,0.7197261111111111,0.0,74.0,Greed
0xb1231a4a2dd02f2276fa3c5e2a2f3436e6bfed23,2025-01-04,1659.7995640000001,19,13,1695.0778947368422,1.0881859473684212,0.6842105263157895,73.0,Greed
0xb1231a4a2dd02f2276fa3c5e2a2f3436e6bfed23,2025-01-05,956.5545050000001,33,32,332.21393939393937,0.11627245454545455,0.9696969696969697,72.0,Greed
0xb1231a4a2dd02f2276fa3c5e2a2f3436e6bfed23,2025-01-06,281.45074800000003,85,28,237.78799999999998,0.1946501529411765,0.32941176470588235,76.0,Extreme Greed
0xb1231a4a2dd02f2276fa3c5e2a2f3436e6bfed23,2025-01-08,0.0,16,0,944.90625,1.334693125,0.0,70.0,Greed
0xb1231a4a2dd02f2276fa3c5e2a2f3436e6bfed23,2025-01-15,5383.278555,11,11,491.1363636363636,0.17189727272727273,1.0,70.0,Greed
0xb1231a4a2dd02f2276fa3c5e2a2f3436e6bfed23,2025-01-16,897.284184,23,11,1393.2204347826087,1.2489304347826087,0.4782608695652174,75.0,Extreme Greed
0xb1231a4a2dd02f2276fa3c5e2a2f3436e6bfed23,2025-01-18,7393.785411,101,39,1905.1814851485146,0.6668130594059406,0.38613861386138615,77.0,Extreme Greed
0xb1231a4a2dd02f2276fa3c5e2a2f3436e6bfed23,2025-01-19,3867.854339,3,3,6311.63,2.20907,1.0,77.0,Extreme Greed
0xb1231a4a2dd02f2276fa3c5e2a2f3436e6bfed23,2025-01-20,0.0,23,0,1310.68,2.337457391304348,0.0,76.0,Extreme Greed
0xb1231a4a2dd02f2276fa3c5e2a2f3436e6bfed23,2025-01-21,2997.363771,52,22,1598.0225,0.559306423076923,0.4230769230769231,76.0,Extreme Greed
0xb1231a4a2dd02f2276fa3c5e2a2f3436e6bfed23,2025-01-22,0.0,111,0,1799.2789189189189,0.6297470810810811,0.0,84.0,Extreme Greed
0xb1231a4a2dd02f2276fa3c5e2a2f3436e6bfed23,2025-01-23,25224.994585,90,90,2493.861,0.8728508333333332,1.0,75.0,Extreme Greed
0xb1231a4a2dd02f2276fa3c5e2a2f3436e6bfed23,2025-01-25,0.0,15,0,1004.8726666666666,1.7285946666666665,0.0,75.0,Extreme Greed
0xb1231a4a2dd02f2276fa3c5e2a2f3436e6bfed23,2025-01-27,0.0,13,0,3464.2846153846153,3.485283846153846,0.0,71.0,Greed
0xb1231a4a2dd02f2276fa3c5e2a2f3436e6bfed23,2025-01-29,0.0,40,0,305.256,0.0281960135,0.0,72.0,Greed
0xb1231a4a2dd02f2276fa3c5e2a2f3436e6bfed23,2025-01-30,2503.8204370000003,336,3,1614.6436011904761,0.5651248928571428,0.008928571428571428,70.0,Greed
0xb1231a4a2dd02f2276fa3c5e2a2f3436e6bfed23,2025-01-31,0.0,58,0,1723.3093103448277,0.49539975862068963,0.0,76.0,Extreme Greed
0xb1231a4a2dd02f2276fa3c5e2a2f3436e6bfed23,2025-02-01,15452.344326,11,3,1400.39,1.2259170909090908,0.2727272727272727,68.0,Greed
0xb1231a4a2dd02f2276fa3c5e2a2f3436e6bfed23,2025-02-02,69051.70619,88,71,6537.665,1.2211786555681818,0.8068181818181818,60.0,Greed
0xb1231a4a2dd02f2276fa3c5e2a2f3436e6bfed23,2025-02-03,46742.288748,258,89,1333.0556976744185,0.5930243141472868,0.3449612403100775,44.0,Fear
0xb1231a4a2dd02f2276fa3c5e2a2f3436e6bfed23,2025-02-04,16102.444634,661,238,2456.432904689864,0.7305292481089259,0.3600605143721634,72.0,Greed
0xb1231a4a2dd02f2276fa3c5e2a2f3436e6bfed23,2025-02-05,14644.100674,218,92,2359.758899082569,0.5583335321100917,0.42201834862385323,54.0,Neutral
0xb1231a4a2dd02f2276fa3c5e2a2f3436e6bfed23,2025-02-06,51100.947505,419,355,1617.0732696897373,0.5460868210023867,0.847255369928401,49.0,Neutral
0xb1231a4a2dd02f2276fa3c5e2a2f3436e6bfed23,2025-02-07,1831.9529619999998,143,48,1073.4656643356643,0.578022140979021,0.3356643356643357,44.0,Fear
0xb1231a4a2dd02f2276fa3c5e2a2f3436e6bfed23,2025-02-09,115791.92916,67,12,2647.2844776119405,1.2774048486567164,0.1791044776119403,46.0,Neutral
0xb1231a4a2dd02f2276fa3c5e2a2f3436e6bfed23,2025-02-10,0.0,17,0,1960.124705882353,0.6860431176470588,0.0,43.0,Fear
0xb1231a4a2dd02f2276fa3c5e2a2f3436e6bfed23,2025-02-11,0.0,121,0,2285.4152892561983,0.7998950495867768,0.0,47.0,Neutral
0xb1231a4a2dd02f2276fa3c5e2a2f3436e6bfed23,2025-02-12,8664.933786,243,76,1698.3335802469135,0.6394525925925926,0.31275720164609055,46.0,Neutral
0xb1231a4a2dd02f2276fa3c5e2a2f3436e6bfed23,2025-02-13,0.0,168,0,1735.2890476190476,0.42138145833333335,0.0,50.0,Neutral
0xb1231a4a2dd02f2276fa3c5e2a2f3436e6bfed23,2025-02-14,0.0,165,0,1615.370303030303,0.2825928848484848,0.0,48.0,Neutral
0xb1231a4a2dd02f2276fa3c5e2a2f3436e6bfed23,2025-02-18,73677.453556,264,264,2654.748446969697,0.6450710454545454,1.0,47.0,Neutral
0xb1231a4a2dd02f2276fa3c5e2a2f3436e6bfed23,2025-02-19,3350.218775,85,26,2310.5601176470586,0.8086953529411764,0.3058823529411765,44.0,Fear
0xb1231a4a2dd02f2276fa3c5e2a2f3436e6bfed23,2025-02-20,0.0,279,0,1452.1574910394265,0.43798288093189963,0.0,49.0,Neutral
0xb1231a4a2dd02f2276fa3c5e2a2f3436e6bfed23,2025-02-21,3056.449155,58,31,4768.487241379311,1.2379099827586206,0.5344827586206896,55.0,Greed
0xb1231a4a2dd02f2276fa3c5e2a2f3436e6bfed23,2025-02-22,5628.488702,127,93,1574.8144094488189,0.5511846614173228,0.7322834645669292,49.0,Neutral
0xb1231a4a2dd02f2276fa3c5e2a2f3436e6bfed23,2025-02-23,8934.09502,88,88,2278.3786363636364,0.7974318636363636,1.0,50.0,Neutral
0xb1231a4a2dd02f2276fa3c5e2a2f3436e6bfed23,2025-02-24,10841.97075,208,126,1111.8584134615385,0.539389375625,0.6057692307692307,49.0,Neutral
0xb1231a4a2dd02f2276fa3c5e2a2f3436e6bfed23,2025-02-25,0.0,71,0,1418.0078873239436,3.9305355856338027,0.0,25.0,Fear
0xb1231a4a2dd02f2276fa3c5e2a2f3436e6bfed23,2025-02-26,0.0,26,0,66.875,0.02799938230769231,0.0,21.0,Extreme Fear
0xb1231a4a2dd02f2276fa3c5e2a2f3436e6bfed23,2025-02-27,0.0,10,0,1508.357,5.62519,0.0,10.0,Extreme Fear
0xb1231a4a2dd02f2276fa3c5e2a2f3436e6bfed23,2025-03-04,0.0,77,0,1769.9948051948052,1.1633176233766234,0.0,15.0,Extreme Fear
0xb1231a4a2dd02f2276fa3c5e2a2f3436e6bfed23,2025-03-05,4647.056049,89,57,2021.519213483146,0.7075312696629213,0.6404494382022472,20.0,Extreme Fear
0xb1231a4a2dd02f2276fa3c5e2a2f3436e6bfed23,2025-03-06,698.036952,66,29,1905.741818181818,0.6670092121212121,0.4393939393939394,25.0,Fear
0xb1231a4a2dd02f2276fa3c5e2a2f3436e6bfed23,2025-03-07,0.0,49,0,2891.8463265306123,0.6294929591836734,0.0,34.0,Fear
0xb1231a4a2dd02f2276fa3c5e2a2f3436e6bfed23,2025-03-08,2923.553302,138,117,1772.4605797101449,0.6203607101449276,0.8478260869565217,28.0,Fear
0xb1231a4a2dd02f2276fa3c5e2a2f3436e6bfed23,2025-03-09,2752.480766,296,90,1777.5894594594595,0.38989279054054055,0.30405405405405406,27.0,Fear
0xb1231a4a2dd02f2276fa3c5e2a2f3436e6bfed23,2025-03-10,0.0,61,0,2392.7903278688523,1.5153687868852461,0.0,20.0,Extreme Fear
0xb1231a4a2dd02f2276fa3c5e2a2f3436e6bfed23,2025-03-11,2349.7162,273,130,1993.2828205128203,0.6289672051282051,0.47619047619047616,24.0,Extreme Fear
0xb1231a4a2dd02f2276fa3c5e2a2f3436e6bfed23,2025-03-12,1215.156099,334,34,1351.2349101796408,0.24838116167664673,0.10179640718562874,34.0,Fear
0xb1231a4a2dd02f2276fa3c5e2a2f3436e6bfed23,2025-03-13,0.0,42,0,1190.9719047619049,0.41683952380952377,0.0,45.0,Neutral
0xb1231a4a2dd02f2276fa3c5e2a2f3436e6bfed23,2025-03-14,22911.093812,323,323,1309.496439628483,0.4583232786377709,1.0,27.0,Fear
0xb1231a4a2dd02f2276fa3c5e2a2f3436e6bfed23,2025-03-17,646.346496,113,30,718.1312389380531,0.22146862814159293,0.26548672566371684,32.0,Fear
0xb1231a4a2dd02f2276fa3c5e2a2f3436e6bfed23,2025-03-20,824.5402799999999,30,10,1638.5426666666667,0.5734893666666667,0.3333333333333333,49.0,Neutral
0xb1231a4a2dd02f2276fa3c5e2a2f3436e6bfed23,2025-03-24,0.0,57,0,1314.4001754385965,0.46003950877192984,0.0,45.0,Neutral
0xb1231a4a2dd02f2276fa3c5e2a2f3436e6bfed23,2025-03-26,2597.947325,38,38,1903.2236842105262,0.6661278157894737,1.0,47.0,Neutral
0xb1231a4a2dd02f2276fa3c5e2a2f3436e6bfed23,2025-04-03,0.0,9,0,5555.549999999999,0.5555547777777777,0.0,25.0,Fear
0xb1231a4a2dd02f2276fa3c5e2a2f3436e6bfed23,2025-04-04,2242.086667,99,65,1138.8816161616162,0.39860820202020203,0.6565656565656566,28.0,Fear
0xb1231a4a2dd02f2276fa3c5e2a2f3436e6bfed23,2025-04-07,3601.4274,80,38,1713.7372500000001,0.5998074625,0.475,23.0,Extreme Fear
0xb1231a4a2dd02f2276fa3c5e2a2f3436e6bfed23,2025-04-11,0.0,20,0,1665.941,0.5830789000000001,0.0,25.0,Fear
0xb1231a4a2dd02f2276fa3c5e2a2f3436e6bfed23,2025-04-12,0.0,17,0,3918.2294117647057,1.3713800588235294,0.0,43.0,Fear
0xb1231a4a2dd02f2276fa3c5e2a2f3436e6bfed23,2025-04-13,0.0,30,0,1111.095,0.1111091,0.0,45.0,Neutral
0xb1231a4a2dd02f2276fa3c5e2a2f3436e6bfed23,2025-04-15,0.0,50,0,1466.164,0.51315686,0.0,38.0,Fear
0xb1231a4a2dd02f2276fa3c5e2a2f3436e6bfed23,2025-04-17,0.0,105,0,1174.1429523809522,0.41094960952380954,0.0,30.0,Fear
0xb1231a4a2dd02f2276fa3c5e2a2f3436e6bfed23,2025-04-18,0.0,50,0,1165.7812,0.40802284,0.0,33.0,Fear
0xb1231a4a2dd02f2276fa3c5e2a2f3436e6bfed23,2025-04-19,0.0,98,0,1444.9214285714284,0.42068913265306124,0.0,32.0,Fear
0xb1231a4a2dd02f2276fa3c5e2a2f3436e6bfed23,2025-04-20,0.0,73,0,1140.8187671232877,0.399286,0.0,37.0,Fear
0xb1231a4a2dd02f2276fa3c5e2a2f3436e6bfed23,2025-04-22,0.0,73,0,1461.1758904109588,0.3972574931506849,0.0,47.0,Neutral
0xb1231a4a2dd02f2276fa3c5e2a2f3436e6bfed23,2025-04-23,0.0,6,0,9722.050000000001,2.013844,0.0,72.0,Greed
0xb1231a4a2dd02f2276fa3c5e2a2f3436e6bfed23,2025-05-01,102460.17164,73,57,3462.1106849315065,0.8977101780821918,0.7808219178082192,53.0,Neutral
0xb899e522b5715391ae1d4f137653e7906c5e2115,2025-02-28,-72.202951,7,0,735.4342857142857,0.2574017142857143,0.0,16.0,Extreme Fear
0xb899e522b5715391ae1d4f137653e7906c5e2115,2025-03-02,34795.678173,155,75,24787.07348387097,7.494878683870969,0.4838709677419355,26.0,Fear
0xb899e522b5715391ae1d4f137653e7906c5e2115,2025-03-03,535.4072209999999,31,14,16874.44419354839,5.592357967741936,0.45161290322580644,33.0,Fear
0xb899e522b5715391ae1d4f137653e7906c5e2115,2025-03-04,4578.655427,124,63,17691.147903225807,5.944224830645162,0.5080645161290323,15.0,Extreme Fear
0xb899e522b5715391ae1d4f137653e7906c5e2115,2025-03-05,2036.224492,100,38,17587.334199999998,5.06515125,0.38,20.0,Extreme Fear
0xb899e522b5715391ae1d4f137653e7906c5e2115,2025-03-06,5348.989502,375,228,13031.173493333332,2.6024913946666666,0.608,25.0,Fear
0xb899e522b5715391ae1d4f137653e7906c5e2115,2025-03-07,5348.62711,659,303,19006.84864946889,5.245727509863429,0.4597875569044006,34.0,Fear
0xb899e522b5715391ae1d4f137653e7906c5e2115,2025-03-09,10760.578324,630,384,13882.096698412699,3.2552716015873013,0.6095238095238096,27.0,Fear
0xb899e522b5715391ae1d4f137653e7906c5e2115,2025-03-10,9163.142483,358,120,21399.0256424581,5.047598673184357,0.33519553072625696,20.0,Extreme Fear
0xb899e522b5715391ae1d4f137653e7906c5e2115,2025-03-11,-57956.282957999996,466,89,15135.68212446352,3.371084356223176,0.19098712446351931,24.0,Extreme Fear
0xb899e522b5715391ae1d4f137653e7906c5e2115,2025-03-12,4544.583988,251,146,28258.839880478085,7.064709525896415,0.5816733067729084,34.0,Fear
0xb899e522b5715391ae1d4f137653e7906c5e2115,2025-03-13,3896.9493979999997,41,23,27309.887804878046,6.827471609756097,0.5609756097560976,45.0,Neutral
0xb899e522b5715391ae1d4f137653e7906c5e2115,2025-03-14,1188.74187,82,46,40522.281463414634,10.13056987804878,0.5609756097560976,27.0,Fear
0xb899e522b5715391ae1d4f137653e7906c5e2115,2025-03-15,594.5722,65,37,29067.860615384616,7.266964707692308,0.5692307692307692,46.0,Neutral
0xb899e522b5715391ae1d4f137653e7906c5e2115,2025-03-16,-16453.702941,246,52,37204.39219512195,9.301097532520325,0.21138211382113822,30.0,Fear
0xb899e522b5715391ae1d4f137653e7906c5e2115,2025-03-17,812.52566,51,37,31991.233333333337,7.997807941176471,0.7254901960784313,32.0,Fear
0xb899e522b5715391ae1d4f137653e7906c5e2115,2025-03-18,1157.213435,32,11,49549.2075,12.3873014375,0.34375,34.0,Fear
0xb899e522b5715391ae1d4f137653e7906c5e2115,2025-03-20,38.9845,2,1,2217.9049999999997,0.554476,0.5,49.0,Neutral
0xb899e522b5715391ae1d4f137653e7906c5e2115,2025-03-21,829.63013,28,14,55552.7575,13.888189107142859,0.5,31.0,Fear
0xb899e522b5715391ae1d4f137653e7906c5e2115,2025-03-23,907.21938,20,6,81858.2115,20.4645525,0.3,30.0,Fear
0xb899e522b5715391ae1d4f137653e7906c5e2115,2025-03-25,-836.051084,95,22,35299.146315789476,8.824786147368421,0.23157894736842105,46.0,Neutral
0xb899e522b5715391ae1d4f137653e7906c5e2115,2025-03-26,-774.039828,91,0,10956.067912087912,2.7390166483516483,0.0,47.0,Neutral
0xb899e522b5715391ae1d4f137653e7906c5e2115,2025-03-30,685.277142,48,24,27852.182083333333,8.3556543125,0.5,32.0,Fear
0xb899e522b5715391ae1d4f137653e7906c5e2115,2025-04-03,361.071464,24,7,28371.712916666667,8.5115135,0.2916666666666667,25.0,Fear
0xb899e522b5715391ae1d4f137653e7906c5e2115,2025-04-04,0.0,6,0,16948.606666666667,5.084581333333333,0.0,28.0,Fear
0xb899e522b5715391ae1d4f137653e7906c5e2115,2025-04-05,611.49348,5,5,20460.626,6.1381872,1.0,30.0,Fear
0xb899e522b5715391ae1d4f137653e7906c5e2115,2025-04-06,254.093244,25,17,19103.7724,5.73113124,0.68,34.0,Fear
0xb899e522b5715391ae1d4f137653e7906c5e2115,2025-04-07,1291.1500099999998,113,30,23639.45185840708,7.091834973451327,0.26548672566371684,23.0,Extreme Fear
0xb899e522b5715391ae1d4f137653e7906c5e2115,2025-04-08,936.6942779999999,187,77,27027.108770053474,8.108132155080213,0.4117647058823529,24.0,Extreme Fear
0xb899e522b5715391ae1d4f137653e7906c5e2115,2025-04-09,6800.812401,222,113,27989.12873873874,8.396737941441442,0.509009009009009,18.0,Extreme Fear
0xb899e522b5715391ae1d4f137653e7906c5e2115,2025-04-10,-117.61638999999997,116,64,27220.127586206894,7.941781431034483,0.5517241379310345,39.0,Fear
0xb899e522b5715391ae1d4f137653e7906c5e2115,2025-04-11,-482.407981,128,49,40357.236015625,12.1071702890625,0.3828125,25.0,Fear
0xb899e522b5715391ae1d4f137653e7906c5e2115,2025-04-12,50.56792,7,4,23303.475714285716,6.991042142857142,0.5714285714285714,43.0,Fear
0xb899e522b5715391ae1d4f137653e7906c5e2115,2025-04-13,1097.533742,20,3,10551.1865,2.6377964,0.15,45.0,Neutral
0xb899e522b5715391ae1d4f137653e7906c5e2115,2025-04-15,554.38798,28,20,35885.474642857145,10.765641678571429,0.7142857142857143,38.0,Fear
0xbaaaf6571ab7d571043ff1e313a9609a10637864,2024-12-28,-0.06076,4,0,86.5075,0.0290655,0.0,72.0,Greed
0xbaaaf6571ab7d571043ff1e313a9609a10637864,2025-02-19,31.42038,121,2,4940.588512396694,0.4744122561983471,0.01652892561983471,44.0,Fear
0xbaaaf6571ab7d571043ff1e313a9609a10637864,2025-02-20,35262.804627,185,185,3421.6945405405404,1.1496883621621623,1.0,49.0,Neutral
0xbaaaf6571ab7d571043ff1e313a9609a10637864,2025-02-24,22037.667762,4083,1824,1645.9218834190547,0.20669545138378645,0.446730345334313,49.0,Neutral
0xbaaaf6571ab7d571043ff1e313a9609a10637864,2025-02-25,5672.328492,3292,555,3167.5804404617256,0.34103746537059537,0.16859052247873632,25.0,Fear
0xbaaaf6571ab7d571043ff1e313a9609a10637864,2025-02-26,23589.520054,470,470,7136.707680851064,0.724764444680851,1.0,21.0,Extreme Fear
0xbaaaf6571ab7d571043ff1e313a9609a10637864,2025-03-04,0.0,563,0,6625.281438721137,0.5295335630550622,0.0,15.0,Extreme Fear
0xbaaaf6571ab7d571043ff1e313a9609a10637864,2025-03-05,229058.684298,983,898,4677.476866734486,1.0733203082400815,0.91353001017294,20.0,Extreme Fear
0xbaaaf6571ab7d571043ff1e313a9609a10637864,2025-03-06,0.0,71,0,9899.837042253523,0.0,0.0,25.0,Fear
0xbaaaf6571ab7d571043ff1e313a9609a10637864,2025-03-07,87405.926823,829,564,4768.31558504222,0.6781860747889024,0.6803377563329313,34.0,Fear
0xbaaaf6571ab7d571043ff1e313a9609a10637864,2025-03-09,10.184488,47,8,1697.1225531914893,0.1728727659574468,0.1702127659574468,27.0,Fear
0xbaaaf6571ab7d571043ff1e313a9609a10637864,2025-03-10,5832.316116,667,208,5033.190044977511,0.10307920539730134,0.3118440779610195,20.0,Extreme Fear
0xbaaaf6571ab7d571043ff1e313a9609a10637864,2025-03-11,1058.58,1651,77,2186.8561296184134,0.032955685039370075,0.04663840096910963,24.0,Extreme Fear
0xbaaaf6571ab7d571043ff1e313a9609a10637864,2025-03-12,289639.089112,2617,1708,3118.5291555215895,0.4690551211310661,0.6526557126480703,34.0,Fear
0xbaaaf6571ab7d571043ff1e313a9609a10637864,2025-03-13,66.447417,1,1,22791.99,0.0,1.0,45.0,Neutral
0xbaaaf6571ab7d571043ff1e313a9609a10637864,2025-03-14,16591.266757,1662,1478,2140.244061371841,0.001942376052948255,0.8892900120336944,27.0,Fear
0xbaaaf6571ab7d571043ff1e313a9609a10637864,2025-03-27,18422.612928,147,29,5352.478163265307,0.89184668707483,0.19727891156462585,40.0,Fear
0xbaaaf6571ab7d571043ff1e313a9609a10637864,2025-03-28,0.0,167,0,1783.29622754491,0.5602339461077844,0.0,44.0,Fear
0xbaaaf6571ab7d571043ff1e313a9609a10637864,2025-03-29,720.749699,600,246,2584.3467833333334,0.4200035733333333,0.41,26.0,Fear
0xbaaaf6571ab7d571043ff1e313a9609a10637864,2025-03-30,0.0,354,0,3000.0830508474573,0.7848393107344633,0.0,32.0,Fear
0xbaaaf6571ab7d571043ff1e313a9609a10637864,2025-03-31,0.0,33,0,8569.022424242425,0.8569018787878787,0.0,34.0,Fear
0xbaaaf6571ab7d571043ff1e313a9609a10637864,2025-04-02,188114.980392,743,743,3804.6953432032305,1.236474928667564,1.0,44.0,Fear
0xbaaaf6571ab7d571043ff1e313a9609a10637864,2025-04-03,3869.208803,937,476,4677.174855923159,0.68678175773746,0.5080042689434365,25.0,Fear
0xbaaaf6571ab7d571043ff1e313a9609a10637864,2025-04-04,9367.872074,318,216,2198.7353773584905,0.4082374213836478,0.6792452830188679,28.0,Fear
0xbaaaf6571ab7d571043ff1e313a9609a10637864,2025-04-06,1026.735896,499,172,2739.437655310621,0.3725111082164329,0.34468937875751504,34.0,Fear
0xbaaaf6571ab7d571043ff1e313a9609a10637864,2025-04-07,2378.877324,146,47,8733.045479452056,0.555294193280822,0.3219178082191781,23.0,Extreme Fear
0xbaaaf6571ab7d571043ff1e313a9609a10637864,2025-04-30,4.733218,1,1,10.14,0.003547,1.0,56.0,Greed
0xbaaaf6571ab7d571043ff1e313a9609a10637864,2025-05-01,1.86032,1,1,3.9,0.001364,1.0,53.0,Neutral
0xbd5fead7180a9c139fa51a103cb6a2ce86ddb5c3,2024-12-10,0.0,52,0,2798.660769230769,0.3493746346153846,0.0,78.0,Extreme Greed
0xbd5fead7180a9c139fa51a103cb6a2ce86ddb5c3,2024-12-11,0.0,17,0,637.4164705882353,0.06391505882352942,0.0,74.0,Greed
0xbd5fead7180a9c139fa51a103cb6a2ce86ddb5c3,2024-12-12,0.0,1,0,5158.5,0.51585,0.0,83.0,Extreme Greed
0xbd5fead7180a9c139fa51a103cb6a2ce86ddb5c3,2024-12-15,0.0,58,0,1122.5670689655171,0.11233477586206897,0.0,80.0,Extreme Greed
0xbd5fead7180a9c139fa51a103cb6a2ce86ddb5c3,2024-12-16,0.0,4,0,663.0799999999999,0.0663075,0.0,83.0,Extreme Greed
0xbd5fead7180a9c139fa51a103cb6a2ce86ddb5c3,2024-12-17,0.0,2,0,1744.65,0.17446450000000002,0.0,87.0,Extreme Greed
0xbd5fead7180a9c139fa51a103cb6a2ce86ddb5c3,2024-12-18,0.0,14,0,2207.8585714285714,0.22078535714285716,0.0,81.0,Extreme Greed
0xbd5fead7180a9c139fa51a103cb6a2ce86ddb5c3,2024-12-19,-128.0,37,0,6080.864864864865,0.6080863243243243,0.0,75.0,Extreme Greed
0xbd5fead7180a9c139fa51a103cb6a2ce86ddb5c3,2024-12-20,11799.68,66,41,2843.038636363636,0.3247538484848485,0.6212121212121212,74.0,Greed
0xbd5fead7180a9c139fa51a103cb6a2ce86ddb5c3,2024-12-23,0.0,16,0,3216.5875,0.4564988125,0.0,70.0,Greed
0xbd5fead7180a9c139fa51a103cb6a2ce86ddb5c3,2024-12-24,0.0,10,0,1070.0,0.10700000000000001,0.0,73.0,Greed
0xbd5fead7180a9c139fa51a103cb6a2ce86ddb5c3,2024-12-29,0.0,39,0,2453.2941025641026,0.749459,0.0,73.0,Greed
0xbd5fead7180a9c139fa51a103cb6a2ce86ddb5c3,2025-01-03,0.0,61,0,1834.7278688524589,0.18347277049180327,0.0,74.0,Greed
0xbd5fead7180a9c139fa51a103cb6a2ce86ddb5c3,2025-01-08,1023.27508,22,21,1200.6454545454546,0.16418545454545455,0.9545454545454546,70.0,Greed
0xbd5fead7180a9c139fa51a103cb6a2ce86ddb5c3,2025-01-14,0.0,8,0,1589.0237499999998,0.55615775,0.0,63.0,Greed
0xbd5fead7180a9c139fa51a103cb6a2ce86ddb5c3,2025-01-15,0.0,3,0,1128.8333333333333,0.217726,0.0,70.0,Greed
0xbd5fead7180a9c139fa51a103cb6a2ce86ddb5c3,2025-01-16,0.0,3,0,910.4933333333333,0.24275066666666667,0.0,75.0,Extreme Greed
0xbd5fead7180a9c139fa51a103cb6a2ce86ddb5c3,2025-01-17,0.0,3,0,1519.4399999999998,0.5318033333333333,0.0,75.0,Extreme Greed
0xbd5fead7180a9c139fa51a103cb6a2ce86ddb5c3,2025-01-18,-10750.654828,12,0,7729.219166666667,1.8510600000000001,0.0,77.0,Extreme Greed
0xbd5fead7180a9c139fa51a103cb6a2ce86ddb5c3,2025-01-19,-7963.5855,30,0,2508.4396666666667,0.7118231666666667,0.0,77.0,Extreme Greed
0xbd5fead7180a9c139fa51a103cb6a2ce86ddb5c3,2025-01-20,24895.400898,33,26,4336.907878787879,1.1550384545454546,0.7878787878787878,76.0,Extreme Greed
0xbd5fead7180a9c139fa51a103cb6a2ce86ddb5c3,2025-01-27,20428.824,23,23,2342.7495652173916,0.23427456521739132,1.0,71.0,Greed
0xbd5fead7180a9c139fa51a103cb6a2ce86ddb5c3,2025-01-31,0.0,61,0,1589.025081967213,0.1589019180327869,0.0,76.0,Extreme Greed
0xbd5fead7180a9c139fa51a103cb6a2ce86ddb5c3,2025-02-03,160022.95082600001,69,69,3243.988695652174,0.5492227391304347,1.0,44.0,Fear
0xbd5fead7180a9c139fa51a103cb6a2ce86ddb5c3,2025-02-04,0.0,18,0,3777.777777777778,0.37777777777777777,0.0,72.0,Greed
0xbd5fead7180a9c139fa51a103cb6a2ce86ddb5c3,2025-02-06,-24500.0,13,0,18423.076923076922,3.047543846153846,0.0,49.0,Neutral
0xbd5fead7180a9c139fa51a103cb6a2ce86ddb5c3,2025-02-09,0.0,3,0,625.8133333333334,0.06258033333333334,0.0,46.0,Neutral
0xbd5fead7180a9c139fa51a103cb6a2ce86ddb5c3,2025-02-10,0.0,22,0,591.3531818181818,0.10219563636363636,0.0,43.0,Fear
0xbd5fead7180a9c139fa51a103cb6a2ce86ddb5c3,2025-02-15,0.0,4,0,805.4399999999999,0.08054375,0.0,50.0,Neutral
0xbd5fead7180a9c139fa51a103cb6a2ce86ddb5c3,2025-02-21,0.0,33,0,4675.215454545454,1.055264484848485,0.0,55.0,Greed
0xbd5fead7180a9c139fa51a103cb6a2ce86ddb5c3,2025-02-22,15074.26913,138,36,7487.178405797102,2.008233579710145,0.2608695652173913,49.0,Neutral
0xbd5fead7180a9c139fa51a103cb6a2ce86ddb5c3,2025-02-23,0.0,73,0,2502.296301369863,0.25022930136986304,0.0,50.0,Neutral
0xbd5fead7180a9c139fa51a103cb6a2ce86ddb5c3,2025-02-24,0.0,28,0,1796.1407142857145,0.5679629282142857,0.0,49.0,Neutral
0xbd5fead7180a9c139fa51a103cb6a2ce86ddb5c3,2025-02-25,3859.44,28,17,2181.2564285714284,0.4746046428571429,0.6071428571428571,25.0,Fear
0xbd5fead7180a9c139fa51a103cb6a2ce86ddb5c3,2025-02-26,-871.1949999999999,42,1,3619.3485714285716,1.0528430238095239,0.023809523809523808,21.0,Extreme Fear
0xbd5fead7180a9c139fa51a103cb6a2ce86ddb5c3,2025-02-27,-48309.11776,90,1,8859.279777777778,2.026810088888889,0.011111111111111112,10.0,Extreme Fear
0xbd5fead7180a9c139fa51a103cb6a2ce86ddb5c3,2025-02-28,67673.757678,59,57,8249.914915254238,2.7003046101694914,0.9661016949152542,16.0,Extreme Fear
0xbd5fead7180a9c139fa51a103cb6a2ce86ddb5c3,2025-03-02,-2632.65866,84,0,12216.244880952381,4.275685369047619,0.0,26.0,Fear
0xbd5fead7180a9c139fa51a103cb6a2ce86ddb5c3,2025-03-03,57561.35367,136,112,8611.731764705883,2.2840672205882355,0.8235294117647058,33.0,Fear
0xbd5fead7180a9c139fa51a103cb6a2ce86ddb5c3,2025-03-04,0.0,2,0,86000.0,4.3,0.0,15.0,Extreme Fear
0xbd5fead7180a9c139fa51a103cb6a2ce86ddb5c3,2025-03-05,3677.4,8,8,22375.0,1.1187493750000002,1.0,20.0,Extreme Fear
0xbd5fead7180a9c139fa51a103cb6a2ce86ddb5c3,2025-03-06,0.0,16,0,2433.409375,0.3250721875,0.0,25.0,Fear
0xbd5fead7180a9c139fa51a103cb6a2ce86ddb5c3,2025-03-07,43861.966536,147,97,9958.719795918369,2.862402598639456,0.6598639455782312,34.0,Fear
0xbd5fead7180a9c139fa51a103cb6a2ce86ddb5c3,2025-03-08,5836.8743,36,36,1318.431388888889,0.1832456666666667,1.0,28.0,Fear
0xbd5fead7180a9c139fa51a103cb6a2ce86ddb5c3,2025-03-11,0.0,7,0,4591.028571428572,0.229551,0.0,24.0,Extreme Fear
0xbd5fead7180a9c139fa51a103cb6a2ce86ddb5c3,2025-03-12,-15387.62119,57,0,24693.342631578947,5.224318263157895,0.0,34.0,Fear
0xbd5fead7180a9c139fa51a103cb6a2ce86ddb5c3,2025-03-18,-120.432,27,0,17589.48851851852,3.897987592592593,0.0,34.0,Fear
0xbd5fead7180a9c139fa51a103cb6a2ce86ddb5c3,2025-03-19,0.0,26,0,4414.302692307692,0.5020491538461538,0.0,32.0,Fear
0xbd5fead7180a9c139fa51a103cb6a2ce86ddb5c3,2025-03-26,0.0,3,0,32793.78333333333,1.793219146666667,0.0,47.0,Neutral
0xbd5fead7180a9c139fa51a103cb6a2ce86ddb5c3,2025-03-27,0.0,21,0,24814.283809523808,2.4814280476190476,0.0,40.0,Fear
0xbd5fead7180a9c139fa51a103cb6a2ce86ddb5c3,2025-03-31,-8320.5,3,0,138666.66666666666,13.866666333333333,0.0,34.0,Fear
0xbd5fead7180a9c139fa51a103cb6a2ce86ddb5c3,2025-04-01,-9311.892185,28,0,5608.603928571429,1.2598856785714285,0.0,34.0,Fear
0xbd5fead7180a9c139fa51a103cb6a2ce86ddb5c3,2025-04-02,2676.6850000000004,66,62,2821.9739393939394,0.28219727272727274,0.9393939393939394,44.0,Fear
0xbd5fead7180a9c139fa51a103cb6a2ce86ddb5c3,2025-04-03,-5862.0887760000005,12,0,7051.005833333334,2.4678520833333333,0.0,25.0,Fear
0xbd5fead7180a9c139fa51a103cb6a2ce86ddb5c3,2025-04-04,-43753.361578,132,24,5448.201969696969,1.1264698787878789,0.18181818181818182,28.0,Fear
0xbd5fead7180a9c139fa51a103cb6a2ce86ddb5c3,2025-04-07,51942.142881,108,30,15608.295185185187,2.8943789166666667,0.2777777777777778,23.0,Extreme Fear
0xbd5fead7180a9c139fa51a103cb6a2ce86ddb5c3,2025-04-09,-36400.46439,71,0,5228.704647887324,1.830046084507042,0.0,18.0,Extreme Fear
0xbd5fead7180a9c139fa51a103cb6a2ce86ddb5c3,2025-04-10,19858.73334,130,130,2053.538692307692,0.10267654615384615,1.0,39.0,Fear
0xbd5fead7180a9c139fa51a103cb6a2ce86ddb5c3,2025-04-12,0.0,24,0,53073.62666666667,15.922087416666669,0.0,43.0,Fear
0xbd5fead7180a9c139fa51a103cb6a2ce86ddb5c3,2025-04-13,32724.19729,35,31,24908.65857142857,6.730355171428571,0.8857142857142857,45.0,Neutral
0xbd5fead7180a9c139fa51a103cb6a2ce86ddb5c3,2025-04-14,0.0,51,0,985.0413725490196,0.049251588235294116,0.0,31.0,Fear
0xbd5fead7180a9c139fa51a103cb6a2ce86ddb5c3,2025-04-15,18951.678454,27,27,23060.654814814818,2.2127510000000004,1.0,38.0,Fear
0xbd5fead7180a9c139fa51a103cb6a2ce86ddb5c3,2025-04-16,9556.6,15,15,17059.466,0.8529731333333335,1.0,29.0,Fear
0xbd5fead7180a9c139fa51a103cb6a2ce86ddb5c3,2025-04-17,0.0,11,0,1086.4290909090907,0.0543210909090909,0.0,30.0,Fear
0xbd5fead7180a9c139fa51a103cb6a2ce86ddb5c3,2025-04-19,0.0,13,0,8027.694615384616,0.40138399999999996,0.0,32.0,Fear
0xbd5fead7180a9c139fa51a103cb6a2ce86ddb5c3,2025-04-23,-2993.575225,34,0,1538.6438235294117,0.2803425588235294,0.0,72.0,Greed
0xbd5fead7180a9c139fa51a103cb6a2ce86ddb5c3,2025-05-01,-113601.02013799999,116,1,16681.46775862069,5.838513155172413,0.008620689655172414,53.0,Neutral
0xbee1707d6b44d4d52bfe19e41f8a828645437aab,2024-12-08,15206.395076,92,84,3401.4840217391306,0.2907310543478261,0.9130434782608695,79.0,Extreme Greed
0xbee1707d6b44d4d52bfe19e41f8a828645437aab,2024-12-09,2397.068675,143,9,3120.5087412587413,0.35063464727272725,0.06293706293706294,78.0,Extreme Greed
0xbee1707d6b44d4d52bfe19e41f8a828645437aab,2024-12-10,26600.990442,928,535,1859.9979202586208,0.12527600234913794,0.5765086206896551,78.0,Extreme Greed
0xbee1707d6b44d4d52bfe19e41f8a828645437aab,2024-12-11,24663.690943,530,519,1207.490075471698,0.05439852294339623,0.9792452830188679,74.0,Greed
0xbee1707d6b44d4d52bfe19e41f8a828645437aab,2024-12-12,130826.491662,1041,848,2596.416272814601,0.2825021064553314,0.8146013448607109,83.0,Extreme Greed
0xbee1707d6b44d4d52bfe19e41f8a828645437aab,2024-12-13,9405.233313,277,70,2702.6475451263536,0.06958860602888087,0.2527075812274368,76.0,Extreme Greed
0xbee1707d6b44d4d52bfe19e41f8a828645437aab,2024-12-14,1294.450646,70,4,6203.194285714286,0.12664168385714283,0.05714285714285714,83.0,Extreme Greed
0xbee1707d6b44d4d52bfe19e41f8a828645437aab,2024-12-15,1703.2571850000002,9,2,2227.3388888888894,0.06921098111111111,0.2222222222222222,80.0,Extreme Greed
0xbee1707d6b44d4d52bfe19e41f8a828645437aab,2024-12-16,126852.290809,245,116,4090.4684897959187,0.21637815089795917,0.47346938775510206,83.0,Extreme Greed
0xbee1707d6b44d4d52bfe19e41f8a828645437aab,2024-12-17,128648.384642,476,269,3056.9325000000003,0.36104460086134454,0.5651260504201681,87.0,Extreme Greed
0xbee1707d6b44d4d52bfe19e41f8a828645437aab,2024-12-18,2139.192941,342,92,2279.296023391813,0.08772899210526316,0.26900584795321636,81.0,Extreme Greed
0xbee1707d6b44d4d52bfe19e41f8a828645437aab,2024-12-19,27888.195088,2076,1470,2272.286083815029,0.21550486821290943,0.708092485549133,75.0,Extreme Greed
0xbee1707d6b44d4d52bfe19e41f8a828645437aab,2024-12-20,139628.47633,1259,672,2917.238474980143,0.1750973052660842,0.5337569499602859,74.0,Greed
0xbee1707d6b44d4d52bfe19e41f8a828645437aab,2024-12-21,103460.844587,805,558,3172.574695652174,0.2939337654409938,0.6931677018633541,73.0,Greed
0xbee1707d6b44d4d52bfe19e41f8a828645437aab,2024-12-22,19694.301887,108,81,5072.932685185185,0.13517829712962962,0.75,73.0,Greed
0xbee1707d6b44d4d52bfe19e41f8a828645437aab,2024-12-23,-76194.26162399999,1482,297,3278.057968960864,0.5352622642442645,0.20040485829959515,70.0,Greed
0xbee1707d6b44d4d52bfe19e41f8a828645437aab,2024-12-24,-5527.285214,81,4,3502.3662962962962,0.6151537020987654,0.04938271604938271,73.0,Greed
0xbee1707d6b44d4d52bfe19e41f8a828645437aab,2024-12-25,-1059.724367,35,0,5163.3108571428575,0.63718075,0.0,73.0,Greed
0xbee1707d6b44d4d52bfe19e41f8a828645437aab,2024-12-26,3103.720794,337,195,4189.758931750742,0.9389507410089021,0.5786350148367952,79.0,Extreme Greed
0xbee1707d6b44d4d52bfe19e41f8a828645437aab,2024-12-27,0.0,1,0,0.06,0.0,0.0,74.0,Greed
0xbee1707d6b44d4d52bfe19e41f8a828645437aab,2025-01-10,0.0,2,0,2999.81,0.01510945,0.0,50.0,Neutral
0xbee1707d6b44d4d52bfe19e41f8a828645437aab,2025-01-11,65.42769200000001,9,2,1165.4522222222222,0.03328376,0.2222222222222222,69.0,Greed
0xbee1707d6b44d4d52bfe19e41f8a828645437aab,2025-01-13,0.0,11,0,1488.3963636363637,0.0077056118181818185,0.0,61.0,Greed
0xbee1707d6b44d4d52bfe19e41f8a828645437aab,2025-01-14,5103.198502,67,42,1344.250895522388,0.19163449970149254,0.6268656716417911,63.0,Greed
0xbee1707d6b44d4d52bfe19e41f8a828645437aab,2025-01-15,66.63180299999999,8,3,908.50375,0.16691448,0.375,70.0,Greed
0xbee1707d6b44d4d52bfe19e41f8a828645437aab,2025-01-16,0.0,2,0,1587.855,0.00671398,0.0,75.0,Extreme Greed
0xbee1707d6b44d4d52bfe19e41f8a828645437aab,2025-01-17,77.26888,7,3,1463.1599999999999,0.17806426999999997,0.42857142857142855,75.0,Extreme Greed
0xbee1707d6b44d4d52bfe19e41f8a828645437aab,2025-01-18,0.0,13,0,2035.5961538461538,0.009318444615384615,0.0,77.0,Extreme Greed
0xbee1707d6b44d4d52bfe19e41f8a828645437aab,2025-01-19,512.9694489999999,29,24,983.9131034482758,0.15819875655172416,0.8275862068965517,77.0,Extreme Greed
0xbee1707d6b44d4d52bfe19e41f8a828645437aab,2025-01-20,-4968.452873,191,33,791.7238219895288,0.13734343492146597,0.17277486910994763,76.0,Extreme Greed
0xbee1707d6b44d4d52bfe19e41f8a828645437aab,2025-01-21,1343.189535,50,42,721.1088000000001,0.1689141076,0.84,76.0,Extreme Greed
0xbee1707d6b44d4d52bfe19e41f8a828645437aab,2025-01-22,554.298224,13,9,767.0084615384616,0.15273215,0.6923076923076923,84.0,Extreme Greed
0xbee1707d6b44d4d52bfe19e41f8a828645437aab,2025-01-23,-133.631755,16,1,989.034375,0.07859543437500001,0.0625,75.0,Extreme Greed
0xbee1707d6b44d4d52bfe19e41f8a828645437aab,2025-01-24,2109.118305,84,46,921.5711904761904,0.11613835785714285,0.5476190476190477,75.0,Extreme Greed
0xbee1707d6b44d4d52bfe19e41f8a828645437aab,2025-01-25,107.54725099999999,33,3,742.9863636363636,0.01580832424242424,0.09090909090909091,75.0,Extreme Greed
0xbee1707d6b44d4d52bfe19e41f8a828645437aab,2025-01-26,1012.208613,27,13,1029.6403703703704,0.06026291518518519,0.48148148148148145,73.0,Greed
0xbee1707d6b44d4d52bfe19e41f8a828645437aab,2025-01-27,-220.548198,56,1,1004.7960714285715,0.07350270482142858,0.017857142857142856,71.0,Greed
0xbee1707d6b44d4d52bfe19e41f8a828645437aab,2025-01-28,6959.984986,121,83,1173.1775206611571,0.2983048405785124,0.6859504132231405,72.0,Greed
0xbee1707d6b44d4d52bfe19e41f8a828645437aab,2025-01-29,1193.2639530000001,76,55,967.4096052631579,0.19284213302631578,0.7236842105263158,72.0,Greed
0xbee1707d6b44d4d52bfe19e41f8a828645437aab,2025-01-30,1072.220367,268,79,1278.6088059701492,0.35562426985074624,0.2947761194029851,70.0,Greed
0xbee1707d6b44d4d52bfe19e41f8a828645437aab,2025-01-31,3143.489896,249,154,1556.0202409638553,0.3426154607228916,0.6184738955823293,76.0,Extreme Greed
0xbee1707d6b44d4d52bfe19e41f8a828645437aab,2025-02-01,2954.521713,187,133,1204.9785026737968,0.21647604053475936,0.7112299465240641,68.0,Greed
0xbee1707d6b44d4d52bfe19e41f8a828645437aab,2025-02-02,-329.680689,131,38,1839.5793129770993,0.35323994061068703,0.2900763358778626,60.0,Greed
0xbee1707d6b44d4d52bfe19e41f8a828645437aab,2025-02-03,5803.573999,325,138,1758.0771384615382,0.3686668599384615,0.4246153846153846,44.0,Fear
0xbee1707d6b44d4d52bfe19e41f8a828645437aab,2025-02-04,806.765131,248,71,1351.8856048387097,0.3734466177822581,0.2862903225806452,72.0,Greed
0xbee1707d6b44d4d52bfe19e41f8a828645437aab,2025-02-05,713.82809,14,11,3668.815,0.8581934285714284,0.7857142857142857,54.0,Neutral
0xbee1707d6b44d4d52bfe19e41f8a828645437aab,2025-02-06,1212.452697,29,26,1363.3675862068965,0.32407099724137933,0.896551724137931,49.0,Neutral
0xbee1707d6b44d4d52bfe19e41f8a828645437aab,2025-02-07,2631.225181,125,50,2059.84464,0.15692588232,0.4,44.0,Fear
0xbee1707d6b44d4d52bfe19e41f8a828645437aab,2025-02-08,-189.463436,13,1,2671.7584615384617,0.8055224615384616,0.07692307692307693,44.0,Fear
0xbee1707d6b44d4d52bfe19e41f8a828645437aab,2025-02-09,204.72190899999998,56,21,1334.912142857143,0.18608848392857144,0.375,46.0,Neutral
0xbee1707d6b44d4d52bfe19e41f8a828645437aab,2025-02-10,3796.008199,140,91,1484.4517857142857,0.28363879021428573,0.65,43.0,Fear
0xbee1707d6b44d4d52bfe19e41f8a828645437aab,2025-02-11,1901.6318190000002,52,18,1947.8190384615384,0.1582261071153846,0.34615384615384615,47.0,Neutral
0xbee1707d6b44d4d52bfe19e41f8a828645437aab,2025-02-12,1747.1899090000002,71,45,1623.5340845070423,0.18697218830985915,0.6338028169014085,46.0,Neutral
0xbee1707d6b44d4d52bfe19e41f8a828645437aab,2025-02-13,5096.967096,156,79,1561.7910256410255,0.43136248756410256,0.5064102564102564,50.0,Neutral
0xbee1707d6b44d4d52bfe19e41f8a828645437aab,2025-02-14,-1818.156466,166,1,1363.292951807229,0.3940781204819277,0.006024096385542169,48.0,Neutral
0xbee1707d6b44d4d52bfe19e41f8a828645437aab,2025-02-15,3822.79759,130,54,1798.402076923077,0.2995695113846154,0.4153846153846154,50.0,Neutral
0xbee1707d6b44d4d52bfe19e41f8a828645437aab,2025-02-16,321.733978,54,38,1193.8803703703704,0.3708812944444444,0.7037037037037037,54.0,Neutral
0xbee1707d6b44d4d52bfe19e41f8a828645437aab,2025-02-17,111.69658399999999,151,48,1591.1465562913907,0.2922294168874172,0.31788079470198677,51.0,Neutral
0xbee1707d6b44d4d52bfe19e41f8a828645437aab,2025-02-18,3935.153067,512,250,1823.6225390625,0.2931025391601563,0.48828125,47.0,Neutral
0xbee1707d6b44d4d52bfe19e41f8a828645437aab,2025-02-19,5930.986467,406,230,1708.6227586206896,0.33869558357142854,0.5665024630541872,44.0,Fear
0xbee1707d6b44d4d52bfe19e41f8a828645437aab,2025-02-20,819.221222,162,62,1142.087962962963,0.3308077047530864,0.38271604938271603,49.0,Neutral
0xbee1707d6b44d4d52bfe19e41f8a828645437aab,2025-02-21,4483.141317,255,116,1669.3589019607844,0.388715121254902,0.4549019607843137,55.0,Greed
0xbee1707d6b44d4d52bfe19e41f8a828645437aab,2025-02-22,1391.928432,60,41,1097.3101666666666,0.36878566616666664,0.6833333333333333,49.0,Neutral
0xbee1707d6b44d4d52bfe19e41f8a828645437aab,2025-02-23,383.135241,45,25,2283.7915555555555,0.28285959000000005,0.5555555555555556,50.0,Neutral
0xbee1707d6b44d4d52bfe19e41f8a828645437aab,2025-02-24,-10373.274402000001,744,110,1398.9927284946236,0.37193895565860213,0.1478494623655914,49.0,Neutral
0xbee1707d6b44d4d52bfe19e41f8a828645437aab,2025-02-25,-23384.358492,1642,446,1441.9933982947625,0.34406682097442143,0.27161997563946405,25.0,Fear
0xbee1707d6b44d4d52bfe19e41f8a828645437aab,2025-02-26,2617.069579,394,160,1509.370609137056,0.37766158578680203,0.40609137055837563,21.0,Extreme Fear
0xbee1707d6b44d4d52bfe19e41f8a828645437aab,2025-02-27,2886.786952,703,215,1449.1966998577525,0.31658838166429587,0.3058321479374111,10.0,Extreme Fear
0xbee1707d6b44d4d52bfe19e41f8a828645437aab,2025-02-28,2642.770468,302,134,1355.6750662251654,0.32122510254966885,0.44370860927152317,16.0,Extreme Fear
0xbee1707d6b44d4d52bfe19e41f8a828645437aab,2025-03-01,446.358633,51,16,1384.9447058823528,0.27709790960784314,0.3137254901960784,20.0,Extreme Fear
0xbee1707d6b44d4d52bfe19e41f8a828645437aab,2025-03-02,2576.6453030000002,102,55,1921.2604901960785,0.2235228374509804,0.5392156862745098,26.0,Fear
0xbee1707d6b44d4d52bfe19e41f8a828645437aab,2025-03-03,2448.046511,73,48,1970.5965753424655,0.2901429684931507,0.6575342465753424,33.0,Fear
0xbee1707d6b44d4d52bfe19e41f8a828645437aab,2025-03-04,-4934.6700519999995,979,377,1496.3304392236976,0.35325997340143,0.38508682328907046,15.0,Extreme Fear
0xbee1707d6b44d4d52bfe19e41f8a828645437aab,2025-03-05,12814.770318,202,126,1811.146831683168,0.4254106792079208,0.6237623762376238,20.0,Extreme Fear
0xbee1707d6b44d4d52bfe19e41f8a828645437aab,2025-03-06,601.486585,88,37,1406.2047727272727,0.20390956738636365,0.42045454545454547,25.0,Fear
0xbee1707d6b44d4d52bfe19e41f8a828645437aab,2025-03-07,9142.064849,623,318,1885.9940930979135,0.49829766308186196,0.5104333868378812,34.0,Fear
0xbee1707d6b44d4d52bfe19e41f8a828645437aab,2025-03-08,2219.262399,134,52,1190.7070895522388,0.16280990582089552,0.3880597014925373,28.0,Fear
0xbee1707d6b44d4d52bfe19e41f8a828645437aab,2025-03-09,805.6551000000001,178,44,1607.242191011236,0.19768294511235954,0.24719101123595505,27.0,Fear
0xbee1707d6b44d4d52bfe19e41f8a828645437aab,2025-03-10,9791.668235,1428,727,1381.5543347338937,0.34314770105042014,0.5091036414565826,20.0,Extreme Fear
0xbee1707d6b44d4d52bfe19e41f8a828645437aab,2025-03-11,-136.41741799999994,333,115,1225.6175075075075,0.25856949102102106,0.34534534534534533,24.0,Extreme Fear
0xbee1707d6b44d4d52bfe19e41f8a828645437aab,2025-03-12,8096.937709,553,272,1791.739095840868,0.309458777522604,0.4918625678119349,34.0,Fear
0xbee1707d6b44d4d52bfe19e41f8a828645437aab,2025-03-13,5090.880874,690,392,1461.4744347826086,0.3502545927536232,0.5681159420289855,45.0,Neutral
0xbee1707d6b44d4d52bfe19e41f8a828645437aab,2025-03-14,-49.67229100000003,92,16,1729.6968478260867,0.43284975,0.17391304347826086,27.0,Fear
0xbee1707d6b44d4d52bfe19e41f8a828645437aab,2025-03-15,1764.258791,75,46,1705.1933333333334,0.3106227733333333,0.6133333333333333,46.0,Neutral
0xbee1707d6b44d4d52bfe19e41f8a828645437aab,2025-03-16,5.068941999999993,97,11,1426.0048453608247,0.3062311649484536,0.1134020618556701,30.0,Fear
0xbee1707d6b44d4d52bfe19e41f8a828645437aab,2025-03-17,390.08642000000003,241,89,1349.2339834024897,0.37197418672199173,0.36929460580912865,32.0,Fear
0xbee1707d6b44d4d52bfe19e41f8a828645437aab,2025-03-18,1930.871511,266,85,1325.5640225563911,0.32343014661654135,0.31954887218045114,34.0,Fear
0xbee1707d6b44d4d52bfe19e41f8a828645437aab,2025-03-19,5253.432742,879,429,1873.024300341297,0.3381002036405006,0.4880546075085324,32.0,Fear
0xbee1707d6b44d4d52bfe19e41f8a828645437aab,2025-03-20,-682.2653320000001,283,13,1533.3633215547704,0.399881777385159,0.045936395759717315,49.0,Neutral
0xbee1707d6b44d4d52bfe19e41f8a828645437aab,2025-03-21,4866.15672,550,279,1152.8391272727274,0.26285362332727275,0.5072727272727273,31.0,Fear
0xbee1707d6b44d4d52bfe19e41f8a828645437aab,2025-03-22,1637.832293,344,88,1502.8190988372094,0.42045189534883715,0.2558139534883721,32.0,Fear
0xbee1707d6b44d4d52bfe19e41f8a828645437aab,2025-03-23,882.848973,178,18,972.4924719101124,0.22285106758426967,0.10112359550561797,30.0,Fear
0xbee1707d6b44d4d52bfe19e41f8a828645437aab,2025-03-24,7122.965048,500,302,1389.18776,0.32045052473999996,0.604,45.0,Neutral
0xbee1707d6b44d4d52bfe19e41f8a828645437aab,2025-03-25,1256.867824,306,135,1210.40545751634,0.27584302235294117,0.4411764705882353,46.0,Neutral
0xbee1707d6b44d4d52bfe19e41f8a828645437aab,2025-03-26,-6062.660109,2551,586,1854.422602900823,0.4715561570325363,0.2297138377107017,47.0,Neutral
0xbee1707d6b44d4d52bfe19e41f8a828645437aab,2025-03-27,1743.483217,136,84,1246.1119852941176,0.29963199264705886,0.6176470588235294,40.0,Fear
0xbee1707d6b44d4d52bfe19e41f8a828645437aab,2025-03-28,1841.802102,246,82,1143.3873983739836,0.24065665276422765,0.3333333333333333,44.0,Fear
0xbee1707d6b44d4d52bfe19e41f8a828645437aab,2025-03-29,-3661.1103980000003,965,308,1381.2940414507773,0.3572944642072539,0.31917098445595854,26.0,Fear
0xbee1707d6b44d4d52bfe19e41f8a828645437aab,2025-03-30,536.150767,53,26,1635.4145283018868,0.3598870566037736,0.49056603773584906,32.0,Fear
0xbee1707d6b44d4d52bfe19e41f8a828645437aab,2025-03-31,41.27745400000002,81,56,809.165061728395,0.16975314814814815,0.691358024691358,34.0,Fear
0xbee1707d6b44d4d52bfe19e41f8a828645437aab,2025-04-01,147.445788,35,27,1226.783142857143,0.22575471428571428,0.7714285714285715,34.0,Fear
0xbee1707d6b44d4d52bfe19e41f8a828645437aab,2025-04-02,1842.839943,118,76,991.0424576271186,0.2271042372881356,0.6440677966101694,44.0,Fear
0xbee1707d6b44d4d52bfe19e41f8a828645437aab,2025-04-03,-3368.876326,261,0,1706.5415708812259,0.299222092605364,0.0,25.0,Fear
0xbee1707d6b44d4d52bfe19e41f8a828645437aab,2025-04-04,-4513.160132,326,52,1419.9448159509202,0.3403201012269939,0.15950920245398773,28.0,Fear
0xbee1707d6b44d4d52bfe19e41f8a828645437aab,2025-04-05,1113.761229,90,27,1116.7745555555557,0.3108352222222222,0.3,30.0,Fear
0xbee1707d6b44d4d52bfe19e41f8a828645437aab,2025-04-06,1828.77716,114,33,2081.839298245614,0.30226510526315786,0.2894736842105263,34.0,Fear
0xbee1707d6b44d4d52bfe19e41f8a828645437aab,2025-04-07,-9593.258137,386,20,1632.7632383419689,0.3911811165803109,0.05181347150259067,23.0,Extreme Fear
0xbee1707d6b44d4d52bfe19e41f8a828645437aab,2025-04-08,11735.32104,167,125,1521.912754491018,0.30465344311377246,0.7485029940119761,24.0,Extreme Fear
0xbee1707d6b44d4d52bfe19e41f8a828645437aab,2025-04-09,2503.69251,134,84,1143.0998507462687,0.2779596543283582,0.6268656716417911,18.0,Extreme Fear
0xbee1707d6b44d4d52bfe19e41f8a828645437aab,2025-04-10,35.58096,52,28,962.6380769230769,0.3082033255769231,0.5384615384615384,39.0,Fear
0xbee1707d6b44d4d52bfe19e41f8a828645437aab,2025-04-11,857.60294,123,29,1340.7579674796746,0.2651484860162601,0.23577235772357724,25.0,Fear
0xbee1707d6b44d4d52bfe19e41f8a828645437aab,2025-04-12,4358.599132,307,115,1530.1273615635178,0.3554506531921824,0.3745928338762215,43.0,Fear
0xbee1707d6b44d4d52bfe19e41f8a828645437aab,2025-04-13,2319.824156,346,109,1441.715028901734,0.36592395462427746,0.315028901734104,45.0,Neutral
0xbee1707d6b44d4d52bfe19e41f8a828645437aab,2025-04-14,6100.692122,380,191,1437.8765263157893,0.43289342868421055,0.5026315789473684,31.0,Fear
0xbee1707d6b44d4d52bfe19e41f8a828645437aab,2025-04-15,920.056063,40,25,2489.536,0.446338025,0.625,38.0,Fear
0xbee1707d6b44d4d52bfe19e41f8a828645437aab,2025-04-16,1958.056487,286,79,1250.2118181818182,0.33126654566433567,0.2762237762237762,29.0,Fear
0xbee1707d6b44d4d52bfe19e41f8a828645437aab,2025-04-17,3359.966896,588,247,1417.4413265306123,0.4487304659863946,0.4200680272108844,30.0,Fear
0xbee1707d6b44d4d52bfe19e41f8a828645437aab,2025-04-18,2945.701617,562,314,1507.8099822064057,0.403707421886121,0.5587188612099644,33.0,Fear
0xbee1707d6b44d4d52bfe19e41f8a828645437aab,2025-04-19,976.5105639999999,971,192,1419.0301441812564,0.3801334335736354,0.19773429454170957,32.0,Fear
0xbee1707d6b44d4d52bfe19e41f8a828645437aab,2025-04-20,807.262731,63,41,1074.8039682539682,0.23357011111111112,0.6507936507936508,37.0,Fear
0xbee1707d6b44d4d52bfe19e41f8a828645437aab,2025-04-21,711.68096,55,29,1553.0632727272728,0.3380620545454545,0.5272727272727272,39.0,Fear
0xbee1707d6b44d4d52bfe19e41f8a828645437aab,2025-04-22,1463.173211,427,208,1607.504824355972,0.31235228337236537,0.48711943793911006,47.0,Neutral
0xbee1707d6b44d4d52bfe19e41f8a828645437aab,2025-04-23,1700.638677,329,107,1806.9595136778116,0.4298113758966566,0.3252279635258359,72.0,Greed
0xbee1707d6b44d4d52bfe19e41f8a828645437aab,2025-04-24,-45.94597,2,0,3645.04,1.0935115000000002,0.0,63.0,Greed
0xbee1707d6b44d4d52bfe19e41f8a828645437aab,2025-04-25,1101.511718,154,65,1040.8414935064934,0.2150159935064935,0.42207792207792205,60.0,Greed
0xbee1707d6b44d4d52bfe19e41f8a828645437aab,2025-04-26,18.390524,29,2,1771.744827586207,0.06028167862068966,0.06896551724137931,65.0,Greed
0xbee1707d6b44d4d52bfe19e41f8a828645437aab,2025-04-27,1709.194807,82,32,2153.8593902439025,0.31268141463414634,0.3902439024390244,61.0,Greed
0xbee1707d6b44d4d52bfe19e41f8a828645437aab,2025-04-28,4008.588908,430,169,1495.5384186046513,0.371047070744186,0.3930232558139535,54.0,Neutral
0xbee1707d6b44d4d52bfe19e41f8a828645437aab,2025-04-29,8561.771838,902,398,1939.7399889135254,0.38683087028824836,0.44124168514412415,60.0,Greed
0xbee1707d6b44d4d52bfe19e41f8a828645437aab,2025-04-30,2520.773814,75,39,1748.8053333333332,0.2708697949333333,0.52,56.0,Greed
0xbee1707d6b44d4d52bfe19e41f8a828645437aab,2025-05-01,1364.022527,131,43,2448.466488549618,0.4572525572519084,0.3282442748091603,53.0,Neutral
